strategy,signal_date,entry_date,exit_date,hold_days,rebalance_step,selected_count,symbol,name,industry,is_bs_candidate,sort_col,rank_score,score,score_liq_breakout_adj,s_breakout,s_liquidity,bs_score_v2,bs_consensus_score,bs_model_rank_score,bs_model_prob,bs_model_expected_mdd,pool_type,bs_gate_label,entry_open,exit_close,gross_ret
baseline_full_score,2026-02-13,2026-02-24,2026-03-09,10,10,5,603533,掌阅科技,,0,score,81.25,81.25,81.25,99.86,24.26,67.17,,,,,,,35.83,27.42,-0.23471950879151537
baseline_full_score,2026-02-13,2026-02-24,2026-03-09,10,10,5,688702,盛科通信-U,,0,score,79.72,79.72,79.72,99.86,26.53,64.78,,,,,,,190.0,192.03,0.010684210526315852
baseline_full_score,2026-02-13,2026-02-24,2026-03-09,10,10,5,600862,中航高科,,1,score,79.71,79.71,79.71,98.57,26.79,72.05,,,,,TRADE,,27.01,26.11,-0.033320992225101875
baseline_full_score,2026-02-13,2026-02-24,2026-03-09,10,10,5,688510,航亚科技,,0,score,79.61,79.61,79.61,99.67,24.07,73.05,,,,,,,43.74,39.59,-0.09487882944673065
baseline_full_score,2026-02-13,2026-02-24,2026-03-09,10,10,5,300739,明阳电路,,0,score,79.56,79.56,79.56,99.23,22.7,70.82,,,,,,,22.96,29.94,0.3040069686411151
baseline_b_score_v2,2026-02-13,2026-02-24,2026-03-09,10,10,5,000738,航发控制,,1,bs_score_v2,73.78,78.8,78.8,99.08,28.64,73.78,,,,,TRADE,,29.65,25.74,-0.13187183811129854
baseline_b_score_v2,2026-02-13,2026-02-24,2026-03-09,10,10,5,600862,中航高科,,1,bs_score_v2,72.05,79.71,79.71,98.57,26.79,72.05,,,,,TRADE,,27.01,26.11,-0.033320992225101875
baseline_b_score_v2,2026-02-13,2026-02-24,2026-03-09,10,10,5,002008,大族激光,,1,bs_score_v2,70.87,76.85,76.85,98.77,28.53,70.87,,,,,TRADE,,54.73,67.77,0.23826055179974426
baseline_b_score_v2,2026-02-13,2026-02-24,2026-03-09,10,10,5,002837,英维克,,1,bs_score_v2,68.45,74.88,74.88,98.81,29.77,68.45,,,,,WATCH,,112.01,97.0,-0.13400589233104188
baseline_b_score_v2,2026-02-13,2026-02-24,2026-03-09,10,10,5,688017,绿的谐波,,1,bs_score_v2,67.07,68.82,68.82,49.09,28.78,67.07,,,,,WATCH,,242.42,208.34,-0.14058246019305332
baseline_full_liquidity,2026-02-13,2026-02-24,2026-03-09,10,10,5,300308,中际旭创,,0,s_liquidity,30.0,25.66,25.66,49.09,30.0,34.08,,,,,,,542.6409,526.612,-0.02953868755561928
baseline_full_liquidity,2026-02-13,2026-02-24,2026-03-09,10,10,5,601899,紫金矿业,,0,s_liquidity,29.99,44.82,44.82000000000001,49.09,29.99,54.01,,,,,,,39.49,36.4,-0.07824765763484431
baseline_full_liquidity,2026-02-13,2026-02-24,2026-03-09,10,10,5,300502,新易盛,,0,s_liquidity,29.99,24.93,24.93,49.09,29.99,35.35,,,,,,,368.0,384.0,0.04347826086956519
baseline_full_liquidity,2026-02-13,2026-02-24,2026-03-09,10,10,5,300750,宁德时代,,0,s_liquidity,29.98,54.83,54.83,49.09,29.98,52.9,,,,,,,378.4837,363.1063,-0.0406289623568995
baseline_full_liquidity,2026-02-13,2026-02-24,2026-03-09,10,10,5,300058,蓝色光标,,0,s_liquidity,29.98,35.74,35.74,49.09,29.98,42.92,,,,,,,19.39,16.77,-0.13512119649303767
baseline_full_liq_breakout_adj,2026-02-13,2026-02-24,2026-03-09,10,10,5,603533,掌阅科技,,0,score_liq_breakout_adj,81.25,81.25,81.25,99.86,24.26,67.17,,,,,,,35.83,27.42,-0.23471950879151537
baseline_full_liq_breakout_adj,2026-02-13,2026-02-24,2026-03-09,10,10,5,688702,盛科通信-U,,0,score_liq_breakout_adj,79.72,79.72,79.72,99.86,26.53,64.78,,,,,,,190.0,192.03,0.010684210526315852
baseline_full_liq_breakout_adj,2026-02-13,2026-02-24,2026-03-09,10,10,5,600862,中航高科,,1,score_liq_breakout_adj,79.71,79.71,79.71,98.57,26.79,72.05,,,,,TRADE,,27.01,26.11,-0.033320992225101875
baseline_full_liq_breakout_adj,2026-02-13,2026-02-24,2026-03-09,10,10,5,688510,航亚科技,,0,score_liq_breakout_adj,79.61,79.61,79.61,99.67,24.07,73.05,,,,,,,43.74,39.59,-0.09487882944673065
baseline_full_liq_breakout_adj,2026-02-13,2026-02-24,2026-03-09,10,10,5,300739,明阳电路,,0,score_liq_breakout_adj,79.56,79.56,79.56,99.23,22.7,70.82,,,,,,,22.96,29.94,0.3040069686411151
liq_top_10_then_score,2026-02-13,2026-02-24,2026-03-09,10,10,5,000738,航发控制,,1,score,78.8,78.8,78.8,99.08,28.64,73.78,,,,,TRADE,,29.65,25.74,-0.13187183811129854
liq_top_10_then_score,2026-02-13,2026-02-24,2026-03-09,10,10,5,002498,汉缆股份,,0,score,77.01,77.01,77.01,99.34,28.08,63.41,,,,,,,7.1,9.96,0.40281690140845083
liq_top_10_then_score,2026-02-13,2026-02-24,2026-03-09,10,10,5,002008,大族激光,,1,score,76.85,76.85,76.85,98.77,28.53,70.87,,,,,TRADE,,54.73,67.77,0.23826055179974426
liq_top_10_then_score,2026-02-13,2026-02-24,2026-03-09,10,10,5,002378,章源钨业,,0,score,76.12,76.12,76.12,98.24,28.89,70.17,,,,,,,31.92,44.91,0.40695488721804485
liq_top_20_then_score,2026-02-13,2026-02-24,2026-03-09,10,10,5,603533,掌阅科技,,0,score,81.25,81.25,81.25,99.86,24.26,67.17,,,,,,,35.83,27.42,-0.23471950879151537
liq_top_20_then_score,2026-02-13,2026-02-24,2026-03-09,10,10,5,688702,盛科通信-U,,0,score,79.72,79.72,79.72,99.86,26.53,64.78,,,,,,,190.0,192.03,0.010684210526315852
liq_top_20_then_score,2026-02-13,2026-02-24,2026-03-09,10,10,5,600862,中航高科,,1,score,79.71,79.71,79.71,98.57,26.79,72.05,,,,,TRADE,,27.01,26.11,-0.033320992225101875
liq_top_20_then_score,2026-02-13,2026-02-24,2026-03-09,10,10,5,688510,航亚科技,,0,score,79.61,79.61,79.61,99.67,24.07,73.05,,,,,,,43.74,39.59,-0.09487882944673065
liq_top_20_then_score,2026-02-13,2026-02-24,2026-03-09,10,10,5,000738,航发控制,,1,score,78.8,78.8,78.8,99.08,28.64,73.78,,,,,TRADE,,29.65,25.74,-0.13187183811129854
liq_top_30_then_score,2026-02-13,2026-02-24,2026-03-09,10,10,5,603533,掌阅科技,,0,score,81.25,81.25,81.25,99.86,24.26,67.17,,,,,,,35.83,27.42,-0.23471950879151537
liq_top_30_then_score,2026-02-13,2026-02-24,2026-03-09,10,10,5,688702,盛科通信-U,,0,score,79.72,79.72,79.72,99.86,26.53,64.78,,,,,,,190.0,192.03,0.010684210526315852
liq_top_30_then_score,2026-02-13,2026-02-24,2026-03-09,10,10,5,600862,中航高科,,1,score,79.71,79.71,79.71,98.57,26.79,72.05,,,,,TRADE,,27.01,26.11,-0.033320992225101875
liq_top_30_then_score,2026-02-13,2026-02-24,2026-03-09,10,10,5,688510,航亚科技,,0,score,79.61,79.61,79.61,99.67,24.07,73.05,,,,,,,43.74,39.59,-0.09487882944673065
liq_top_30_then_score,2026-02-13,2026-02-24,2026-03-09,10,10,5,300739,明阳电路,,0,score,79.56,79.56,79.56,99.23,22.7,70.82,,,,,,,22.96,29.94,0.3040069686411151
liq_top_10_then_liq_breakout_adj,2026-02-13,2026-02-24,2026-03-09,10,10,5,000738,航发控制,,1,score_liq_breakout_adj,78.8,78.8,78.8,99.08,28.64,73.78,,,,,TRADE,,29.65,25.74,-0.13187183811129854
liq_top_10_then_liq_breakout_adj,2026-02-13,2026-02-24,2026-03-09,10,10,5,002498,汉缆股份,,0,score_liq_breakout_adj,77.01,77.01,77.01,99.34,28.08,63.41,,,,,,,7.1,9.96,0.40281690140845083
liq_top_10_then_liq_breakout_adj,2026-02-13,2026-02-24,2026-03-09,10,10,5,002008,大族激光,,1,score_liq_breakout_adj,76.85,76.85,76.85,98.77,28.53,70.87,,,,,TRADE,,54.73,67.77,0.23826055179974426
liq_top_10_then_liq_breakout_adj,2026-02-13,2026-02-24,2026-03-09,10,10,5,002378,章源钨业,,0,score_liq_breakout_adj,76.12,76.12,76.12,98.24,28.89,70.17,,,,,,,31.92,44.91,0.40695488721804485
liq_top_20_then_liq_breakout_adj,2026-02-13,2026-02-24,2026-03-09,10,10,5,603533,掌阅科技,,0,score_liq_breakout_adj,81.25,81.25,81.25,99.86,24.26,67.17,,,,,,,35.83,27.42,-0.23471950879151537
liq_top_20_then_liq_breakout_adj,2026-02-13,2026-02-24,2026-03-09,10,10,5,688702,盛科通信-U,,0,score_liq_breakout_adj,79.72,79.72,79.72,99.86,26.53,64.78,,,,,,,190.0,192.03,0.010684210526315852
liq_top_20_then_liq_breakout_adj,2026-02-13,2026-02-24,2026-03-09,10,10,5,600862,中航高科,,1,score_liq_breakout_adj,79.71,79.71,79.71,98.57,26.79,72.05,,,,,TRADE,,27.01,26.11,-0.033320992225101875
liq_top_20_then_liq_breakout_adj,2026-02-13,2026-02-24,2026-03-09,10,10,5,688510,航亚科技,,0,score_liq_breakout_adj,79.61,79.61,79.61,99.67,24.07,73.05,,,,,,,43.74,39.59,-0.09487882944673065
liq_top_20_then_liq_breakout_adj,2026-02-13,2026-02-24,2026-03-09,10,10,5,000738,航发控制,,1,score_liq_breakout_adj,78.8,78.8,78.8,99.08,28.64,73.78,,,,,TRADE,,29.65,25.74,-0.13187183811129854
liq_top_30_then_liq_breakout_adj,2026-02-13,2026-02-24,2026-03-09,10,10,5,603533,掌阅科技,,0,score_liq_breakout_adj,81.25,81.25,81.25,99.86,24.26,67.17,,,,,,,35.83,27.42,-0.23471950879151537
liq_top_30_then_liq_breakout_adj,2026-02-13,2026-02-24,2026-03-09,10,10,5,688702,盛科通信-U,,0,score_liq_breakout_adj,79.72,79.72,79.72,99.86,26.53,64.78,,,,,,,190.0,192.03,0.010684210526315852
liq_top_30_then_liq_breakout_adj,2026-02-13,2026-02-24,2026-03-09,10,10,5,600862,中航高科,,1,score_liq_breakout_adj,79.71,79.71,79.71,98.57,26.79,72.05,,,,,TRADE,,27.01,26.11,-0.033320992225101875
liq_top_30_then_liq_breakout_adj,2026-02-13,2026-02-24,2026-03-09,10,10,5,688510,航亚科技,,0,score_liq_breakout_adj,79.61,79.61,79.61,99.67,24.07,73.05,,,,,,,43.74,39.59,-0.09487882944673065
liq_top_30_then_liq_breakout_adj,2026-02-13,2026-02-24,2026-03-09,10,10,5,300739,明阳电路,,0,score_liq_breakout_adj,79.56,79.56,79.56,99.23,22.7,70.82,,,,,,,22.96,29.94,0.3040069686411151
liq_top_20_then_bs_v2,2026-02-13,2026-02-24,2026-03-09,10,10,5,000738,航发控制,,1,bs_score_v2,73.78,78.8,78.8,99.08,28.64,73.78,,,,,TRADE,,29.65,25.74,-0.13187183811129854
liq_top_20_then_bs_v2,2026-02-13,2026-02-24,2026-03-09,10,10,5,688510,航亚科技,,0,bs_score_v2,73.05,79.61,79.61,99.67,24.07,73.05,,,,,,,43.74,39.59,-0.09487882944673065
liq_top_20_then_bs_v2,2026-02-13,2026-02-24,2026-03-09,10,10,5,600862,中航高科,,1,bs_score_v2,72.05,79.71,79.71,98.57,26.79,72.05,,,,,TRADE,,27.01,26.11,-0.033320992225101875
liq_top_20_then_bs_v2,2026-02-13,2026-02-24,2026-03-09,10,10,5,002008,大族激光,,1,bs_score_v2,70.87,76.85,76.85,98.77,28.53,70.87,,,,,TRADE,,54.73,67.77,0.23826055179974426
tiered_liquidity_then_score,2026-02-13,2026-02-24,2026-03-09,10,10,5,600862,中航高科,,1,score,79.71,79.71,79.71,98.57,26.79,72.05,,,,,TRADE,,27.01,26.11,-0.033320992225101875
tiered_liquidity_then_score,2026-02-13,2026-02-24,2026-03-09,10,10,5,000738,航发控制,,1,score,78.8,78.8,78.8,99.08,28.64,73.78,,,,,TRADE,,29.65,25.74,-0.13187183811129854
tiered_liquidity_then_score,2026-02-13,2026-02-24,2026-03-09,10,10,5,002498,汉缆股份,,0,score,77.01,77.01,77.01,99.34,28.08,63.41,,,,,,,7.1,9.96,0.40281690140845083
tiered_liquidity_then_score,2026-02-13,2026-02-24,2026-03-09,10,10,5,002008,大族激光,,1,score,76.85,76.85,76.85,98.77,28.53,70.87,,,,,TRADE,,54.73,67.77,0.23826055179974426
tiered_liquidity_then_liq_breakout_adj,2026-02-13,2026-02-24,2026-03-09,10,10,5,600862,中航高科,,1,score_liq_breakout_adj,79.71,79.71,79.71,98.57,26.79,72.05,,,,,TRADE,,27.01,26.11,-0.033320992225101875
tiered_liquidity_then_liq_breakout_adj,2026-02-13,2026-02-24,2026-03-09,10,10,5,000738,航发控制,,1,score_liq_breakout_adj,78.8,78.8,78.8,99.08,28.64,73.78,,,,,TRADE,,29.65,25.74,-0.13187183811129854
tiered_liquidity_then_liq_breakout_adj,2026-02-13,2026-02-24,2026-03-09,10,10,5,002498,汉缆股份,,0,score_liq_breakout_adj,77.01,77.01,77.01,99.34,28.08,63.41,,,,,,,7.1,9.96,0.40281690140845083
tiered_liquidity_then_liq_breakout_adj,2026-02-13,2026-02-24,2026-03-09,10,10,5,002008,大族激光,,1,score_liq_breakout_adj,76.85,76.85,76.85,98.77,28.53,70.87,,,,,TRADE,,54.73,67.77,0.23826055179974426
tiered_liquidity_then_bs_v2,2026-02-13,2026-02-24,2026-03-09,10,10,5,000738,航发控制,,1,bs_score_v2,73.78,78.8,78.8,99.08,28.64,73.78,,,,,TRADE,,29.65,25.74,-0.13187183811129854
tiered_liquidity_then_bs_v2,2026-02-13,2026-02-24,2026-03-09,10,10,5,600862,中航高科,,1,bs_score_v2,72.05,79.71,79.71,98.57,26.79,72.05,,,,,TRADE,,27.01,26.11,-0.033320992225101875
tiered_liquidity_then_bs_v2,2026-02-13,2026-02-24,2026-03-09,10,10,5,002008,大族激光,,1,bs_score_v2,70.87,76.85,76.85,98.77,28.53,70.87,,,,,TRADE,,54.73,67.77,0.23826055179974426
tiered_liquidity_then_bs_v2,2026-02-13,2026-02-24,2026-03-09,10,10,5,002378,章源钨业,,0,bs_score_v2,70.17,76.12,76.12,98.24,28.89,70.17,,,,,,,31.92,44.91,0.40695488721804485
liq20_score_b_bonus_0pct,2026-02-13,2026-02-24,2026-03-09,10,10,5,603533,掌阅科技,,0,score,81.25,81.25,81.25,99.86,24.26,67.17,,,,,,,35.83,27.42,-0.23471950879151537
liq20_score_b_bonus_0pct,2026-02-13,2026-02-24,2026-03-09,10,10,5,688702,盛科通信-U,,0,score,79.72,79.72,79.72,99.86,26.53,64.78,,,,,,,190.0,192.03,0.010684210526315852
liq20_score_b_bonus_0pct,2026-02-13,2026-02-24,2026-03-09,10,10,5,600862,中航高科,,1,score,79.71,79.71,79.71,98.57,26.79,72.05,,,,,TRADE,,27.01,26.11,-0.033320992225101875
liq20_score_b_bonus_0pct,2026-02-13,2026-02-24,2026-03-09,10,10,5,688510,航亚科技,,0,score,79.61,79.61,79.61,99.67,24.07,73.05,,,,,,,43.74,39.59,-0.09487882944673065
liq20_score_b_bonus_0pct,2026-02-13,2026-02-24,2026-03-09,10,10,5,000738,航发控制,,1,score,78.8,78.8,78.8,99.08,28.64,73.78,,,,,TRADE,,29.65,25.74,-0.13187183811129854
liq20_score_b_bonus_3pct,2026-02-13,2026-02-24,2026-03-09,10,10,5,600862,中航高科,,1,score,82.1013,79.71,79.71,98.57,26.79,72.05,,,,,TRADE,,27.01,26.11,-0.033320992225101875
liq20_score_b_bonus_3pct,2026-02-13,2026-02-24,2026-03-09,10,10,5,603533,掌阅科技,,0,score,81.25,81.25,81.25,99.86,24.26,67.17,,,,,,,35.83,27.42,-0.23471950879151537
liq20_score_b_bonus_3pct,2026-02-13,2026-02-24,2026-03-09,10,10,5,000738,航发控制,,1,score,81.164,78.8,78.8,99.08,28.64,73.78,,,,,TRADE,,29.65,25.74,-0.13187183811129854
liq20_score_b_bonus_3pct,2026-02-13,2026-02-24,2026-03-09,10,10,5,688702,盛科通信-U,,0,score,79.72,79.72,79.72,99.86,26.53,64.78,,,,,,,190.0,192.03,0.010684210526315852
liq20_score_b_bonus_3pct,2026-02-13,2026-02-24,2026-03-09,10,10,5,688510,航亚科技,,0,score,79.61,79.61,79.61,99.67,24.07,73.05,,,,,,,43.74,39.59,-0.09487882944673065
liq20_score_b_bonus_5pct,2026-02-13,2026-02-24,2026-03-09,10,10,5,600862,中航高科,,1,score,83.6955,79.71,79.71,98.57,26.79,72.05,,,,,TRADE,,27.01,26.11,-0.033320992225101875
liq20_score_b_bonus_5pct,2026-02-13,2026-02-24,2026-03-09,10,10,5,000738,航发控制,,1,score,82.74,78.8,78.8,99.08,28.64,73.78,,,,,TRADE,,29.65,25.74,-0.13187183811129854
liq20_score_b_bonus_5pct,2026-02-13,2026-02-24,2026-03-09,10,10,5,603533,掌阅科技,,0,score,81.25,81.25,81.25,99.86,24.26,67.17,,,,,,,35.83,27.42,-0.23471950879151537
liq20_score_b_bonus_5pct,2026-02-13,2026-02-24,2026-03-09,10,10,5,002008,大族激光,,1,score,80.6925,76.85,76.85,98.77,28.53,70.87,,,,,TRADE,,54.73,67.77,0.23826055179974426
liq20_score_b_bonus_5pct,2026-02-13,2026-02-24,2026-03-09,10,10,5,688702,盛科通信-U,,0,score,79.72,79.72,79.72,99.86,26.53,64.78,,,,,,,190.0,192.03,0.010684210526315852
liq20_score_b_bonus_8pct,2026-02-13,2026-02-24,2026-03-09,10,10,5,600862,中航高科,,1,score,86.0868,79.71,79.71,98.57,26.79,72.05,,,,,TRADE,,27.01,26.11,-0.033320992225101875
liq20_score_b_bonus_8pct,2026-02-13,2026-02-24,2026-03-09,10,10,5,000738,航发控制,,1,score,85.104,78.8,78.8,99.08,28.64,73.78,,,,,TRADE,,29.65,25.74,-0.13187183811129854
liq20_score_b_bonus_8pct,2026-02-13,2026-02-24,2026-03-09,10,10,5,002008,大族激光,,1,score,82.998,76.85,76.85,98.77,28.53,70.87,,,,,TRADE,,54.73,67.77,0.23826055179974426
liq20_score_b_bonus_8pct,2026-02-13,2026-02-24,2026-03-09,10,10,5,603533,掌阅科技,,0,score,81.25,81.25,81.25,99.86,24.26,67.17,,,,,,,35.83,27.42,-0.23471950879151537
liq20_score_b_bonus_8pct,2026-02-13,2026-02-24,2026-03-09,10,10,5,002837,英维克,,1,score,80.8704,74.88,74.88,98.81,29.77,68.45,,,,,WATCH,,112.01,97.0,-0.13400589233104188
liq20_bs_score_v2_b_bonus_0pct,2026-02-13,2026-02-24,2026-03-09,10,10,5,000738,航发控制,,1,bs_score_v2,73.78,78.8,78.8,99.08,28.64,73.78,,,,,TRADE,,29.65,25.74,-0.13187183811129854
liq20_bs_score_v2_b_bonus_0pct,2026-02-13,2026-02-24,2026-03-09,10,10,5,688510,航亚科技,,0,bs_score_v2,73.05,79.61,79.61,99.67,24.07,73.05,,,,,,,43.74,39.59,-0.09487882944673065
liq20_bs_score_v2_b_bonus_0pct,2026-02-13,2026-02-24,2026-03-09,10,10,5,600862,中航高科,,1,bs_score_v2,72.05,79.71,79.71,98.57,26.79,72.05,,,,,TRADE,,27.01,26.11,-0.033320992225101875
liq20_bs_score_v2_b_bonus_0pct,2026-02-13,2026-02-24,2026-03-09,10,10,5,002008,大族激光,,1,bs_score_v2,70.87,76.85,76.85,98.77,28.53,70.87,,,,,TRADE,,54.73,67.77,0.23826055179974426
liq20_bs_score_v2_b_bonus_3pct,2026-02-13,2026-02-24,2026-03-09,10,10,5,000738,航发控制,,1,bs_score_v2,75.99340000000001,78.8,78.8,99.08,28.64,73.78,,,,,TRADE,,29.65,25.74,-0.13187183811129854
liq20_bs_score_v2_b_bonus_3pct,2026-02-13,2026-02-24,2026-03-09,10,10,5,600862,中航高科,,1,bs_score_v2,74.2115,79.71,79.71,98.57,26.79,72.05,,,,,TRADE,,27.01,26.11,-0.033320992225101875
liq20_bs_score_v2_b_bonus_3pct,2026-02-13,2026-02-24,2026-03-09,10,10,5,688510,航亚科技,,0,bs_score_v2,73.05,79.61,79.61,99.67,24.07,73.05,,,,,,,43.74,39.59,-0.09487882944673065
liq20_bs_score_v2_b_bonus_3pct,2026-02-13,2026-02-24,2026-03-09,10,10,5,002008,大族激光,,1,bs_score_v2,72.99610000000001,76.85,76.85,98.77,28.53,70.87,,,,,TRADE,,54.73,67.77,0.23826055179974426
liq20_bs_score_v2_b_bonus_5pct,2026-02-13,2026-02-24,2026-03-09,10,10,5,000738,航发控制,,1,bs_score_v2,77.46900000000001,78.8,78.8,99.08,28.64,73.78,,,,,TRADE,,29.65,25.74,-0.13187183811129854
liq20_bs_score_v2_b_bonus_5pct,2026-02-13,2026-02-24,2026-03-09,10,10,5,600862,中航高科,,1,bs_score_v2,75.6525,79.71,79.71,98.57,26.79,72.05,,,,,TRADE,,27.01,26.11,-0.033320992225101875
liq20_bs_score_v2_b_bonus_5pct,2026-02-13,2026-02-24,2026-03-09,10,10,5,002008,大族激光,,1,bs_score_v2,74.41350000000001,76.85,76.85,98.77,28.53,70.87,,,,,TRADE,,54.73,67.77,0.23826055179974426
liq20_bs_score_v2_b_bonus_5pct,2026-02-13,2026-02-24,2026-03-09,10,10,5,688510,航亚科技,,0,bs_score_v2,73.05,79.61,79.61,99.67,24.07,73.05,,,,,,,43.74,39.59,-0.09487882944673065
liq20_bs_score_v2_b_bonus_5pct,2026-02-13,2026-02-24,2026-03-09,10,10,5,002837,英维克,,1,bs_score_v2,71.8725,74.88,74.88,98.81,29.77,68.45,,,,,WATCH,,112.01,97.0,-0.13400589233104188
liq20_bs_score_v2_b_bonus_8pct,2026-02-13,2026-02-24,2026-03-09,10,10,5,000738,航发控制,,1,bs_score_v2,79.6824,78.8,78.8,99.08,28.64,73.78,,,,,TRADE,,29.65,25.74,-0.13187183811129854
liq20_bs_score_v2_b_bonus_8pct,2026-02-13,2026-02-24,2026-03-09,10,10,5,600862,中航高科,,1,bs_score_v2,77.81400000000001,79.71,79.71,98.57,26.79,72.05,,,,,TRADE,,27.01,26.11,-0.033320992225101875
liq20_bs_score_v2_b_bonus_8pct,2026-02-13,2026-02-24,2026-03-09,10,10,5,002008,大族激光,,1,bs_score_v2,76.53960000000001,76.85,76.85,98.77,28.53,70.87,,,,,TRADE,,54.73,67.77,0.23826055179974426
liq20_bs_score_v2_b_bonus_8pct,2026-02-13,2026-02-24,2026-03-09,10,10,5,002837,英维克,,1,bs_score_v2,73.926,74.88,74.88,98.81,29.77,68.45,,,,,WATCH,,112.01,97.0,-0.13400589233104188
liq20_bs_score_v2_b_bonus_8pct,2026-02-13,2026-02-24,2026-03-09,10,10,5,688510,航亚科技,,0,bs_score_v2,73.05,79.61,79.61,99.67,24.07,73.05,,,,,,,43.74,39.59,-0.09487882944673065
baseline_full_score,2026-03-09,2026-03-10,2026-03-23,10,10,5,601778,晶科科技,,0,score,82.64,82.64,82.64,98.26,27.61,64.06,,,,,,,5.06,5.38,0.06324110671936767
baseline_full_score,2026-03-09,2026-03-10,2026-03-23,10,10,5,002506,协鑫集成,,0,score,81.82,81.82,81.82,97.22,29.86,72.02,,,,,,,5.78,5.8,0.0034602076124565784
baseline_full_score,2026-03-09,2026-03-10,2026-03-23,10,10,5,002826,易明医药,,0,score,81.57,81.57,81.57,97.49,18.2,73.64,,,,,,,22.43,18.08,-0.19393669193045038
baseline_full_score,2026-03-09,2026-03-10,2026-03-23,10,10,5,600673,东阳光,,0,score,81.44,81.44,81.44,99.19,28.92,73.33,,,,,,,40.5,29.7,-0.2666666666666667
baseline_full_score,2026-03-09,2026-03-10,2026-03-23,10,10,5,601985,中国核电,,0,score,81.03,81.03,81.03,96.93,27.34,67.95,,,,,,,8.85,9.04,0.021468926553672274
baseline_b_score_v2,2026-03-09,2026-03-10,2026-03-23,10,10,5,300677,英科医疗,,1,bs_score_v2,71.26,77.62,77.62,98.5,23.33,71.26,,,,,TRADE,,48.58,53.81,0.10765747221078636
baseline_b_score_v2,2026-03-09,2026-03-10,2026-03-23,10,10,5,002648,卫星化学,,1,bs_score_v2,70.85,76.24,76.24,98.65,28.58,70.85,,,,,TRADE,,25.63,25.67,0.0015606710885682773
baseline_b_score_v2,2026-03-09,2026-03-10,2026-03-23,10,10,5,688300,联瑞新材,,1,bs_score_v2,68.91,72.76,72.76,99.8,22.83,68.91,,,,,WATCH,,88.01,77.18,-0.12305419838654696
baseline_b_score_v2,2026-03-09,2026-03-10,2026-03-23,10,10,5,300773,拉卡拉,,1,bs_score_v2,67.86,66.07,66.07,96.72,28.31,67.86,,,,,WATCH,,30.0,23.95,-0.20166666666666666
baseline_b_score_v2,2026-03-09,2026-03-10,2026-03-23,10,10,5,002128,电投能源,,1,bs_score_v2,66.63,66.4,66.4,48.23,25.86,66.63,,,,,WATCH,,31.95,29.27,-0.08388106416275432
baseline_full_liquidity,2026-03-09,2026-03-10,2026-03-23,10,10,5,300308,中际旭创,,0,s_liquidity,30.0,30.25,30.25,48.23,30.0,35.85,,,,,,,540.6386,600.3291,0.11040739599429283
baseline_full_liquidity,2026-03-09,2026-03-10,2026-03-23,10,10,5,300394,天孚通信,,0,s_liquidity,29.99,53.48,53.48,48.23,29.99,60.46,,,,,,,329.0,298.49,-0.09273556231003033
baseline_full_liquidity,2026-03-09,2026-03-10,2026-03-23,10,10,5,300502,新易盛,,0,s_liquidity,29.99,35.26,35.26,48.23,29.99,43.16,,,,,,,394.75,460.44,0.16640911969601002
baseline_full_liquidity,2026-03-09,2026-03-10,2026-03-23,10,10,5,300750,宁德时代,,0,s_liquidity,29.98,49.43,49.43,48.23,29.98,56.96,,,,,,,380.8807,408.294,0.0719734552052651
baseline_full_liquidity,2026-03-09,2026-03-10,2026-03-23,10,10,5,601899,紫金矿业,,0,s_liquidity,29.98,40.72,40.72,48.23,29.98,46.85,,,,,,,36.98,30.58,-0.17306652244456455
baseline_full_liq_breakout_adj,2026-03-09,2026-03-10,2026-03-23,10,10,5,601778,晶科科技,,0,score_liq_breakout_adj,82.64,82.64,82.64,98.26,27.61,64.06,,,,,,,5.06,5.38,0.06324110671936767
baseline_full_liq_breakout_adj,2026-03-09,2026-03-10,2026-03-23,10,10,5,002506,协鑫集成,,0,score_liq_breakout_adj,81.82,81.82,81.82,97.22,29.86,72.02,,,,,,,5.78,5.8,0.0034602076124565784
baseline_full_liq_breakout_adj,2026-03-09,2026-03-10,2026-03-23,10,10,5,002826,易明医药,,0,score_liq_breakout_adj,81.57,81.57,81.57,97.49,18.2,73.64,,,,,,,22.43,18.08,-0.19393669193045038
baseline_full_liq_breakout_adj,2026-03-09,2026-03-10,2026-03-23,10,10,5,600673,东阳光,,0,score_liq_breakout_adj,81.44,81.44,81.44,99.19,28.92,73.33,,,,,,,40.5,29.7,-0.2666666666666667
baseline_full_liq_breakout_adj,2026-03-09,2026-03-10,2026-03-23,10,10,5,601985,中国核电,,0,score_liq_breakout_adj,81.03,81.03,81.03,96.93,27.34,67.95,,,,,,,8.85,9.04,0.021468926553672274
liq_top_10_then_score,2026-03-09,2026-03-10,2026-03-23,10,10,5,601778,晶科科技,,0,score,82.64,82.64,82.64,98.26,27.61,64.06,,,,,,,5.06,5.38,0.06324110671936767
liq_top_10_then_score,2026-03-09,2026-03-10,2026-03-23,10,10,5,002506,协鑫集成,,0,score,81.82,81.82,81.82,97.22,29.86,72.02,,,,,,,5.78,5.8,0.0034602076124565784
liq_top_10_then_score,2026-03-09,2026-03-10,2026-03-23,10,10,5,600673,东阳光,,0,score,81.44,81.44,81.44,99.19,28.92,73.33,,,,,,,40.5,29.7,-0.2666666666666667
liq_top_10_then_score,2026-03-09,2026-03-10,2026-03-23,10,10,5,601985,中国核电,,0,score,81.03,81.03,81.03,96.93,27.34,67.95,,,,,,,8.85,9.04,0.021468926553672274
liq_top_10_then_score,2026-03-09,2026-03-10,2026-03-23,10,10,5,601088,中国神华,,0,score,80.97,80.97,80.97,98.59,28.6,73.71,,,,,,,45.99,49.5,0.07632093933463802
liq_top_20_then_score,2026-03-09,2026-03-10,2026-03-23,10,10,5,601778,晶科科技,,0,score,82.64,82.64,82.64,98.26,27.61,64.06,,,,,,,5.06,5.38,0.06324110671936767
liq_top_20_then_score,2026-03-09,2026-03-10,2026-03-23,10,10,5,002506,协鑫集成,,0,score,81.82,81.82,81.82,97.22,29.86,72.02,,,,,,,5.78,5.8,0.0034602076124565784
liq_top_20_then_score,2026-03-09,2026-03-10,2026-03-23,10,10,5,600673,东阳光,,0,score,81.44,81.44,81.44,99.19,28.92,73.33,,,,,,,40.5,29.7,-0.2666666666666667
liq_top_20_then_score,2026-03-09,2026-03-10,2026-03-23,10,10,5,601985,中国核电,,0,score,81.03,81.03,81.03,96.93,27.34,67.95,,,,,,,8.85,9.04,0.021468926553672274
liq_top_20_then_score,2026-03-09,2026-03-10,2026-03-23,10,10,5,601088,中国神华,,0,score,80.97,80.97,80.97,98.59,28.6,73.71,,,,,,,45.99,49.5,0.07632093933463802
liq_top_30_then_score,2026-03-09,2026-03-10,2026-03-23,10,10,5,601778,晶科科技,,0,score,82.64,82.64,82.64,98.26,27.61,64.06,,,,,,,5.06,5.38,0.06324110671936767
liq_top_30_then_score,2026-03-09,2026-03-10,2026-03-23,10,10,5,002506,协鑫集成,,0,score,81.82,81.82,81.82,97.22,29.86,72.02,,,,,,,5.78,5.8,0.0034602076124565784
liq_top_30_then_score,2026-03-09,2026-03-10,2026-03-23,10,10,5,600673,东阳光,,0,score,81.44,81.44,81.44,99.19,28.92,73.33,,,,,,,40.5,29.7,-0.2666666666666667
liq_top_30_then_score,2026-03-09,2026-03-10,2026-03-23,10,10,5,601985,中国核电,,0,score,81.03,81.03,81.03,96.93,27.34,67.95,,,,,,,8.85,9.04,0.021468926553672274
liq_top_30_then_score,2026-03-09,2026-03-10,2026-03-23,10,10,5,601088,中国神华,,0,score,80.97,80.97,80.97,98.59,28.6,73.71,,,,,,,45.99,49.5,0.07632093933463802
liq_top_10_then_liq_breakout_adj,2026-03-09,2026-03-10,2026-03-23,10,10,5,601778,晶科科技,,0,score_liq_breakout_adj,82.64,82.64,82.64,98.26,27.61,64.06,,,,,,,5.06,5.38,0.06324110671936767
liq_top_10_then_liq_breakout_adj,2026-03-09,2026-03-10,2026-03-23,10,10,5,002506,协鑫集成,,0,score_liq_breakout_adj,81.82,81.82,81.82,97.22,29.86,72.02,,,,,,,5.78,5.8,0.0034602076124565784
liq_top_10_then_liq_breakout_adj,2026-03-09,2026-03-10,2026-03-23,10,10,5,600673,东阳光,,0,score_liq_breakout_adj,81.44,81.44,81.44,99.19,28.92,73.33,,,,,,,40.5,29.7,-0.2666666666666667
liq_top_10_then_liq_breakout_adj,2026-03-09,2026-03-10,2026-03-23,10,10,5,601985,中国核电,,0,score_liq_breakout_adj,81.03,81.03,81.03,96.93,27.34,67.95,,,,,,,8.85,9.04,0.021468926553672274
liq_top_10_then_liq_breakout_adj,2026-03-09,2026-03-10,2026-03-23,10,10,5,601088,中国神华,,0,score_liq_breakout_adj,80.97,80.97,80.97,98.59,28.6,73.71,,,,,,,45.99,49.5,0.07632093933463802
liq_top_20_then_liq_breakout_adj,2026-03-09,2026-03-10,2026-03-23,10,10,5,601778,晶科科技,,0,score_liq_breakout_adj,82.64,82.64,82.64,98.26,27.61,64.06,,,,,,,5.06,5.38,0.06324110671936767
liq_top_20_then_liq_breakout_adj,2026-03-09,2026-03-10,2026-03-23,10,10,5,002506,协鑫集成,,0,score_liq_breakout_adj,81.82,81.82,81.82,97.22,29.86,72.02,,,,,,,5.78,5.8,0.0034602076124565784
liq_top_20_then_liq_breakout_adj,2026-03-09,2026-03-10,2026-03-23,10,10,5,600673,东阳光,,0,score_liq_breakout_adj,81.44,81.44,81.44,99.19,28.92,73.33,,,,,,,40.5,29.7,-0.2666666666666667
liq_top_20_then_liq_breakout_adj,2026-03-09,2026-03-10,2026-03-23,10,10,5,601985,中国核电,,0,score_liq_breakout_adj,81.03,81.03,81.03,96.93,27.34,67.95,,,,,,,8.85,9.04,0.021468926553672274
liq_top_20_then_liq_breakout_adj,2026-03-09,2026-03-10,2026-03-23,10,10,5,601088,中国神华,,0,score_liq_breakout_adj,80.97,80.97,80.97,98.59,28.6,73.71,,,,,,,45.99,49.5,0.07632093933463802
liq_top_30_then_liq_breakout_adj,2026-03-09,2026-03-10,2026-03-23,10,10,5,601778,晶科科技,,0,score_liq_breakout_adj,82.64,82.64,82.64,98.26,27.61,64.06,,,,,,,5.06,5.38,0.06324110671936767
liq_top_30_then_liq_breakout_adj,2026-03-09,2026-03-10,2026-03-23,10,10,5,002506,协鑫集成,,0,score_liq_breakout_adj,81.82,81.82,81.82,97.22,29.86,72.02,,,,,,,5.78,5.8,0.0034602076124565784
liq_top_30_then_liq_breakout_adj,2026-03-09,2026-03-10,2026-03-23,10,10,5,600673,东阳光,,0,score_liq_breakout_adj,81.44,81.44,81.44,99.19,28.92,73.33,,,,,,,40.5,29.7,-0.2666666666666667
liq_top_30_then_liq_breakout_adj,2026-03-09,2026-03-10,2026-03-23,10,10,5,601985,中国核电,,0,score_liq_breakout_adj,81.03,81.03,81.03,96.93,27.34,67.95,,,,,,,8.85,9.04,0.021468926553672274
liq_top_30_then_liq_breakout_adj,2026-03-09,2026-03-10,2026-03-23,10,10,5,601088,中国神华,,0,score_liq_breakout_adj,80.97,80.97,80.97,98.59,28.6,73.71,,,,,,,45.99,49.5,0.07632093933463802
liq_top_20_then_bs_v2,2026-03-09,2026-03-10,2026-03-23,10,10,5,601088,中国神华,,0,bs_score_v2,73.71,80.97,80.97,98.59,28.6,73.71,,,,,,,45.99,49.5,0.07632093933463802
liq_top_20_then_bs_v2,2026-03-09,2026-03-10,2026-03-23,10,10,5,600673,东阳光,,0,bs_score_v2,73.33,81.44,81.44,99.19,28.92,73.33,,,,,,,40.5,29.7,-0.2666666666666667
liq_top_20_then_bs_v2,2026-03-09,2026-03-10,2026-03-23,10,10,5,002546,新联电子,,0,bs_score_v2,73.01,76.08,76.08,97.44,26.53,73.01,,,,,,,11.6907,9.0646,-0.22463154473213742
liq_top_20_then_bs_v2,2026-03-09,2026-03-10,2026-03-23,10,10,5,601216,君正集团,,0,bs_score_v2,72.88,80.04,80.04,97.68,26.44,72.88,,,,,,,6.22,5.53,-0.11093247588424426
liq_top_20_then_bs_v2,2026-03-09,2026-03-10,2026-03-23,10,10,5,603588,高能环境,,0,bs_score_v2,72.85,76.86,76.86,98.33,25.82,72.85,,,,,,,14.2635,13.1763,-0.07622252602797353
tiered_liquidity_then_score,2026-03-09,2026-03-10,2026-03-23,10,10,5,601778,晶科科技,,0,score,82.64,82.64,82.64,98.26,27.61,64.06,,,,,,,5.06,5.38,0.06324110671936767
tiered_liquidity_then_score,2026-03-09,2026-03-10,2026-03-23,10,10,5,002506,协鑫集成,,0,score,81.82,81.82,81.82,97.22,29.86,72.02,,,,,,,5.78,5.8,0.0034602076124565784
tiered_liquidity_then_score,2026-03-09,2026-03-10,2026-03-23,10,10,5,600673,东阳光,,0,score,81.44,81.44,81.44,99.19,28.92,73.33,,,,,,,40.5,29.7,-0.2666666666666667
tiered_liquidity_then_score,2026-03-09,2026-03-10,2026-03-23,10,10,5,601985,中国核电,,0,score,81.03,81.03,81.03,96.93,27.34,67.95,,,,,,,8.85,9.04,0.021468926553672274
tiered_liquidity_then_score,2026-03-09,2026-03-10,2026-03-23,10,10,5,601088,中国神华,,0,score,80.97,80.97,80.97,98.59,28.6,73.71,,,,,,,45.99,49.5,0.07632093933463802
tiered_liquidity_then_liq_breakout_adj,2026-03-09,2026-03-10,2026-03-23,10,10,5,601778,晶科科技,,0,score_liq_breakout_adj,82.64,82.64,82.64,98.26,27.61,64.06,,,,,,,5.06,5.38,0.06324110671936767
tiered_liquidity_then_liq_breakout_adj,2026-03-09,2026-03-10,2026-03-23,10,10,5,002506,协鑫集成,,0,score_liq_breakout_adj,81.82,81.82,81.82,97.22,29.86,72.02,,,,,,,5.78,5.8,0.0034602076124565784
tiered_liquidity_then_liq_breakout_adj,2026-03-09,2026-03-10,2026-03-23,10,10,5,600673,东阳光,,0,score_liq_breakout_adj,81.44,81.44,81.44,99.19,28.92,73.33,,,,,,,40.5,29.7,-0.2666666666666667
tiered_liquidity_then_liq_breakout_adj,2026-03-09,2026-03-10,2026-03-23,10,10,5,601985,中国核电,,0,score_liq_breakout_adj,81.03,81.03,81.03,96.93,27.34,67.95,,,,,,,8.85,9.04,0.021468926553672274
tiered_liquidity_then_liq_breakout_adj,2026-03-09,2026-03-10,2026-03-23,10,10,5,601088,中国神华,,0,score_liq_breakout_adj,80.97,80.97,80.97,98.59,28.6,73.71,,,,,,,45.99,49.5,0.07632093933463802
tiered_liquidity_then_bs_v2,2026-03-09,2026-03-10,2026-03-23,10,10,5,601088,中国神华,,0,bs_score_v2,73.71,80.97,80.97,98.59,28.6,73.71,,,,,,,45.99,49.5,0.07632093933463802
tiered_liquidity_then_bs_v2,2026-03-09,2026-03-10,2026-03-23,10,10,5,600673,东阳光,,0,bs_score_v2,73.33,81.44,81.44,99.19,28.92,73.33,,,,,,,40.5,29.7,-0.2666666666666667
tiered_liquidity_then_bs_v2,2026-03-09,2026-03-10,2026-03-23,10,10,5,000988,华工科技,,0,bs_score_v2,72.41,77.06,77.06,98.21,29.89,72.41,,,,,,,119.49,113.34,-0.05146874215415509
tiered_liquidity_then_bs_v2,2026-03-09,2026-03-10,2026-03-23,10,10,5,002498,汉缆股份,,0,bs_score_v2,72.03,76.51,76.51,97.79,28.69,72.03,,,,,,,9.97,8.0,-0.1975927783350051
tiered_liquidity_then_bs_v2,2026-03-09,2026-03-10,2026-03-23,10,10,5,002506,协鑫集成,,0,bs_score_v2,72.02,81.82,81.82,97.22,29.86,72.02,,,,,,,5.78,5.8,0.0034602076124565784
liq20_score_b_bonus_0pct,2026-03-09,2026-03-10,2026-03-23,10,10,5,601778,晶科科技,,0,score,82.64,82.64,82.64,98.26,27.61,64.06,,,,,,,5.06,5.38,0.06324110671936767
liq20_score_b_bonus_0pct,2026-03-09,2026-03-10,2026-03-23,10,10,5,002506,协鑫集成,,0,score,81.82,81.82,81.82,97.22,29.86,72.02,,,,,,,5.78,5.8,0.0034602076124565784
liq20_score_b_bonus_0pct,2026-03-09,2026-03-10,2026-03-23,10,10,5,600673,东阳光,,0,score,81.44,81.44,81.44,99.19,28.92,73.33,,,,,,,40.5,29.7,-0.2666666666666667
liq20_score_b_bonus_0pct,2026-03-09,2026-03-10,2026-03-23,10,10,5,601985,中国核电,,0,score,81.03,81.03,81.03,96.93,27.34,67.95,,,,,,,8.85,9.04,0.021468926553672274
liq20_score_b_bonus_0pct,2026-03-09,2026-03-10,2026-03-23,10,10,5,601088,中国神华,,0,score,80.97,80.97,80.97,98.59,28.6,73.71,,,,,,,45.99,49.5,0.07632093933463802
liq20_score_b_bonus_3pct,2026-03-09,2026-03-10,2026-03-23,10,10,5,601778,晶科科技,,0,score,82.64,82.64,82.64,98.26,27.61,64.06,,,,,,,5.06,5.38,0.06324110671936767
liq20_score_b_bonus_3pct,2026-03-09,2026-03-10,2026-03-23,10,10,5,002506,协鑫集成,,0,score,81.82,81.82,81.82,97.22,29.86,72.02,,,,,,,5.78,5.8,0.0034602076124565784
liq20_score_b_bonus_3pct,2026-03-09,2026-03-10,2026-03-23,10,10,5,600673,东阳光,,0,score,81.44,81.44,81.44,99.19,28.92,73.33,,,,,,,40.5,29.7,-0.2666666666666667
liq20_score_b_bonus_3pct,2026-03-09,2026-03-10,2026-03-23,10,10,5,601985,中国核电,,0,score,81.03,81.03,81.03,96.93,27.34,67.95,,,,,,,8.85,9.04,0.021468926553672274
liq20_score_b_bonus_3pct,2026-03-09,2026-03-10,2026-03-23,10,10,5,601088,中国神华,,0,score,80.97,80.97,80.97,98.59,28.6,73.71,,,,,,,45.99,49.5,0.07632093933463802
liq20_score_b_bonus_5pct,2026-03-09,2026-03-10,2026-03-23,10,10,5,601778,晶科科技,,0,score,82.64,82.64,82.64,98.26,27.61,64.06,,,,,,,5.06,5.38,0.06324110671936767
liq20_score_b_bonus_5pct,2026-03-09,2026-03-10,2026-03-23,10,10,5,002506,协鑫集成,,0,score,81.82,81.82,81.82,97.22,29.86,72.02,,,,,,,5.78,5.8,0.0034602076124565784
liq20_score_b_bonus_5pct,2026-03-09,2026-03-10,2026-03-23,10,10,5,600673,东阳光,,0,score,81.44,81.44,81.44,99.19,28.92,73.33,,,,,,,40.5,29.7,-0.2666666666666667
liq20_score_b_bonus_5pct,2026-03-09,2026-03-10,2026-03-23,10,10,5,601985,中国核电,,0,score,81.03,81.03,81.03,96.93,27.34,67.95,,,,,,,8.85,9.04,0.021468926553672274
liq20_score_b_bonus_5pct,2026-03-09,2026-03-10,2026-03-23,10,10,5,601088,中国神华,,0,score,80.97,80.97,80.97,98.59,28.6,73.71,,,,,,,45.99,49.5,0.07632093933463802
liq20_score_b_bonus_8pct,2026-03-09,2026-03-10,2026-03-23,10,10,5,601778,晶科科技,,0,score,82.64,82.64,82.64,98.26,27.61,64.06,,,,,,,5.06,5.38,0.06324110671936767
liq20_score_b_bonus_8pct,2026-03-09,2026-03-10,2026-03-23,10,10,5,002648,卫星化学,,1,score,82.3392,76.24,76.24,98.65,28.58,70.85,,,,,TRADE,,25.63,25.67,0.0015606710885682773
liq20_score_b_bonus_8pct,2026-03-09,2026-03-10,2026-03-23,10,10,5,002506,协鑫集成,,0,score,81.82,81.82,81.82,97.22,29.86,72.02,,,,,,,5.78,5.8,0.0034602076124565784
liq20_score_b_bonus_8pct,2026-03-09,2026-03-10,2026-03-23,10,10,5,600673,东阳光,,0,score,81.44,81.44,81.44,99.19,28.92,73.33,,,,,,,40.5,29.7,-0.2666666666666667
liq20_score_b_bonus_8pct,2026-03-09,2026-03-10,2026-03-23,10,10,5,601985,中国核电,,0,score,81.03,81.03,81.03,96.93,27.34,67.95,,,,,,,8.85,9.04,0.021468926553672274
liq20_bs_score_v2_b_bonus_0pct,2026-03-09,2026-03-10,2026-03-23,10,10,5,601088,中国神华,,0,bs_score_v2,73.71,80.97,80.97,98.59,28.6,73.71,,,,,,,45.99,49.5,0.07632093933463802
liq20_bs_score_v2_b_bonus_0pct,2026-03-09,2026-03-10,2026-03-23,10,10,5,600673,东阳光,,0,bs_score_v2,73.33,81.44,81.44,99.19,28.92,73.33,,,,,,,40.5,29.7,-0.2666666666666667
liq20_bs_score_v2_b_bonus_0pct,2026-03-09,2026-03-10,2026-03-23,10,10,5,002546,新联电子,,0,bs_score_v2,73.01,76.08,76.08,97.44,26.53,73.01,,,,,,,11.6907,9.0646,-0.22463154473213742
liq20_bs_score_v2_b_bonus_0pct,2026-03-09,2026-03-10,2026-03-23,10,10,5,601216,君正集团,,0,bs_score_v2,72.88,80.04,80.04,97.68,26.44,72.88,,,,,,,6.22,5.53,-0.11093247588424426
liq20_bs_score_v2_b_bonus_0pct,2026-03-09,2026-03-10,2026-03-23,10,10,5,603588,高能环境,,0,bs_score_v2,72.85,76.86,76.86,98.33,25.82,72.85,,,,,,,14.2635,13.1763,-0.07622252602797353
liq20_bs_score_v2_b_bonus_3pct,2026-03-09,2026-03-10,2026-03-23,10,10,5,601088,中国神华,,0,bs_score_v2,73.71,80.97,80.97,98.59,28.6,73.71,,,,,,,45.99,49.5,0.07632093933463802
liq20_bs_score_v2_b_bonus_3pct,2026-03-09,2026-03-10,2026-03-23,10,10,5,600673,东阳光,,0,bs_score_v2,73.33,81.44,81.44,99.19,28.92,73.33,,,,,,,40.5,29.7,-0.2666666666666667
liq20_bs_score_v2_b_bonus_3pct,2026-03-09,2026-03-10,2026-03-23,10,10,5,002546,新联电子,,0,bs_score_v2,73.01,76.08,76.08,97.44,26.53,73.01,,,,,,,11.6907,9.0646,-0.22463154473213742
liq20_bs_score_v2_b_bonus_3pct,2026-03-09,2026-03-10,2026-03-23,10,10,5,002648,卫星化学,,1,bs_score_v2,72.9755,76.24,76.24,98.65,28.58,70.85,,,,,TRADE,,25.63,25.67,0.0015606710885682773
liq20_bs_score_v2_b_bonus_3pct,2026-03-09,2026-03-10,2026-03-23,10,10,5,601216,君正集团,,0,bs_score_v2,72.88,80.04,80.04,97.68,26.44,72.88,,,,,,,6.22,5.53,-0.11093247588424426
liq20_bs_score_v2_b_bonus_5pct,2026-03-09,2026-03-10,2026-03-23,10,10,5,002648,卫星化学,,1,bs_score_v2,74.3925,76.24,76.24,98.65,28.58,70.85,,,,,TRADE,,25.63,25.67,0.0015606710885682773
liq20_bs_score_v2_b_bonus_5pct,2026-03-09,2026-03-10,2026-03-23,10,10,5,601088,中国神华,,0,bs_score_v2,73.71,80.97,80.97,98.59,28.6,73.71,,,,,,,45.99,49.5,0.07632093933463802
liq20_bs_score_v2_b_bonus_5pct,2026-03-09,2026-03-10,2026-03-23,10,10,5,600673,东阳光,,0,bs_score_v2,73.33,81.44,81.44,99.19,28.92,73.33,,,,,,,40.5,29.7,-0.2666666666666667
liq20_bs_score_v2_b_bonus_5pct,2026-03-09,2026-03-10,2026-03-23,10,10,5,002546,新联电子,,0,bs_score_v2,73.01,76.08,76.08,97.44,26.53,73.01,,,,,,,11.6907,9.0646,-0.22463154473213742
liq20_bs_score_v2_b_bonus_5pct,2026-03-09,2026-03-10,2026-03-23,10,10,5,601216,君正集团,,0,bs_score_v2,72.88,80.04,80.04,97.68,26.44,72.88,,,,,,,6.22,5.53,-0.11093247588424426
liq20_bs_score_v2_b_bonus_8pct,2026-03-09,2026-03-10,2026-03-23,10,10,5,002648,卫星化学,,1,bs_score_v2,76.518,76.24,76.24,98.65,28.58,70.85,,,,,TRADE,,25.63,25.67,0.0015606710885682773
liq20_bs_score_v2_b_bonus_8pct,2026-03-09,2026-03-10,2026-03-23,10,10,5,601088,中国神华,,0,bs_score_v2,73.71,80.97,80.97,98.59,28.6,73.71,,,,,,,45.99,49.5,0.07632093933463802
liq20_bs_score_v2_b_bonus_8pct,2026-03-09,2026-03-10,2026-03-23,10,10,5,600673,东阳光,,0,bs_score_v2,73.33,81.44,81.44,99.19,28.92,73.33,,,,,,,40.5,29.7,-0.2666666666666667
liq20_bs_score_v2_b_bonus_8pct,2026-03-09,2026-03-10,2026-03-23,10,10,5,300773,拉卡拉,,1,bs_score_v2,73.28880000000001,66.07,66.07,96.72,28.31,67.86,,,,,WATCH,,30.0,23.95,-0.20166666666666666
liq20_bs_score_v2_b_bonus_8pct,2026-03-09,2026-03-10,2026-03-23,10,10,5,002546,新联电子,,0,bs_score_v2,73.01,76.08,76.08,97.44,26.53,73.01,,,,,,,11.6907,9.0646,-0.22463154473213742
baseline_full_score,2026-03-24,2026-03-25,2026-04-08,10,10,5,600681,百川能源,,0,score,83.05,83.05,83.05,99.58,21.45,74.99,,,,,,,4.8,4.17,-0.13124999999999998
baseline_full_score,2026-03-24,2026-03-25,2026-04-08,10,10,5,300051,琏升科技,,1,score,82.93,82.93,82.93,99.71,21.2,73.47,,,,,TRADE,,11.8,12.3,0.04237288135593209
baseline_full_score,2026-03-24,2026-03-25,2026-04-08,10,10,5,300939,秋田微,,0,score,81.83,81.83,81.83,99.84,20.78,74.29,,,,,,,45.91,38.82,-0.15443258549335648
baseline_full_score,2026-03-24,2026-03-25,2026-04-08,10,10,5,601016,节能风电,,0,score,80.65,80.65,80.65,99.6,29.03,66.74,,,,,,,4.98,4.1,-0.17670682730923704
baseline_full_score,2026-03-24,2026-03-25,2026-04-08,10,10,5,603105,芯能科技,,0,score,79.9,79.9,79.9,99.74,23.17,73.13,,,,,,,12.85,10.8,-0.15953307392996097
baseline_b_score_v2,2026-03-24,2026-03-25,2026-04-08,10,10,5,300051,琏升科技,,1,bs_score_v2,73.47,82.93,82.93,99.71,21.2,73.47,,,,,TRADE,,11.8,12.3,0.04237288135593209
baseline_b_score_v2,2026-03-24,2026-03-25,2026-04-08,10,10,5,600135,乐凯胶片,,1,bs_score_v2,68.45,72.3,72.3,49.5,21.07,68.45,,,,,WATCH,,11.13,10.25,-0.07906558849955081
baseline_b_score_v2,2026-03-24,2026-03-25,2026-04-08,10,10,5,000791,甘肃能源,,1,bs_score_v2,65.76,59.72,59.72,49.5,25.52,65.76,,,,,,,8.47,7.36,-0.1310507674144038
baseline_b_score_v2,2026-03-24,2026-03-25,2026-04-08,10,10,5,002183,怡亚通,,1,bs_score_v2,65.35,66.24,66.24,49.5,23.5,65.35,,,,,WATCH,,5.42,5.84,0.07749077490774914
baseline_b_score_v2,2026-03-24,2026-03-25,2026-04-08,10,10,5,603063,禾望电气,,1,bs_score_v2,64.0,54.81,54.81,49.5,26.08,64.0,,,,,,,32.58,31.62,-0.02946593001841613
baseline_full_liquidity,2026-03-24,2026-03-25,2026-04-08,10,10,5,300502,新易盛,,0,s_liquidity,30.0,59.22,59.22,49.5,30.0,63.53,,,,,,,490.21,501.5,0.02303094592113597
baseline_full_liquidity,2026-03-24,2026-03-25,2026-04-08,10,10,5,000988,华工科技,,0,s_liquidity,29.99,63.18,63.18,49.5,29.99,64.54,,,,,,,113.66,110.41,-0.02859405243709312
baseline_full_liquidity,2026-03-24,2026-03-25,2026-04-08,10,10,5,300308,中际旭创,,0,s_liquidity,29.99,59.23,59.23,49.5,29.99,63.0,,,,,,,625.7391,688.9537,0.10102389318487526
baseline_full_liquidity,2026-03-24,2026-03-25,2026-04-08,10,10,5,300750,宁德时代,,0,s_liquidity,29.98,61.6,61.6,49.5,29.98,62.68,,,,,,,399.163,397.4364,-0.0043255512159193765
baseline_full_liquidity,2026-03-24,2026-03-25,2026-04-08,10,10,5,300274,阳光电源,,0,s_liquidity,29.98,60.38,60.38,49.5,29.98,64.97,,,,,,,164.69,126.99,-0.22891493108264016
baseline_full_liq_breakout_adj,2026-03-24,2026-03-25,2026-04-08,10,10,5,600681,百川能源,,0,score_liq_breakout_adj,83.05,83.05,83.05,99.58,21.45,74.99,,,,,,,4.8,4.17,-0.13124999999999998
baseline_full_liq_breakout_adj,2026-03-24,2026-03-25,2026-04-08,10,10,5,300051,琏升科技,,1,score_liq_breakout_adj,82.93,82.93,82.93,99.71,21.2,73.47,,,,,TRADE,,11.8,12.3,0.04237288135593209
baseline_full_liq_breakout_adj,2026-03-24,2026-03-25,2026-04-08,10,10,5,300939,秋田微,,0,score_liq_breakout_adj,81.83,81.83,81.83,99.84,20.78,74.29,,,,,,,45.91,38.82,-0.15443258549335648
baseline_full_liq_breakout_adj,2026-03-24,2026-03-25,2026-04-08,10,10,5,601016,节能风电,,0,score_liq_breakout_adj,80.65,80.65,80.65,99.6,29.03,66.74,,,,,,,4.98,4.1,-0.17670682730923704
baseline_full_liq_breakout_adj,2026-03-24,2026-03-25,2026-04-08,10,10,5,603105,芯能科技,,0,score_liq_breakout_adj,79.9,79.9,79.9,99.74,23.17,73.13,,,,,,,12.85,10.8,-0.15953307392996097
liq_top_10_then_score,2026-03-24,2026-03-25,2026-04-08,10,10,5,601016,节能风电,,0,score,80.65,80.65,80.65,99.6,29.03,66.74,,,,,,,4.98,4.1,-0.17670682730923704
liq_top_10_then_score,2026-03-24,2026-03-25,2026-04-08,10,10,5,688195,腾景科技,,0,score,79.81,79.81,79.81,99.8,28.62,74.1,,,,,,,272.0,339.0,0.24632352941176472
liq_top_10_then_score,2026-03-24,2026-03-25,2026-04-08,10,10,5,000617,中油资本,,0,score,73.02,73.02,73.02,99.08,29.18,69.86,,,,,,,10.46,10.39,-0.006692160611854736
liq_top_10_then_score,2026-03-24,2026-03-25,2026-04-08,10,10,5,603738,泰晶科技,,0,score,73.01,73.01,73.01,49.5,27.47,70.29,,,,,,,26.0,26.19,0.007307692307692459
liq_top_10_then_score,2026-03-24,2026-03-25,2026-04-08,10,10,5,000815,美利云,,0,score,72.16,72.16,72.16,49.5,29.13,70.2,,,,,,,20.81,20.31,-0.024026910139356095
liq_top_20_then_score,2026-03-24,2026-03-25,2026-04-08,10,10,5,601016,节能风电,,0,score,80.65,80.65,80.65,99.6,29.03,66.74,,,,,,,4.98,4.1,-0.17670682730923704
liq_top_20_then_score,2026-03-24,2026-03-25,2026-04-08,10,10,5,688195,腾景科技,,0,score,79.81,79.81,79.81,99.8,28.62,74.1,,,,,,,272.0,339.0,0.24632352941176472
liq_top_20_then_score,2026-03-24,2026-03-25,2026-04-08,10,10,5,600032,浙江新能,,0,score,79.13,79.13,79.13,99.93,24.4,64.35,,,,,,,11.65,9.19,-0.2111587982832619
liq_top_20_then_score,2026-03-24,2026-03-25,2026-04-08,10,10,5,603803,瑞斯康达,,0,score,78.93,78.93,78.93,99.34,25.67,72.29,,,,,,,15.61,14.0,-0.10313901345291476
liq_top_20_then_score,2026-03-24,2026-03-25,2026-04-08,10,10,5,001258,立新能源,,0,score,77.63,77.63,77.63,99.93,24.91,71.39,,,,,,,10.88,8.62,-0.20772058823529427
liq_top_30_then_score,2026-03-24,2026-03-25,2026-04-08,10,10,5,600681,百川能源,,0,score,83.05,83.05,83.05,99.58,21.45,74.99,,,,,,,4.8,4.17,-0.13124999999999998
liq_top_30_then_score,2026-03-24,2026-03-25,2026-04-08,10,10,5,300051,琏升科技,,1,score,82.93,82.93,82.93,99.71,21.2,73.47,,,,,TRADE,,11.8,12.3,0.04237288135593209
liq_top_30_then_score,2026-03-24,2026-03-25,2026-04-08,10,10,5,601016,节能风电,,0,score,80.65,80.65,80.65,99.6,29.03,66.74,,,,,,,4.98,4.1,-0.17670682730923704
liq_top_30_then_score,2026-03-24,2026-03-25,2026-04-08,10,10,5,603105,芯能科技,,0,score,79.9,79.9,79.9,99.74,23.17,73.13,,,,,,,12.85,10.8,-0.15953307392996097
liq_top_30_then_score,2026-03-24,2026-03-25,2026-04-08,10,10,5,688195,腾景科技,,0,score,79.81,79.81,79.81,99.8,28.62,74.1,,,,,,,272.0,339.0,0.24632352941176472
liq_top_10_then_liq_breakout_adj,2026-03-24,2026-03-25,2026-04-08,10,10,5,601016,节能风电,,0,score_liq_breakout_adj,80.65,80.65,80.65,99.6,29.03,66.74,,,,,,,4.98,4.1,-0.17670682730923704
liq_top_10_then_liq_breakout_adj,2026-03-24,2026-03-25,2026-04-08,10,10,5,688195,腾景科技,,0,score_liq_breakout_adj,79.81,79.81,79.81,99.8,28.62,74.1,,,,,,,272.0,339.0,0.24632352941176472
liq_top_10_then_liq_breakout_adj,2026-03-24,2026-03-25,2026-04-08,10,10,5,000617,中油资本,,0,score_liq_breakout_adj,73.02,73.02,73.02,99.08,29.18,69.86,,,,,,,10.46,10.39,-0.006692160611854736
liq_top_10_then_liq_breakout_adj,2026-03-24,2026-03-25,2026-04-08,10,10,5,603738,泰晶科技,,0,score_liq_breakout_adj,73.01,73.01,73.01,49.5,27.47,70.29,,,,,,,26.0,26.19,0.007307692307692459
liq_top_10_then_liq_breakout_adj,2026-03-24,2026-03-25,2026-04-08,10,10,5,000815,美利云,,0,score_liq_breakout_adj,72.16,72.16,72.16,49.5,29.13,70.2,,,,,,,20.81,20.31,-0.024026910139356095
liq_top_20_then_liq_breakout_adj,2026-03-24,2026-03-25,2026-04-08,10,10,5,601016,节能风电,,0,score_liq_breakout_adj,80.65,80.65,80.65,99.6,29.03,66.74,,,,,,,4.98,4.1,-0.17670682730923704
liq_top_20_then_liq_breakout_adj,2026-03-24,2026-03-25,2026-04-08,10,10,5,688195,腾景科技,,0,score_liq_breakout_adj,79.81,79.81,79.81,99.8,28.62,74.1,,,,,,,272.0,339.0,0.24632352941176472
liq_top_20_then_liq_breakout_adj,2026-03-24,2026-03-25,2026-04-08,10,10,5,600032,浙江新能,,0,score_liq_breakout_adj,79.13,79.13,79.13,99.93,24.4,64.35,,,,,,,11.65,9.19,-0.2111587982832619
liq_top_20_then_liq_breakout_adj,2026-03-24,2026-03-25,2026-04-08,10,10,5,603803,瑞斯康达,,0,score_liq_breakout_adj,78.93,78.93,78.93,99.34,25.67,72.29,,,,,,,15.61,14.0,-0.10313901345291476
liq_top_20_then_liq_breakout_adj,2026-03-24,2026-03-25,2026-04-08,10,10,5,001258,立新能源,,0,score_liq_breakout_adj,77.63,77.63,77.63,99.93,24.91,71.39,,,,,,,10.88,8.62,-0.20772058823529427
liq_top_30_then_liq_breakout_adj,2026-03-24,2026-03-25,2026-04-08,10,10,5,600681,百川能源,,0,score_liq_breakout_adj,83.05,83.05,83.05,99.58,21.45,74.99,,,,,,,4.8,4.17,-0.13124999999999998
liq_top_30_then_liq_breakout_adj,2026-03-24,2026-03-25,2026-04-08,10,10,5,300051,琏升科技,,1,score_liq_breakout_adj,82.93,82.93,82.93,99.71,21.2,73.47,,,,,TRADE,,11.8,12.3,0.04237288135593209
liq_top_30_then_liq_breakout_adj,2026-03-24,2026-03-25,2026-04-08,10,10,5,601016,节能风电,,0,score_liq_breakout_adj,80.65,80.65,80.65,99.6,29.03,66.74,,,,,,,4.98,4.1,-0.17670682730923704
liq_top_30_then_liq_breakout_adj,2026-03-24,2026-03-25,2026-04-08,10,10,5,603105,芯能科技,,0,score_liq_breakout_adj,79.9,79.9,79.9,99.74,23.17,73.13,,,,,,,12.85,10.8,-0.15953307392996097
liq_top_30_then_liq_breakout_adj,2026-03-24,2026-03-25,2026-04-08,10,10,5,688195,腾景科技,,0,score_liq_breakout_adj,79.81,79.81,79.81,99.8,28.62,74.1,,,,,,,272.0,339.0,0.24632352941176472
liq_top_20_then_bs_v2,2026-03-24,2026-03-25,2026-04-08,10,10,5,688195,腾景科技,,0,bs_score_v2,74.1,79.81,79.81,99.8,28.62,74.1,,,,,,,272.0,339.0,0.24632352941176472
liq_top_20_then_bs_v2,2026-03-24,2026-03-25,2026-04-08,10,10,5,603803,瑞斯康达,,0,bs_score_v2,72.29,78.93,78.93,99.34,25.67,72.29,,,,,,,15.61,14.0,-0.10313901345291476
liq_top_20_then_bs_v2,2026-03-24,2026-03-25,2026-04-08,10,10,5,001258,立新能源,,0,bs_score_v2,71.39,77.63,77.63,99.93,24.91,71.39,,,,,,,10.88,8.62,-0.20772058823529427
liq_top_20_then_bs_v2,2026-03-24,2026-03-25,2026-04-08,10,10,5,000862,银星能源,,0,bs_score_v2,70.43,71.98,71.98,49.5,25.89,70.43,,,,,,,8.78,6.38,-0.27334851936218674
liq_top_20_then_bs_v2,2026-03-24,2026-03-25,2026-04-08,10,10,5,603738,泰晶科技,,0,bs_score_v2,70.29,73.01,73.01,49.5,27.47,70.29,,,,,,,26.0,26.19,0.007307692307692459
tiered_liquidity_then_score,2026-03-24,2026-03-25,2026-04-08,10,10,5,300051,琏升科技,,1,score,82.93,82.93,82.93,99.71,21.2,73.47,,,,,TRADE,,11.8,12.3,0.04237288135593209
tiered_liquidity_then_score,2026-03-24,2026-03-25,2026-04-08,10,10,5,601016,节能风电,,0,score,80.65,80.65,80.65,99.6,29.03,66.74,,,,,,,4.98,4.1,-0.17670682730923704
tiered_liquidity_then_score,2026-03-24,2026-03-25,2026-04-08,10,10,5,688195,腾景科技,,0,score,79.81,79.81,79.81,99.8,28.62,74.1,,,,,,,272.0,339.0,0.24632352941176472
tiered_liquidity_then_score,2026-03-24,2026-03-25,2026-04-08,10,10,5,000617,中油资本,,0,score,73.02,73.02,73.02,99.08,29.18,69.86,,,,,,,10.46,10.39,-0.006692160611854736
tiered_liquidity_then_score,2026-03-24,2026-03-25,2026-04-08,10,10,5,603738,泰晶科技,,0,score,73.01,73.01,73.01,49.5,27.47,70.29,,,,,,,26.0,26.19,0.007307692307692459
tiered_liquidity_then_liq_breakout_adj,2026-03-24,2026-03-25,2026-04-08,10,10,5,300051,琏升科技,,1,score_liq_breakout_adj,82.93,82.93,82.93,99.71,21.2,73.47,,,,,TRADE,,11.8,12.3,0.04237288135593209
tiered_liquidity_then_liq_breakout_adj,2026-03-24,2026-03-25,2026-04-08,10,10,5,601016,节能风电,,0,score_liq_breakout_adj,80.65,80.65,80.65,99.6,29.03,66.74,,,,,,,4.98,4.1,-0.17670682730923704
tiered_liquidity_then_liq_breakout_adj,2026-03-24,2026-03-25,2026-04-08,10,10,5,688195,腾景科技,,0,score_liq_breakout_adj,79.81,79.81,79.81,99.8,28.62,74.1,,,,,,,272.0,339.0,0.24632352941176472
tiered_liquidity_then_liq_breakout_adj,2026-03-24,2026-03-25,2026-04-08,10,10,5,000617,中油资本,,0,score_liq_breakout_adj,73.02,73.02,73.02,99.08,29.18,69.86,,,,,,,10.46,10.39,-0.006692160611854736
tiered_liquidity_then_liq_breakout_adj,2026-03-24,2026-03-25,2026-04-08,10,10,5,603738,泰晶科技,,0,score_liq_breakout_adj,73.01,73.01,73.01,49.5,27.47,70.29,,,,,,,26.0,26.19,0.007307692307692459
tiered_liquidity_then_bs_v2,2026-03-24,2026-03-25,2026-04-08,10,10,5,688195,腾景科技,,0,bs_score_v2,74.1,79.81,79.81,99.8,28.62,74.1,,,,,,,272.0,339.0,0.24632352941176472
tiered_liquidity_then_bs_v2,2026-03-24,2026-03-25,2026-04-08,10,10,5,300051,琏升科技,,1,bs_score_v2,73.47,82.93,82.93,99.71,21.2,73.47,,,,,TRADE,,11.8,12.3,0.04237288135593209
tiered_liquidity_then_bs_v2,2026-03-24,2026-03-25,2026-04-08,10,10,5,603738,泰晶科技,,0,bs_score_v2,70.29,73.01,73.01,49.5,27.47,70.29,,,,,,,26.0,26.19,0.007307692307692459
tiered_liquidity_then_bs_v2,2026-03-24,2026-03-25,2026-04-08,10,10,5,000899,赣能股份,,0,bs_score_v2,70.28,59.17,59.17,49.5,27.12,70.28,,,,,,,14.0,12.93,-0.0764285714285714
tiered_liquidity_then_bs_v2,2026-03-24,2026-03-25,2026-04-08,10,10,5,000815,美利云,,0,bs_score_v2,70.2,72.16,72.16,49.5,29.13,70.2,,,,,,,20.81,20.31,-0.024026910139356095
liq20_score_b_bonus_0pct,2026-03-24,2026-03-25,2026-04-08,10,10,5,601016,节能风电,,0,score,80.65,80.65,80.65,99.6,29.03,66.74,,,,,,,4.98,4.1,-0.17670682730923704
liq20_score_b_bonus_0pct,2026-03-24,2026-03-25,2026-04-08,10,10,5,688195,腾景科技,,0,score,79.81,79.81,79.81,99.8,28.62,74.1,,,,,,,272.0,339.0,0.24632352941176472
liq20_score_b_bonus_0pct,2026-03-24,2026-03-25,2026-04-08,10,10,5,600032,浙江新能,,0,score,79.13,79.13,79.13,99.93,24.4,64.35,,,,,,,11.65,9.19,-0.2111587982832619
liq20_score_b_bonus_0pct,2026-03-24,2026-03-25,2026-04-08,10,10,5,603803,瑞斯康达,,0,score,78.93,78.93,78.93,99.34,25.67,72.29,,,,,,,15.61,14.0,-0.10313901345291476
liq20_score_b_bonus_0pct,2026-03-24,2026-03-25,2026-04-08,10,10,5,001258,立新能源,,0,score,77.63,77.63,77.63,99.93,24.91,71.39,,,,,,,10.88,8.62,-0.20772058823529427
liq20_score_b_bonus_3pct,2026-03-24,2026-03-25,2026-04-08,10,10,5,601016,节能风电,,0,score,80.65,80.65,80.65,99.6,29.03,66.74,,,,,,,4.98,4.1,-0.17670682730923704
liq20_score_b_bonus_3pct,2026-03-24,2026-03-25,2026-04-08,10,10,5,688195,腾景科技,,0,score,79.81,79.81,79.81,99.8,28.62,74.1,,,,,,,272.0,339.0,0.24632352941176472
liq20_score_b_bonus_3pct,2026-03-24,2026-03-25,2026-04-08,10,10,5,600032,浙江新能,,0,score,79.13,79.13,79.13,99.93,24.4,64.35,,,,,,,11.65,9.19,-0.2111587982832619
liq20_score_b_bonus_3pct,2026-03-24,2026-03-25,2026-04-08,10,10,5,603803,瑞斯康达,,0,score,78.93,78.93,78.93,99.34,25.67,72.29,,,,,,,15.61,14.0,-0.10313901345291476
liq20_score_b_bonus_3pct,2026-03-24,2026-03-25,2026-04-08,10,10,5,001258,立新能源,,0,score,77.63,77.63,77.63,99.93,24.91,71.39,,,,,,,10.88,8.62,-0.20772058823529427
liq20_score_b_bonus_5pct,2026-03-24,2026-03-25,2026-04-08,10,10,5,601016,节能风电,,0,score,80.65,80.65,80.65,99.6,29.03,66.74,,,,,,,4.98,4.1,-0.17670682730923704
liq20_score_b_bonus_5pct,2026-03-24,2026-03-25,2026-04-08,10,10,5,688195,腾景科技,,0,score,79.81,79.81,79.81,99.8,28.62,74.1,,,,,,,272.0,339.0,0.24632352941176472
liq20_score_b_bonus_5pct,2026-03-24,2026-03-25,2026-04-08,10,10,5,600032,浙江新能,,0,score,79.13,79.13,79.13,99.93,24.4,64.35,,,,,,,11.65,9.19,-0.2111587982832619
liq20_score_b_bonus_5pct,2026-03-24,2026-03-25,2026-04-08,10,10,5,603803,瑞斯康达,,0,score,78.93,78.93,78.93,99.34,25.67,72.29,,,,,,,15.61,14.0,-0.10313901345291476
liq20_score_b_bonus_5pct,2026-03-24,2026-03-25,2026-04-08,10,10,5,001258,立新能源,,0,score,77.63,77.63,77.63,99.93,24.91,71.39,,,,,,,10.88,8.62,-0.20772058823529427
liq20_score_b_bonus_8pct,2026-03-24,2026-03-25,2026-04-08,10,10,5,601016,节能风电,,0,score,80.65,80.65,80.65,99.6,29.03,66.74,,,,,,,4.98,4.1,-0.17670682730923704
liq20_score_b_bonus_8pct,2026-03-24,2026-03-25,2026-04-08,10,10,5,688195,腾景科技,,0,score,79.81,79.81,79.81,99.8,28.62,74.1,,,,,,,272.0,339.0,0.24632352941176472
liq20_score_b_bonus_8pct,2026-03-24,2026-03-25,2026-04-08,10,10,5,600032,浙江新能,,0,score,79.13,79.13,79.13,99.93,24.4,64.35,,,,,,,11.65,9.19,-0.2111587982832619
liq20_score_b_bonus_8pct,2026-03-24,2026-03-25,2026-04-08,10,10,5,603803,瑞斯康达,,0,score,78.93,78.93,78.93,99.34,25.67,72.29,,,,,,,15.61,14.0,-0.10313901345291476
liq20_score_b_bonus_8pct,2026-03-24,2026-03-25,2026-04-08,10,10,5,001258,立新能源,,0,score,77.63,77.63,77.63,99.93,24.91,71.39,,,,,,,10.88,8.62,-0.20772058823529427
liq20_bs_score_v2_b_bonus_0pct,2026-03-24,2026-03-25,2026-04-08,10,10,5,688195,腾景科技,,0,bs_score_v2,74.1,79.81,79.81,99.8,28.62,74.1,,,,,,,272.0,339.0,0.24632352941176472
liq20_bs_score_v2_b_bonus_0pct,2026-03-24,2026-03-25,2026-04-08,10,10,5,603803,瑞斯康达,,0,bs_score_v2,72.29,78.93,78.93,99.34,25.67,72.29,,,,,,,15.61,14.0,-0.10313901345291476
liq20_bs_score_v2_b_bonus_0pct,2026-03-24,2026-03-25,2026-04-08,10,10,5,001258,立新能源,,0,bs_score_v2,71.39,77.63,77.63,99.93,24.91,71.39,,,,,,,10.88,8.62,-0.20772058823529427
liq20_bs_score_v2_b_bonus_0pct,2026-03-24,2026-03-25,2026-04-08,10,10,5,000862,银星能源,,0,bs_score_v2,70.43,71.98,71.98,49.5,25.89,70.43,,,,,,,8.78,6.38,-0.27334851936218674
liq20_bs_score_v2_b_bonus_0pct,2026-03-24,2026-03-25,2026-04-08,10,10,5,603738,泰晶科技,,0,bs_score_v2,70.29,73.01,73.01,49.5,27.47,70.29,,,,,,,26.0,26.19,0.007307692307692459
liq20_bs_score_v2_b_bonus_3pct,2026-03-24,2026-03-25,2026-04-08,10,10,5,688195,腾景科技,,0,bs_score_v2,74.1,79.81,79.81,99.8,28.62,74.1,,,,,,,272.0,339.0,0.24632352941176472
liq20_bs_score_v2_b_bonus_3pct,2026-03-24,2026-03-25,2026-04-08,10,10,5,603803,瑞斯康达,,0,bs_score_v2,72.29,78.93,78.93,99.34,25.67,72.29,,,,,,,15.61,14.0,-0.10313901345291476
liq20_bs_score_v2_b_bonus_3pct,2026-03-24,2026-03-25,2026-04-08,10,10,5,001258,立新能源,,0,bs_score_v2,71.39,77.63,77.63,99.93,24.91,71.39,,,,,,,10.88,8.62,-0.20772058823529427
liq20_bs_score_v2_b_bonus_3pct,2026-03-24,2026-03-25,2026-04-08,10,10,5,000862,银星能源,,0,bs_score_v2,70.43,71.98,71.98,49.5,25.89,70.43,,,,,,,8.78,6.38,-0.27334851936218674
liq20_bs_score_v2_b_bonus_3pct,2026-03-24,2026-03-25,2026-04-08,10,10,5,603738,泰晶科技,,0,bs_score_v2,70.29,73.01,73.01,49.5,27.47,70.29,,,,,,,26.0,26.19,0.007307692307692459
liq20_bs_score_v2_b_bonus_5pct,2026-03-24,2026-03-25,2026-04-08,10,10,5,688195,腾景科技,,0,bs_score_v2,74.1,79.81,79.81,99.8,28.62,74.1,,,,,,,272.0,339.0,0.24632352941176472
liq20_bs_score_v2_b_bonus_5pct,2026-03-24,2026-03-25,2026-04-08,10,10,5,603803,瑞斯康达,,0,bs_score_v2,72.29,78.93,78.93,99.34,25.67,72.29,,,,,,,15.61,14.0,-0.10313901345291476
liq20_bs_score_v2_b_bonus_5pct,2026-03-24,2026-03-25,2026-04-08,10,10,5,001258,立新能源,,0,bs_score_v2,71.39,77.63,77.63,99.93,24.91,71.39,,,,,,,10.88,8.62,-0.20772058823529427
liq20_bs_score_v2_b_bonus_5pct,2026-03-24,2026-03-25,2026-04-08,10,10,5,000862,银星能源,,0,bs_score_v2,70.43,71.98,71.98,49.5,25.89,70.43,,,,,,,8.78,6.38,-0.27334851936218674
liq20_bs_score_v2_b_bonus_5pct,2026-03-24,2026-03-25,2026-04-08,10,10,5,603738,泰晶科技,,0,bs_score_v2,70.29,73.01,73.01,49.5,27.47,70.29,,,,,,,26.0,26.19,0.007307692307692459
liq20_bs_score_v2_b_bonus_8pct,2026-03-24,2026-03-25,2026-04-08,10,10,5,688195,腾景科技,,0,bs_score_v2,74.1,79.81,79.81,99.8,28.62,74.1,,,,,,,272.0,339.0,0.24632352941176472
liq20_bs_score_v2_b_bonus_8pct,2026-03-24,2026-03-25,2026-04-08,10,10,5,603803,瑞斯康达,,0,bs_score_v2,72.29,78.93,78.93,99.34,25.67,72.29,,,,,,,15.61,14.0,-0.10313901345291476
liq20_bs_score_v2_b_bonus_8pct,2026-03-24,2026-03-25,2026-04-08,10,10,5,001258,立新能源,,0,bs_score_v2,71.39,77.63,77.63,99.93,24.91,71.39,,,,,,,10.88,8.62,-0.20772058823529427
liq20_bs_score_v2_b_bonus_8pct,2026-03-24,2026-03-25,2026-04-08,10,10,5,000791,甘肃能源,,1,bs_score_v2,71.02080000000001,59.72,59.72,49.5,25.52,65.76,,,,,,,8.47,7.36,-0.1310507674144038
liq20_bs_score_v2_b_bonus_8pct,2026-03-24,2026-03-25,2026-04-08,10,10,5,000862,银星能源,,0,bs_score_v2,70.43,71.98,71.98,49.5,25.89,70.43,,,,,,,8.78,6.38,-0.27334851936218674
baseline_full_score,2026-04-09,2026-04-10,2026-04-23,10,10,5,603588,高能环境,,0,score,83.25,83.25,83.25,99.62,28.45,77.08,,,,,,,18.3301,15.3909,-0.160348279605676
baseline_full_score,2026-04-09,2026-04-10,2026-04-23,10,10,5,300782,卓胜微,,0,score,82.79,82.79,82.79,98.32,28.9,74.15,,,,,,,99.58,104.78,0.052219321148825104
baseline_full_score,2026-04-09,2026-04-10,2026-04-23,10,10,5,002491,通鼎互联,,0,score,82.77,82.77,82.77,99.62,28.96,73.75,,,,,,,15.5,16.83,0.08580645161290312
baseline_full_score,2026-04-09,2026-04-10,2026-04-23,10,10,5,300868,杰美特,,0,score,82.32,82.32,82.32,96.81,22.49,74.5,,,,,,,57.38,72.68,0.26664342976646926
baseline_full_score,2026-04-09,2026-04-10,2026-04-23,10,10,5,002957,科瑞技术,,0,score,81.94,81.94,81.94,97.62,25.74,74.45,,,,,,,37.37,47.03,0.2584961198822586
baseline_b_score_v2,2026-04-09,2026-04-10,2026-04-23,10,10,5,600176,中国巨石,,1,bs_score_v2,74.63,79.63,79.63,97.68,29.02,74.63,,,,,TRADE,,29.34,33.52,0.14246762099522847
baseline_b_score_v2,2026-04-09,2026-04-10,2026-04-23,10,10,5,603259,药明康德,,1,bs_score_v2,72.15,76.44,76.44,97.71,29.73,72.15,,,,,TRADE,,106.0,100.19,-0.05481132075471695
baseline_b_score_v2,2026-04-09,2026-04-10,2026-04-23,10,10,5,002475,立讯精密,,1,bs_score_v2,71.44,74.48,74.48,98.97,29.91,71.44,,,,,WATCH,,55.42,67.77,0.22284373872248264
baseline_b_score_v2,2026-04-09,2026-04-10,2026-04-23,10,10,5,603061,金海通,,1,bs_score_v2,71.26,75.43,75.43,99.62,24.95,71.26,,,,,TRADE,,457.124,246.44,-0.46089026172329617
baseline_b_score_v2,2026-04-09,2026-04-10,2026-04-23,10,10,5,600522,中天科技,,1,bs_score_v2,69.02,69.6,69.6,48.33,29.76,69.02,,,,,WATCH,,31.38,34.07,0.08572339069471013
baseline_full_liquidity,2026-04-09,2026-04-10,2026-04-23,10,10,5,300502,新易盛,,0,s_liquidity,30.0,58.54,58.53999999999999,48.33,30.0,61.92,,,,,,,493.0,608.28,0.23383367139959432
baseline_full_liquidity,2026-04-09,2026-04-10,2026-04-23,10,10,5,300308,中际旭创,,0,s_liquidity,29.99,66.02,66.02,97.05,29.99,65.35,,,,,,,700.8278,898.0607,0.2814284764388626
baseline_full_liquidity,2026-04-09,2026-04-10,2026-04-23,10,10,5,300274,阳光电源,,0,s_liquidity,29.99,26.74,26.74,48.33,29.99,35.3,,,,,,,125.61,134.5,0.07077461985510713
baseline_full_liquidity,2026-04-09,2026-04-10,2026-04-23,10,10,5,300750,宁德时代,,0,s_liquidity,29.98,44.09,44.09,48.33,29.98,55.83,,,,,,,400.1787,438.9,0.09676002245996607
baseline_full_liquidity,2026-04-09,2026-04-10,2026-04-23,10,10,5,000988,华工科技,,0,s_liquidity,29.98,42.91,42.91,48.33,29.98,47.37,,,,,,,117.0,117.65,0.005555555555555536
baseline_full_liq_breakout_adj,2026-04-09,2026-04-10,2026-04-23,10,10,5,603588,高能环境,,0,score_liq_breakout_adj,83.25,83.25,83.25,99.62,28.45,77.08,,,,,,,18.3301,15.3909,-0.160348279605676
baseline_full_liq_breakout_adj,2026-04-09,2026-04-10,2026-04-23,10,10,5,300782,卓胜微,,0,score_liq_breakout_adj,82.79,82.79,82.79,98.32,28.9,74.15,,,,,,,99.58,104.78,0.052219321148825104
baseline_full_liq_breakout_adj,2026-04-09,2026-04-10,2026-04-23,10,10,5,002491,通鼎互联,,0,score_liq_breakout_adj,82.77,82.77,82.77,99.62,28.96,73.75,,,,,,,15.5,16.83,0.08580645161290312
baseline_full_liq_breakout_adj,2026-04-09,2026-04-10,2026-04-23,10,10,5,300868,杰美特,,0,score_liq_breakout_adj,82.32,82.32,82.32,96.81,22.49,74.5,,,,,,,57.38,72.68,0.26664342976646926
baseline_full_liq_breakout_adj,2026-04-09,2026-04-10,2026-04-23,10,10,5,002957,科瑞技术,,0,score_liq_breakout_adj,81.94,81.94,81.94,97.62,25.74,74.45,,,,,,,37.37,47.03,0.2584961198822586
liq_top_10_then_score,2026-04-09,2026-04-10,2026-04-23,10,10,5,603588,高能环境,,0,score,83.25,83.25,83.25,99.62,28.45,77.08,,,,,,,18.3301,15.3909,-0.160348279605676
liq_top_10_then_score,2026-04-09,2026-04-10,2026-04-23,10,10,5,300782,卓胜微,,0,score,82.79,82.79,82.79,98.32,28.9,74.15,,,,,,,99.58,104.78,0.052219321148825104
liq_top_10_then_score,2026-04-09,2026-04-10,2026-04-23,10,10,5,002491,通鼎互联,,0,score,82.77,82.77,82.77,99.62,28.96,73.75,,,,,,,15.5,16.83,0.08580645161290312
liq_top_10_then_score,2026-04-09,2026-04-10,2026-04-23,10,10,5,300456,赛微电子,,0,score,80.06,80.06,80.06,97.8,29.14,74.79,,,,,,,54.2404,47.4553,-0.1250931040331561
liq_top_10_then_score,2026-04-09,2026-04-10,2026-04-23,10,10,5,600176,中国巨石,,1,score,79.63,79.63,79.63,97.68,29.02,74.63,,,,,TRADE,,29.34,33.52,0.14246762099522847
liq_top_20_then_score,2026-04-09,2026-04-10,2026-04-23,10,10,5,603588,高能环境,,0,score,83.25,83.25,83.25,99.62,28.45,77.08,,,,,,,18.3301,15.3909,-0.160348279605676
liq_top_20_then_score,2026-04-09,2026-04-10,2026-04-23,10,10,5,300782,卓胜微,,0,score,82.79,82.79,82.79,98.32,28.9,74.15,,,,,,,99.58,104.78,0.052219321148825104
liq_top_20_then_score,2026-04-09,2026-04-10,2026-04-23,10,10,5,002491,通鼎互联,,0,score,82.77,82.77,82.77,99.62,28.96,73.75,,,,,,,15.5,16.83,0.08580645161290312
liq_top_20_then_score,2026-04-09,2026-04-10,2026-04-23,10,10,5,002957,科瑞技术,,0,score,81.94,81.94,81.94,97.62,25.74,74.45,,,,,,,37.37,47.03,0.2584961198822586
liq_top_20_then_score,2026-04-09,2026-04-10,2026-04-23,10,10,5,000703,恒逸石化,,0,score,81.82,81.82,81.82,98.94,25.75,74.42,,,,,,,15.59,14.98,-0.03912764592687612
liq_top_30_then_score,2026-04-09,2026-04-10,2026-04-23,10,10,5,603588,高能环境,,0,score,83.25,83.25,83.25,99.62,28.45,77.08,,,,,,,18.3301,15.3909,-0.160348279605676
liq_top_30_then_score,2026-04-09,2026-04-10,2026-04-23,10,10,5,300782,卓胜微,,0,score,82.79,82.79,82.79,98.32,28.9,74.15,,,,,,,99.58,104.78,0.052219321148825104
liq_top_30_then_score,2026-04-09,2026-04-10,2026-04-23,10,10,5,002491,通鼎互联,,0,score,82.77,82.77,82.77,99.62,28.96,73.75,,,,,,,15.5,16.83,0.08580645161290312
liq_top_30_then_score,2026-04-09,2026-04-10,2026-04-23,10,10,5,300868,杰美特,,0,score,82.32,82.32,82.32,96.81,22.49,74.5,,,,,,,57.38,72.68,0.26664342976646926
liq_top_30_then_score,2026-04-09,2026-04-10,2026-04-23,10,10,5,002957,科瑞技术,,0,score,81.94,81.94,81.94,97.62,25.74,74.45,,,,,,,37.37,47.03,0.2584961198822586
liq_top_10_then_liq_breakout_adj,2026-04-09,2026-04-10,2026-04-23,10,10,5,603588,高能环境,,0,score_liq_breakout_adj,83.25,83.25,83.25,99.62,28.45,77.08,,,,,,,18.3301,15.3909,-0.160348279605676
liq_top_10_then_liq_breakout_adj,2026-04-09,2026-04-10,2026-04-23,10,10,5,300782,卓胜微,,0,score_liq_breakout_adj,82.79,82.79,82.79,98.32,28.9,74.15,,,,,,,99.58,104.78,0.052219321148825104
liq_top_10_then_liq_breakout_adj,2026-04-09,2026-04-10,2026-04-23,10,10,5,002491,通鼎互联,,0,score_liq_breakout_adj,82.77,82.77,82.77,99.62,28.96,73.75,,,,,,,15.5,16.83,0.08580645161290312
liq_top_10_then_liq_breakout_adj,2026-04-09,2026-04-10,2026-04-23,10,10,5,300456,赛微电子,,0,score_liq_breakout_adj,80.06,80.06,80.06,97.8,29.14,74.79,,,,,,,54.2404,47.4553,-0.1250931040331561
liq_top_10_then_liq_breakout_adj,2026-04-09,2026-04-10,2026-04-23,10,10,5,600176,中国巨石,,1,score_liq_breakout_adj,79.63,79.63,79.63,97.68,29.02,74.63,,,,,TRADE,,29.34,33.52,0.14246762099522847
liq_top_20_then_liq_breakout_adj,2026-04-09,2026-04-10,2026-04-23,10,10,5,603588,高能环境,,0,score_liq_breakout_adj,83.25,83.25,83.25,99.62,28.45,77.08,,,,,,,18.3301,15.3909,-0.160348279605676
liq_top_20_then_liq_breakout_adj,2026-04-09,2026-04-10,2026-04-23,10,10,5,300782,卓胜微,,0,score_liq_breakout_adj,82.79,82.79,82.79,98.32,28.9,74.15,,,,,,,99.58,104.78,0.052219321148825104
liq_top_20_then_liq_breakout_adj,2026-04-09,2026-04-10,2026-04-23,10,10,5,002491,通鼎互联,,0,score_liq_breakout_adj,82.77,82.77,82.77,99.62,28.96,73.75,,,,,,,15.5,16.83,0.08580645161290312
liq_top_20_then_liq_breakout_adj,2026-04-09,2026-04-10,2026-04-23,10,10,5,002957,科瑞技术,,0,score_liq_breakout_adj,81.94,81.94,81.94,97.62,25.74,74.45,,,,,,,37.37,47.03,0.2584961198822586
liq_top_20_then_liq_breakout_adj,2026-04-09,2026-04-10,2026-04-23,10,10,5,000703,恒逸石化,,0,score_liq_breakout_adj,81.82,81.82,81.82,98.94,25.75,74.42,,,,,,,15.59,14.98,-0.03912764592687612
liq_top_30_then_liq_breakout_adj,2026-04-09,2026-04-10,2026-04-23,10,10,5,603588,高能环境,,0,score_liq_breakout_adj,83.25,83.25,83.25,99.62,28.45,77.08,,,,,,,18.3301,15.3909,-0.160348279605676
liq_top_30_then_liq_breakout_adj,2026-04-09,2026-04-10,2026-04-23,10,10,5,300782,卓胜微,,0,score_liq_breakout_adj,82.79,82.79,82.79,98.32,28.9,74.15,,,,,,,99.58,104.78,0.052219321148825104
liq_top_30_then_liq_breakout_adj,2026-04-09,2026-04-10,2026-04-23,10,10,5,002491,通鼎互联,,0,score_liq_breakout_adj,82.77,82.77,82.77,99.62,28.96,73.75,,,,,,,15.5,16.83,0.08580645161290312
liq_top_30_then_liq_breakout_adj,2026-04-09,2026-04-10,2026-04-23,10,10,5,300868,杰美特,,0,score_liq_breakout_adj,82.32,82.32,82.32,96.81,22.49,74.5,,,,,,,57.38,72.68,0.26664342976646926
liq_top_30_then_liq_breakout_adj,2026-04-09,2026-04-10,2026-04-23,10,10,5,002957,科瑞技术,,0,score_liq_breakout_adj,81.94,81.94,81.94,97.62,25.74,74.45,,,,,,,37.37,47.03,0.2584961198822586
liq_top_20_then_bs_v2,2026-04-09,2026-04-10,2026-04-23,10,10,5,603588,高能环境,,0,bs_score_v2,77.08,83.25,83.25,99.62,28.45,77.08,,,,,,,18.3301,15.3909,-0.160348279605676
liq_top_20_then_bs_v2,2026-04-09,2026-04-10,2026-04-23,10,10,5,300456,赛微电子,,0,bs_score_v2,74.79,80.06,80.06,97.8,29.14,74.79,,,,,,,54.2404,47.4553,-0.1250931040331561
liq_top_20_then_bs_v2,2026-04-09,2026-04-10,2026-04-23,10,10,5,600176,中国巨石,,1,bs_score_v2,74.63,79.63,79.63,97.68,29.02,74.63,,,,,TRADE,,29.34,33.52,0.14246762099522847
liq_top_20_then_bs_v2,2026-04-09,2026-04-10,2026-04-23,10,10,5,002957,科瑞技术,,0,bs_score_v2,74.45,81.94,81.94,97.62,25.74,74.45,,,,,,,37.37,47.03,0.2584961198822586
liq_top_20_then_bs_v2,2026-04-09,2026-04-10,2026-04-23,10,10,5,000703,恒逸石化,,0,bs_score_v2,74.42,81.82,81.82,98.94,25.75,74.42,,,,,,,15.59,14.98,-0.03912764592687612
tiered_liquidity_then_score,2026-04-09,2026-04-10,2026-04-23,10,10,5,603588,高能环境,,0,score,83.25,83.25,83.25,99.62,28.45,77.08,,,,,,,18.3301,15.3909,-0.160348279605676
tiered_liquidity_then_score,2026-04-09,2026-04-10,2026-04-23,10,10,5,300782,卓胜微,,0,score,82.79,82.79,82.79,98.32,28.9,74.15,,,,,,,99.58,104.78,0.052219321148825104
tiered_liquidity_then_score,2026-04-09,2026-04-10,2026-04-23,10,10,5,002491,通鼎互联,,0,score,82.77,82.77,82.77,99.62,28.96,73.75,,,,,,,15.5,16.83,0.08580645161290312
tiered_liquidity_then_score,2026-04-09,2026-04-10,2026-04-23,10,10,5,300456,赛微电子,,0,score,80.06,80.06,80.06,97.8,29.14,74.79,,,,,,,54.2404,47.4553,-0.1250931040331561
tiered_liquidity_then_score,2026-04-09,2026-04-10,2026-04-23,10,10,5,600176,中国巨石,,1,score,79.63,79.63,79.63,97.68,29.02,74.63,,,,,TRADE,,29.34,33.52,0.14246762099522847
tiered_liquidity_then_liq_breakout_adj,2026-04-09,2026-04-10,2026-04-23,10,10,5,603588,高能环境,,0,score_liq_breakout_adj,83.25,83.25,83.25,99.62,28.45,77.08,,,,,,,18.3301,15.3909,-0.160348279605676
tiered_liquidity_then_liq_breakout_adj,2026-04-09,2026-04-10,2026-04-23,10,10,5,300782,卓胜微,,0,score_liq_breakout_adj,82.79,82.79,82.79,98.32,28.9,74.15,,,,,,,99.58,104.78,0.052219321148825104
tiered_liquidity_then_liq_breakout_adj,2026-04-09,2026-04-10,2026-04-23,10,10,5,002491,通鼎互联,,0,score_liq_breakout_adj,82.77,82.77,82.77,99.62,28.96,73.75,,,,,,,15.5,16.83,0.08580645161290312
tiered_liquidity_then_liq_breakout_adj,2026-04-09,2026-04-10,2026-04-23,10,10,5,300456,赛微电子,,0,score_liq_breakout_adj,80.06,80.06,80.06,97.8,29.14,74.79,,,,,,,54.2404,47.4553,-0.1250931040331561
tiered_liquidity_then_liq_breakout_adj,2026-04-09,2026-04-10,2026-04-23,10,10,5,600176,中国巨石,,1,score_liq_breakout_adj,79.63,79.63,79.63,97.68,29.02,74.63,,,,,TRADE,,29.34,33.52,0.14246762099522847
tiered_liquidity_then_bs_v2,2026-04-09,2026-04-10,2026-04-23,10,10,5,603588,高能环境,,0,bs_score_v2,77.08,83.25,83.25,99.62,28.45,77.08,,,,,,,18.3301,15.3909,-0.160348279605676
tiered_liquidity_then_bs_v2,2026-04-09,2026-04-10,2026-04-23,10,10,5,300456,赛微电子,,0,bs_score_v2,74.79,80.06,80.06,97.8,29.14,74.79,,,,,,,54.2404,47.4553,-0.1250931040331561
tiered_liquidity_then_bs_v2,2026-04-09,2026-04-10,2026-04-23,10,10,5,600176,中国巨石,,1,bs_score_v2,74.63,79.63,79.63,97.68,29.02,74.63,,,,,TRADE,,29.34,33.52,0.14246762099522847
tiered_liquidity_then_bs_v2,2026-04-09,2026-04-10,2026-04-23,10,10,5,300782,卓胜微,,0,bs_score_v2,74.15,82.79,82.79,98.32,28.9,74.15,,,,,,,99.58,104.78,0.052219321148825104
tiered_liquidity_then_bs_v2,2026-04-09,2026-04-10,2026-04-23,10,10,5,002491,通鼎互联,,0,bs_score_v2,73.75,82.77,82.77,99.62,28.96,73.75,,,,,,,15.5,16.83,0.08580645161290312
liq20_score_b_bonus_0pct,2026-04-09,2026-04-10,2026-04-23,10,10,5,603588,高能环境,,0,score,83.25,83.25,83.25,99.62,28.45,77.08,,,,,,,18.3301,15.3909,-0.160348279605676
liq20_score_b_bonus_0pct,2026-04-09,2026-04-10,2026-04-23,10,10,5,300782,卓胜微,,0,score,82.79,82.79,82.79,98.32,28.9,74.15,,,,,,,99.58,104.78,0.052219321148825104
liq20_score_b_bonus_0pct,2026-04-09,2026-04-10,2026-04-23,10,10,5,002491,通鼎互联,,0,score,82.77,82.77,82.77,99.62,28.96,73.75,,,,,,,15.5,16.83,0.08580645161290312
liq20_score_b_bonus_0pct,2026-04-09,2026-04-10,2026-04-23,10,10,5,002957,科瑞技术,,0,score,81.94,81.94,81.94,97.62,25.74,74.45,,,,,,,37.37,47.03,0.2584961198822586
liq20_score_b_bonus_0pct,2026-04-09,2026-04-10,2026-04-23,10,10,5,000703,恒逸石化,,0,score,81.82,81.82,81.82,98.94,25.75,74.42,,,,,,,15.59,14.98,-0.03912764592687612
liq20_score_b_bonus_3pct,2026-04-09,2026-04-10,2026-04-23,10,10,5,603588,高能环境,,0,score,83.25,83.25,83.25,99.62,28.45,77.08,,,,,,,18.3301,15.3909,-0.160348279605676
liq20_score_b_bonus_3pct,2026-04-09,2026-04-10,2026-04-23,10,10,5,300782,卓胜微,,0,score,82.79,82.79,82.79,98.32,28.9,74.15,,,,,,,99.58,104.78,0.052219321148825104
liq20_score_b_bonus_3pct,2026-04-09,2026-04-10,2026-04-23,10,10,5,002491,通鼎互联,,0,score,82.77,82.77,82.77,99.62,28.96,73.75,,,,,,,15.5,16.83,0.08580645161290312
liq20_score_b_bonus_3pct,2026-04-09,2026-04-10,2026-04-23,10,10,5,600176,中国巨石,,1,score,82.0189,79.63,79.63,97.68,29.02,74.63,,,,,TRADE,,29.34,33.52,0.14246762099522847
liq20_score_b_bonus_3pct,2026-04-09,2026-04-10,2026-04-23,10,10,5,002957,科瑞技术,,0,score,81.94,81.94,81.94,97.62,25.74,74.45,,,,,,,37.37,47.03,0.2584961198822586
liq20_score_b_bonus_5pct,2026-04-09,2026-04-10,2026-04-23,10,10,5,600176,中国巨石,,1,score,83.61149999999999,79.63,79.63,97.68,29.02,74.63,,,,,TRADE,,29.34,33.52,0.14246762099522847
liq20_score_b_bonus_5pct,2026-04-09,2026-04-10,2026-04-23,10,10,5,603588,高能环境,,0,score,83.25,83.25,83.25,99.62,28.45,77.08,,,,,,,18.3301,15.3909,-0.160348279605676
liq20_score_b_bonus_5pct,2026-04-09,2026-04-10,2026-04-23,10,10,5,300782,卓胜微,,0,score,82.79,82.79,82.79,98.32,28.9,74.15,,,,,,,99.58,104.78,0.052219321148825104
liq20_score_b_bonus_5pct,2026-04-09,2026-04-10,2026-04-23,10,10,5,002491,通鼎互联,,0,score,82.77,82.77,82.77,99.62,28.96,73.75,,,,,,,15.5,16.83,0.08580645161290312
liq20_score_b_bonus_5pct,2026-04-09,2026-04-10,2026-04-23,10,10,5,002957,科瑞技术,,0,score,81.94,81.94,81.94,97.62,25.74,74.45,,,,,,,37.37,47.03,0.2584961198822586
liq20_score_b_bonus_8pct,2026-04-09,2026-04-10,2026-04-23,10,10,5,600176,中国巨石,,1,score,86.0004,79.63,79.63,97.68,29.02,74.63,,,,,TRADE,,29.34,33.52,0.14246762099522847
liq20_score_b_bonus_8pct,2026-04-09,2026-04-10,2026-04-23,10,10,5,603588,高能环境,,0,score,83.25,83.25,83.25,99.62,28.45,77.08,,,,,,,18.3301,15.3909,-0.160348279605676
liq20_score_b_bonus_8pct,2026-04-09,2026-04-10,2026-04-23,10,10,5,300782,卓胜微,,0,score,82.79,82.79,82.79,98.32,28.9,74.15,,,,,,,99.58,104.78,0.052219321148825104
liq20_score_b_bonus_8pct,2026-04-09,2026-04-10,2026-04-23,10,10,5,002491,通鼎互联,,0,score,82.77,82.77,82.77,99.62,28.96,73.75,,,,,,,15.5,16.83,0.08580645161290312
liq20_score_b_bonus_8pct,2026-04-09,2026-04-10,2026-04-23,10,10,5,603259,药明康德,,1,score,82.5552,76.44,76.44,97.71,29.73,72.15,,,,,TRADE,,106.0,100.19,-0.05481132075471695
liq20_bs_score_v2_b_bonus_0pct,2026-04-09,2026-04-10,2026-04-23,10,10,5,603588,高能环境,,0,bs_score_v2,77.08,83.25,83.25,99.62,28.45,77.08,,,,,,,18.3301,15.3909,-0.160348279605676
liq20_bs_score_v2_b_bonus_0pct,2026-04-09,2026-04-10,2026-04-23,10,10,5,300456,赛微电子,,0,bs_score_v2,74.79,80.06,80.06,97.8,29.14,74.79,,,,,,,54.2404,47.4553,-0.1250931040331561
liq20_bs_score_v2_b_bonus_0pct,2026-04-09,2026-04-10,2026-04-23,10,10,5,600176,中国巨石,,1,bs_score_v2,74.63,79.63,79.63,97.68,29.02,74.63,,,,,TRADE,,29.34,33.52,0.14246762099522847
liq20_bs_score_v2_b_bonus_0pct,2026-04-09,2026-04-10,2026-04-23,10,10,5,002957,科瑞技术,,0,bs_score_v2,74.45,81.94,81.94,97.62,25.74,74.45,,,,,,,37.37,47.03,0.2584961198822586
liq20_bs_score_v2_b_bonus_0pct,2026-04-09,2026-04-10,2026-04-23,10,10,5,000703,恒逸石化,,0,bs_score_v2,74.42,81.82,81.82,98.94,25.75,74.42,,,,,,,15.59,14.98,-0.03912764592687612
liq20_bs_score_v2_b_bonus_3pct,2026-04-09,2026-04-10,2026-04-23,10,10,5,603588,高能环境,,0,bs_score_v2,77.08,83.25,83.25,99.62,28.45,77.08,,,,,,,18.3301,15.3909,-0.160348279605676
liq20_bs_score_v2_b_bonus_3pct,2026-04-09,2026-04-10,2026-04-23,10,10,5,600176,中国巨石,,1,bs_score_v2,76.8689,79.63,79.63,97.68,29.02,74.63,,,,,TRADE,,29.34,33.52,0.14246762099522847
liq20_bs_score_v2_b_bonus_3pct,2026-04-09,2026-04-10,2026-04-23,10,10,5,300456,赛微电子,,0,bs_score_v2,74.79,80.06,80.06,97.8,29.14,74.79,,,,,,,54.2404,47.4553,-0.1250931040331561
liq20_bs_score_v2_b_bonus_3pct,2026-04-09,2026-04-10,2026-04-23,10,10,5,002957,科瑞技术,,0,bs_score_v2,74.45,81.94,81.94,97.62,25.74,74.45,,,,,,,37.37,47.03,0.2584961198822586
liq20_bs_score_v2_b_bonus_3pct,2026-04-09,2026-04-10,2026-04-23,10,10,5,000703,恒逸石化,,0,bs_score_v2,74.42,81.82,81.82,98.94,25.75,74.42,,,,,,,15.59,14.98,-0.03912764592687612
liq20_bs_score_v2_b_bonus_5pct,2026-04-09,2026-04-10,2026-04-23,10,10,5,600176,中国巨石,,1,bs_score_v2,78.36149999999999,79.63,79.63,97.68,29.02,74.63,,,,,TRADE,,29.34,33.52,0.14246762099522847
liq20_bs_score_v2_b_bonus_5pct,2026-04-09,2026-04-10,2026-04-23,10,10,5,603588,高能环境,,0,bs_score_v2,77.08,83.25,83.25,99.62,28.45,77.08,,,,,,,18.3301,15.3909,-0.160348279605676
liq20_bs_score_v2_b_bonus_5pct,2026-04-09,2026-04-10,2026-04-23,10,10,5,603259,药明康德,,1,bs_score_v2,75.75750000000001,76.44,76.44,97.71,29.73,72.15,,,,,TRADE,,106.0,100.19,-0.05481132075471695
liq20_bs_score_v2_b_bonus_5pct,2026-04-09,2026-04-10,2026-04-23,10,10,5,002475,立讯精密,,1,bs_score_v2,75.012,74.48,74.48,98.97,29.91,71.44,,,,,WATCH,,55.42,67.77,0.22284373872248264
liq20_bs_score_v2_b_bonus_5pct,2026-04-09,2026-04-10,2026-04-23,10,10,5,603061,金海通,,1,bs_score_v2,74.82300000000001,75.43,75.43,99.62,24.95,71.26,,,,,TRADE,,457.124,246.44,-0.46089026172329617
liq20_bs_score_v2_b_bonus_8pct,2026-04-09,2026-04-10,2026-04-23,10,10,5,600176,中国巨石,,1,bs_score_v2,80.6004,79.63,79.63,97.68,29.02,74.63,,,,,TRADE,,29.34,33.52,0.14246762099522847
liq20_bs_score_v2_b_bonus_8pct,2026-04-09,2026-04-10,2026-04-23,10,10,5,603259,药明康德,,1,bs_score_v2,77.92200000000001,76.44,76.44,97.71,29.73,72.15,,,,,TRADE,,106.0,100.19,-0.05481132075471695
liq20_bs_score_v2_b_bonus_8pct,2026-04-09,2026-04-10,2026-04-23,10,10,5,002475,立讯精密,,1,bs_score_v2,77.15520000000001,74.48,74.48,98.97,29.91,71.44,,,,,WATCH,,55.42,67.77,0.22284373872248264
liq20_bs_score_v2_b_bonus_8pct,2026-04-09,2026-04-10,2026-04-23,10,10,5,603588,高能环境,,0,bs_score_v2,77.08,83.25,83.25,99.62,28.45,77.08,,,,,,,18.3301,15.3909,-0.160348279605676
liq20_bs_score_v2_b_bonus_8pct,2026-04-09,2026-04-10,2026-04-23,10,10,5,603061,金海通,,1,bs_score_v2,76.9608,75.43,75.43,99.62,24.95,71.26,,,,,TRADE,,457.124,246.44,-0.46089026172329617
