strategy,trade_date,symbol,name,industry,shares,entry_date,holding_trade_days,close,market_value,weight
production_governed_vol_position,2026-01-06,002465,海格通信,通信设备,5200,2026-01-06,1,19.06,99112.0,0.19364274135135892
production_governed_vol_position,2026-01-06,300058,蓝色光标,广告包装,3500,2026-01-06,1,13.66,47810.0,0.09341007611599472
production_governed_vol_position,2026-01-06,300136,信维通信,元器件,800,2026-01-06,1,64.12,51296.0,0.10022094257364705
production_governed_vol_position,2026-01-06,600118,中国卫星,航空,600,2026-01-06,1,107.01,64206.0,0.12544420303500434
production_governed_vol_position,2026-01-06,600362,江西铜业,铜,1500,2026-01-06,1,56.97,85455.0,0.16696000950621898
production_governed_vol_position,2026-01-07,002465,海格通信,通信设备,5200,2026-01-06,2,19.45,101140.0,0.19761388116102
production_governed_vol_position,2026-01-07,300058,蓝色光标,广告包装,3500,2026-01-06,2,14.3,50050.0,0.09779093090873098
production_governed_vol_position,2026-01-07,300136,信维通信,元器件,800,2026-01-06,2,67.01,53608.00000000001,0.10474278170140361
production_governed_vol_position,2026-01-07,600118,中国卫星,航空,600,2026-01-06,2,100.23,60138.0,0.11750151854124402
production_governed_vol_position,2026-01-07,600362,江西铜业,铜,1500,2026-01-06,2,55.28,82920.0,0.16201446535368577
production_governed_vol_position,2026-01-08,002465,海格通信,通信设备,5200,2026-01-06,3,20.31,105612.0,0.20041096601509864
production_governed_vol_position,2026-01-08,300058,蓝色光标,广告包装,3500,2026-01-06,3,15.06,52710.0,0.10002331192152265
production_governed_vol_position,2026-01-08,300136,信维通信,元器件,800,2026-01-06,3,76.2,60960.0,0.11567863962694025
production_governed_vol_position,2026-01-08,600118,中国卫星,航空,600,2026-01-06,3,102.0,61200.0,0.11613406734200694
production_governed_vol_position,2026-01-08,600362,江西铜业,铜,1500,2026-01-06,3,55.03,82545.0,0.15663866975075103
production_governed_vol_position,2026-01-09,002465,海格通信,通信设备,5200,2026-01-06,4,20.0,104000.0,0.19382006529550133
production_governed_vol_position,2026-01-09,300058,蓝色光标,广告包装,3500,2026-01-06,4,17.18,60130.0,0.11206154352133169
production_governed_vol_position,2026-01-09,300136,信维通信,元器件,800,2026-01-06,4,75.15,60120.00000000001,0.11204290697659174
production_governed_vol_position,2026-01-09,600118,中国卫星,航空,600,2026-01-06,4,106.05,63630.0,0.1185843341803149
production_governed_vol_position,2026-01-09,600362,江西铜业,铜,1500,2026-01-06,4,56.5,84750.0,0.15794471667109364
production_governed_vol_position,2026-01-12,002465,海格通信,通信设备,5200,2026-01-06,5,22.0,114400.0,0.20033828046797653
production_governed_vol_position,2026-01-12,300058,蓝色光标,广告包装,3500,2026-01-06,5,20.62,72170.0,0.12638473515186946
production_governed_vol_position,2026-01-12,300136,信维通信,元器件,800,2026-01-06,5,83.11,66488.0,0.11643436706079391
production_governed_vol_position,2026-01-12,600118,中国卫星,航空,600,2026-01-06,5,116.66,69996.0,0.12257760733947975
production_governed_vol_position,2026-01-12,600362,江西铜业,铜,1500,2026-01-06,5,56.02,84030.0,0.14715407087171387
production_governed_vol_position,2026-01-13,002465,海格通信,通信设备,5200,2026-01-06,6,24.2,125840.0,0.21667705601066511
production_governed_vol_position,2026-01-13,300058,蓝色光标,广告包装,3500,2026-01-06,6,20.85,72975.0,0.12565168596931253
production_governed_vol_position,2026-01-13,300136,信维通信,元器件,800,2026-01-06,6,74.1,59279.99999999999,0.10207100985626373
production_governed_vol_position,2026-01-13,600118,中国卫星,航空,600,2026-01-06,6,121.52,72912.0,0.12554320969365557
production_governed_vol_position,2026-01-13,600362,江西铜业,铜,1500,2026-01-06,6,57.21,85815.0,0.14776018405558827
production_governed_vol_position,2026-01-14,002465,海格通信,通信设备,5200,2026-01-06,7,26.62,138424.0,0.23099959282283308
production_governed_vol_position,2026-01-14,300058,蓝色光标,广告包装,3500,2026-01-06,7,21.63,75705.0,0.12633520324981637
production_governed_vol_position,2026-01-14,300136,信维通信,元器件,800,2026-01-06,7,75.3,60240.0,0.10052747696676491
production_governed_vol_position,2026-01-14,600118,中国卫星,航空,600,2026-01-06,7,118.7,71220.0,0.1188507123103087
production_governed_vol_position,2026-01-14,600362,江西铜业,铜,1500,2026-01-06,7,59.8,89700.0,0.14968981879015292
production_governed_vol_position,2026-01-15,002465,海格通信,通信设备,5200,2026-01-06,8,23.96,124592.0,0.2180182282168746
production_governed_vol_position,2026-01-15,300058,蓝色光标,广告包装,3500,2026-01-06,8,18.41,64435.0,0.11275205900181645
production_governed_vol_position,2026-01-15,300136,信维通信,元器件,800,2026-01-06,8,76.75,61400.0,0.10744124191373523
production_governed_vol_position,2026-01-15,600118,中国卫星,航空,600,2026-01-06,8,106.83,64098.0,0.11216235707144302
production_governed_vol_position,2026-01-15,600362,江西铜业,铜,1500,2026-01-06,8,62.0,93000.0,0.16273673449474557
production_governed_vol_position,2026-01-16,002465,海格通信,通信设备,5200,2026-01-06,9,21.56,112112.0,0.202403980010538
production_governed_vol_position,2026-01-16,300058,蓝色光标,广告包装,3500,2026-01-06,9,16.29,57015.0,0.10293334273138312
production_governed_vol_position,2026-01-16,300136,信维通信,元器件,800,2026-01-06,9,79.4,63520.00000000001,0.11467729422603624
production_governed_vol_position,2026-01-16,600118,中国卫星,航空,600,2026-01-06,9,101.9,61140.0,0.11038050643859973
production_governed_vol_position,2026-01-16,600362,江西铜业,铜,1500,2026-01-06,9,64.11,96165.0,0.17361369646169356
production_governed_vol_position,2026-01-19,002465,海格通信,通信设备,5200,2026-01-06,10,19.4,100879.99999999999,0.18671137964946438
production_governed_vol_position,2026-01-19,300058,蓝色光标,广告包装,3500,2026-01-06,10,16.91,59185.0,0.10954116776916685
production_governed_vol_position,2026-01-19,300136,信维通信,元器件,800,2026-01-06,10,78.25,62600.0,0.11586174034552411
production_governed_vol_position,2026-01-19,600118,中国卫星,航空,600,2026-01-06,10,104.89,62934.0,0.11647991640423666
production_governed_vol_position,2026-01-19,600362,江西铜业,铜,1500,2026-01-06,10,60.5,90750.0,0.16796250697054813
production_governed_vol_position,2026-01-20,000338,潍柴动力,汽车配件,4000,2026-01-20,1,21.6,86400.0,0.15909216882167135
production_governed_vol_position,2026-01-20,000938,紫光股份,IT设备,4400,2026-01-20,1,26.75,117700.0,0.21672625312859625
production_governed_vol_position,2026-01-20,002156,通富微电,半导体,1400,2026-01-20,1,51.01,71414.0,0.13149777944711616
production_governed_vol_position,2026-01-20,600089,特变电工,电气设备,1800,2026-01-20,1,30.78,55404.0,0.10201785325689675
production_governed_vol_position,2026-01-20,688525,佰维存储,半导体,200,2026-01-20,1,190.38,38076.0,0.07011103495432822
production_governed_vol_position,2026-01-21,000338,潍柴动力,汽车配件,4000,2026-01-20,2,22.56,90240.0,0.16370679377425237
production_governed_vol_position,2026-01-21,000938,紫光股份,IT设备,4400,2026-01-20,2,26.59,116996.0,0.21224556786804555
production_governed_vol_position,2026-01-21,002156,通富微电,半导体,1400,2026-01-20,2,56.11,78554.0,0.14250690911062303
production_governed_vol_position,2026-01-21,600089,特变电工,电气设备,1800,2026-01-20,2,29.6,53280.0,0.09665667079224476
production_governed_vol_position,2026-01-21,688525,佰维存储,半导体,200,2026-01-20,2,190.36,38072.0,0.06906743187692084
production_governed_vol_position,2026-01-22,000338,潍柴动力,汽车配件,4000,2026-01-20,3,22.36,89440.0,0.1633239151458195
production_governed_vol_position,2026-01-22,000938,紫光股份,IT设备,4400,2026-01-20,3,26.39,116116.0,0.21203622239570635
production_governed_vol_position,2026-01-22,002156,通富微电,半导体,1400,2026-01-20,3,56.0,78400.0,0.14316407588810653
production_governed_vol_position,2026-01-22,600089,特变电工,电气设备,1800,2026-01-20,3,28.9,52020.0,0.09499228606759313
production_governed_vol_position,2026-01-22,688525,佰维存储,半导体,200,2026-01-20,3,187.8,37560.0,0.06858727921374083
production_governed_vol_position,2026-01-23,000338,潍柴动力,汽车配件,4000,2026-01-20,4,23.5,94000.0,0.1701328477273692
production_governed_vol_position,2026-01-23,000938,紫光股份,IT设备,4400,2026-01-20,4,26.56,116864.0,0.21151494805118376
production_governed_vol_position,2026-01-23,002156,通富微电,半导体,1400,2026-01-20,4,56.34,78876.0,0.14275955848238267
production_governed_vol_position,2026-01-23,600089,特变电工,电气设备,1800,2026-01-20,4,28.55,51390.0,0.09301198983733514
production_governed_vol_position,2026-01-23,688525,佰维存储,半导体,200,2026-01-20,4,186.46,37292.0,0.06749568252605374
production_governed_vol_position,2026-01-26,000338,潍柴动力,汽车配件,4000,2026-01-20,5,24.32,97280.0,0.1779294945378992
production_governed_vol_position,2026-01-26,000938,紫光股份,IT设备,4400,2026-01-20,5,26.0,114400.0,0.20924274439900975
production_governed_vol_position,2026-01-26,002156,通富微电,半导体,1400,2026-01-20,5,51.8,72520.0,0.13264234111727435
production_governed_vol_position,2026-01-26,600089,特变电工,电气设备,1800,2026-01-20,5,29.07,52326.0,0.09570660702292469
production_governed_vol_position,2026-01-26,688525,佰维存储,半导体,200,2026-01-20,5,180.6,36120.0,0.06606510426304399
production_governed_vol_position,2026-01-27,000338,潍柴动力,汽车配件,4000,2026-01-20,6,24.01,96040.0,0.17565633824346447
production_governed_vol_position,2026-01-27,000938,紫光股份,IT设备,4400,2026-01-20,6,25.88,113872.0,0.20827091366576203
production_governed_vol_position,2026-01-27,002156,通富微电,半导体,1400,2026-01-20,6,53.25,74550.0,0.1363513121204735
production_governed_vol_position,2026-01-27,600089,特变电工,电气设备,1800,2026-01-20,6,28.3,50940.0,0.09316882413704788
production_governed_vol_position,2026-01-27,688525,佰维存储,半导体,200,2026-01-20,6,186.3,37260.0,0.06814822118858273
production_governed_vol_position,2026-01-28,000338,潍柴动力,汽车配件,4000,2026-01-20,7,23.75,95000.0,0.17372813186625005
production_governed_vol_position,2026-01-28,000938,紫光股份,IT设备,4400,2026-01-20,7,25.73,113212.0,0.20703272910359896
production_governed_vol_position,2026-01-28,002156,通富微电,半导体,1400,2026-01-20,7,54.11,75754.0,0.13853264106732535
production_governed_vol_position,2026-01-28,600089,特变电工,电气设备,1800,2026-01-20,7,28.06,50508.0,0.09236484720316378
production_governed_vol_position,2026-01-28,688525,佰维存储,半导体,200,2026-01-20,7,191.35,38270.0,0.06998500638443568
production_governed_vol_position,2026-01-29,000338,潍柴动力,汽车配件,4000,2026-01-20,8,23.23,92920.0,0.17247222492774772
production_governed_vol_position,2026-01-29,000938,紫光股份,IT设备,4400,2026-01-20,8,25.52,112288.0,0.208421881109416
production_governed_vol_position,2026-01-29,002156,通富微电,半导体,1400,2026-01-20,8,51.47,72058.0,0.13374950047184292
production_governed_vol_position,2026-01-29,600089,特变电工,电气设备,1800,2026-01-20,8,27.7,49860.0,0.09254697734500109
production_governed_vol_position,2026-01-29,688525,佰维存储,半导体,200,2026-01-20,8,187.7,37540.0,0.06967937283456359
production_governed_vol_position,2026-01-30,000338,潍柴动力,汽车配件,4000,2026-01-20,9,23.74,94960.0,0.17636284228511012
production_governed_vol_position,2026-01-30,000938,紫光股份,IT设备,4400,2026-01-20,9,25.02,110088.0,0.204459062568273
production_governed_vol_position,2026-01-30,002156,通富微电,半导体,1400,2026-01-20,9,52.06,72884.0,0.1353625673663434
production_governed_vol_position,2026-01-30,600089,特变电工,电气设备,1800,2026-01-20,9,27.2,48960.0,0.09093012592964397
production_governed_vol_position,2026-01-30,688525,佰维存储,半导体,200,2026-01-20,9,187.28,37456.0,0.06956451790892045
production_governed_vol_position_v1_2b_gate_tuned,2026-01-06,002465,海格通信,通信设备,5200,2026-01-06,1,19.06,99112.0,0.19364274135135892
production_governed_vol_position_v1_2b_gate_tuned,2026-01-06,300058,蓝色光标,广告包装,3500,2026-01-06,1,13.66,47810.0,0.09341007611599472
production_governed_vol_position_v1_2b_gate_tuned,2026-01-06,300136,信维通信,元器件,800,2026-01-06,1,64.12,51296.0,0.10022094257364705
production_governed_vol_position_v1_2b_gate_tuned,2026-01-06,600118,中国卫星,航空,600,2026-01-06,1,107.01,64206.0,0.12544420303500434
production_governed_vol_position_v1_2b_gate_tuned,2026-01-06,600362,江西铜业,铜,1500,2026-01-06,1,56.97,85455.0,0.16696000950621898
production_governed_vol_position_v1_2b_gate_tuned,2026-01-07,002465,海格通信,通信设备,5200,2026-01-06,2,19.45,101140.0,0.19761388116102
production_governed_vol_position_v1_2b_gate_tuned,2026-01-07,300058,蓝色光标,广告包装,3500,2026-01-06,2,14.3,50050.0,0.09779093090873098
production_governed_vol_position_v1_2b_gate_tuned,2026-01-07,300136,信维通信,元器件,800,2026-01-06,2,67.01,53608.00000000001,0.10474278170140361
production_governed_vol_position_v1_2b_gate_tuned,2026-01-07,600118,中国卫星,航空,600,2026-01-06,2,100.23,60138.0,0.11750151854124402
production_governed_vol_position_v1_2b_gate_tuned,2026-01-07,600362,江西铜业,铜,1500,2026-01-06,2,55.28,82920.0,0.16201446535368577
production_governed_vol_position_v1_2b_gate_tuned,2026-01-08,002465,海格通信,通信设备,5200,2026-01-06,3,20.31,105612.0,0.20041096601509864
production_governed_vol_position_v1_2b_gate_tuned,2026-01-08,300058,蓝色光标,广告包装,3500,2026-01-06,3,15.06,52710.0,0.10002331192152265
production_governed_vol_position_v1_2b_gate_tuned,2026-01-08,300136,信维通信,元器件,800,2026-01-06,3,76.2,60960.0,0.11567863962694025
production_governed_vol_position_v1_2b_gate_tuned,2026-01-08,600118,中国卫星,航空,600,2026-01-06,3,102.0,61200.0,0.11613406734200694
production_governed_vol_position_v1_2b_gate_tuned,2026-01-08,600362,江西铜业,铜,1500,2026-01-06,3,55.03,82545.0,0.15663866975075103
production_governed_vol_position_v1_2b_gate_tuned,2026-01-09,002465,海格通信,通信设备,5200,2026-01-06,4,20.0,104000.0,0.19382006529550133
production_governed_vol_position_v1_2b_gate_tuned,2026-01-09,300058,蓝色光标,广告包装,3500,2026-01-06,4,17.18,60130.0,0.11206154352133169
production_governed_vol_position_v1_2b_gate_tuned,2026-01-09,300136,信维通信,元器件,800,2026-01-06,4,75.15,60120.00000000001,0.11204290697659174
production_governed_vol_position_v1_2b_gate_tuned,2026-01-09,600118,中国卫星,航空,600,2026-01-06,4,106.05,63630.0,0.1185843341803149
production_governed_vol_position_v1_2b_gate_tuned,2026-01-09,600362,江西铜业,铜,1500,2026-01-06,4,56.5,84750.0,0.15794471667109364
production_governed_vol_position_v1_2b_gate_tuned,2026-01-12,002465,海格通信,通信设备,5200,2026-01-06,5,22.0,114400.0,0.20033828046797653
production_governed_vol_position_v1_2b_gate_tuned,2026-01-12,300058,蓝色光标,广告包装,3500,2026-01-06,5,20.62,72170.0,0.12638473515186946
production_governed_vol_position_v1_2b_gate_tuned,2026-01-12,300136,信维通信,元器件,800,2026-01-06,5,83.11,66488.0,0.11643436706079391
production_governed_vol_position_v1_2b_gate_tuned,2026-01-12,600118,中国卫星,航空,600,2026-01-06,5,116.66,69996.0,0.12257760733947975
production_governed_vol_position_v1_2b_gate_tuned,2026-01-12,600362,江西铜业,铜,1500,2026-01-06,5,56.02,84030.0,0.14715407087171387
production_governed_vol_position_v1_2b_gate_tuned,2026-01-13,002465,海格通信,通信设备,5200,2026-01-06,6,24.2,125840.0,0.21667705601066511
production_governed_vol_position_v1_2b_gate_tuned,2026-01-13,300058,蓝色光标,广告包装,3500,2026-01-06,6,20.85,72975.0,0.12565168596931253
production_governed_vol_position_v1_2b_gate_tuned,2026-01-13,300136,信维通信,元器件,800,2026-01-06,6,74.1,59279.99999999999,0.10207100985626373
production_governed_vol_position_v1_2b_gate_tuned,2026-01-13,600118,中国卫星,航空,600,2026-01-06,6,121.52,72912.0,0.12554320969365557
production_governed_vol_position_v1_2b_gate_tuned,2026-01-13,600362,江西铜业,铜,1500,2026-01-06,6,57.21,85815.0,0.14776018405558827
production_governed_vol_position_v1_2b_gate_tuned,2026-01-14,002465,海格通信,通信设备,5200,2026-01-06,7,26.62,138424.0,0.23099959282283308
production_governed_vol_position_v1_2b_gate_tuned,2026-01-14,300058,蓝色光标,广告包装,3500,2026-01-06,7,21.63,75705.0,0.12633520324981637
production_governed_vol_position_v1_2b_gate_tuned,2026-01-14,300136,信维通信,元器件,800,2026-01-06,7,75.3,60240.0,0.10052747696676491
production_governed_vol_position_v1_2b_gate_tuned,2026-01-14,600118,中国卫星,航空,600,2026-01-06,7,118.7,71220.0,0.1188507123103087
production_governed_vol_position_v1_2b_gate_tuned,2026-01-14,600362,江西铜业,铜,1500,2026-01-06,7,59.8,89700.0,0.14968981879015292
production_governed_vol_position_v1_2b_gate_tuned,2026-01-15,002465,海格通信,通信设备,5200,2026-01-06,8,23.96,124592.0,0.2180182282168746
production_governed_vol_position_v1_2b_gate_tuned,2026-01-15,300058,蓝色光标,广告包装,3500,2026-01-06,8,18.41,64435.0,0.11275205900181645
production_governed_vol_position_v1_2b_gate_tuned,2026-01-15,300136,信维通信,元器件,800,2026-01-06,8,76.75,61400.0,0.10744124191373523
production_governed_vol_position_v1_2b_gate_tuned,2026-01-15,600118,中国卫星,航空,600,2026-01-06,8,106.83,64098.0,0.11216235707144302
production_governed_vol_position_v1_2b_gate_tuned,2026-01-15,600362,江西铜业,铜,1500,2026-01-06,8,62.0,93000.0,0.16273673449474557
production_governed_vol_position_v1_2b_gate_tuned,2026-01-16,002465,海格通信,通信设备,5200,2026-01-06,9,21.56,112112.0,0.202403980010538
production_governed_vol_position_v1_2b_gate_tuned,2026-01-16,300058,蓝色光标,广告包装,3500,2026-01-06,9,16.29,57015.0,0.10293334273138312
production_governed_vol_position_v1_2b_gate_tuned,2026-01-16,300136,信维通信,元器件,800,2026-01-06,9,79.4,63520.00000000001,0.11467729422603624
production_governed_vol_position_v1_2b_gate_tuned,2026-01-16,600118,中国卫星,航空,600,2026-01-06,9,101.9,61140.0,0.11038050643859973
production_governed_vol_position_v1_2b_gate_tuned,2026-01-16,600362,江西铜业,铜,1500,2026-01-06,9,64.11,96165.0,0.17361369646169356
production_governed_vol_position_v1_2b_gate_tuned,2026-01-19,002465,海格通信,通信设备,5200,2026-01-06,10,19.4,100879.99999999999,0.18671137964946438
production_governed_vol_position_v1_2b_gate_tuned,2026-01-19,300058,蓝色光标,广告包装,3500,2026-01-06,10,16.91,59185.0,0.10954116776916685
production_governed_vol_position_v1_2b_gate_tuned,2026-01-19,300136,信维通信,元器件,800,2026-01-06,10,78.25,62600.0,0.11586174034552411
production_governed_vol_position_v1_2b_gate_tuned,2026-01-19,600118,中国卫星,航空,600,2026-01-06,10,104.89,62934.0,0.11647991640423666
production_governed_vol_position_v1_2b_gate_tuned,2026-01-19,600362,江西铜业,铜,1500,2026-01-06,10,60.5,90750.0,0.16796250697054813
production_governed_vol_position_v1_2b_gate_tuned,2026-01-20,000338,潍柴动力,汽车配件,4000,2026-01-20,1,21.6,86400.0,0.15909216882167135
production_governed_vol_position_v1_2b_gate_tuned,2026-01-20,000938,紫光股份,IT设备,4400,2026-01-20,1,26.75,117700.0,0.21672625312859625
production_governed_vol_position_v1_2b_gate_tuned,2026-01-20,002156,通富微电,半导体,1400,2026-01-20,1,51.01,71414.0,0.13149777944711616
production_governed_vol_position_v1_2b_gate_tuned,2026-01-20,600089,特变电工,电气设备,1800,2026-01-20,1,30.78,55404.0,0.10201785325689675
production_governed_vol_position_v1_2b_gate_tuned,2026-01-20,688525,佰维存储,半导体,200,2026-01-20,1,190.38,38076.0,0.07011103495432822
production_governed_vol_position_v1_2b_gate_tuned,2026-01-21,000338,潍柴动力,汽车配件,4000,2026-01-20,2,22.56,90240.0,0.16370679377425237
production_governed_vol_position_v1_2b_gate_tuned,2026-01-21,000938,紫光股份,IT设备,4400,2026-01-20,2,26.59,116996.0,0.21224556786804555
production_governed_vol_position_v1_2b_gate_tuned,2026-01-21,002156,通富微电,半导体,1400,2026-01-20,2,56.11,78554.0,0.14250690911062303
production_governed_vol_position_v1_2b_gate_tuned,2026-01-21,600089,特变电工,电气设备,1800,2026-01-20,2,29.6,53280.0,0.09665667079224476
production_governed_vol_position_v1_2b_gate_tuned,2026-01-21,688525,佰维存储,半导体,200,2026-01-20,2,190.36,38072.0,0.06906743187692084
production_governed_vol_position_v1_2b_gate_tuned,2026-01-22,000338,潍柴动力,汽车配件,4000,2026-01-20,3,22.36,89440.0,0.1633239151458195
production_governed_vol_position_v1_2b_gate_tuned,2026-01-22,000938,紫光股份,IT设备,4400,2026-01-20,3,26.39,116116.0,0.21203622239570635
production_governed_vol_position_v1_2b_gate_tuned,2026-01-22,002156,通富微电,半导体,1400,2026-01-20,3,56.0,78400.0,0.14316407588810653
production_governed_vol_position_v1_2b_gate_tuned,2026-01-22,600089,特变电工,电气设备,1800,2026-01-20,3,28.9,52020.0,0.09499228606759313
production_governed_vol_position_v1_2b_gate_tuned,2026-01-22,688525,佰维存储,半导体,200,2026-01-20,3,187.8,37560.0,0.06858727921374083
production_governed_vol_position_v1_2b_gate_tuned,2026-01-23,000338,潍柴动力,汽车配件,4000,2026-01-20,4,23.5,94000.0,0.1701328477273692
production_governed_vol_position_v1_2b_gate_tuned,2026-01-23,000938,紫光股份,IT设备,4400,2026-01-20,4,26.56,116864.0,0.21151494805118376
production_governed_vol_position_v1_2b_gate_tuned,2026-01-23,002156,通富微电,半导体,1400,2026-01-20,4,56.34,78876.0,0.14275955848238267
production_governed_vol_position_v1_2b_gate_tuned,2026-01-23,600089,特变电工,电气设备,1800,2026-01-20,4,28.55,51390.0,0.09301198983733514
production_governed_vol_position_v1_2b_gate_tuned,2026-01-23,688525,佰维存储,半导体,200,2026-01-20,4,186.46,37292.0,0.06749568252605374
production_governed_vol_position_v1_2b_gate_tuned,2026-01-26,000338,潍柴动力,汽车配件,4000,2026-01-20,5,24.32,97280.0,0.1779294945378992
production_governed_vol_position_v1_2b_gate_tuned,2026-01-26,000938,紫光股份,IT设备,4400,2026-01-20,5,26.0,114400.0,0.20924274439900975
production_governed_vol_position_v1_2b_gate_tuned,2026-01-26,002156,通富微电,半导体,1400,2026-01-20,5,51.8,72520.0,0.13264234111727435
production_governed_vol_position_v1_2b_gate_tuned,2026-01-26,600089,特变电工,电气设备,1800,2026-01-20,5,29.07,52326.0,0.09570660702292469
production_governed_vol_position_v1_2b_gate_tuned,2026-01-26,688525,佰维存储,半导体,200,2026-01-20,5,180.6,36120.0,0.06606510426304399
production_governed_vol_position_v1_2b_gate_tuned,2026-01-27,000338,潍柴动力,汽车配件,4000,2026-01-20,6,24.01,96040.0,0.17565633824346447
production_governed_vol_position_v1_2b_gate_tuned,2026-01-27,000938,紫光股份,IT设备,4400,2026-01-20,6,25.88,113872.0,0.20827091366576203
production_governed_vol_position_v1_2b_gate_tuned,2026-01-27,002156,通富微电,半导体,1400,2026-01-20,6,53.25,74550.0,0.1363513121204735
production_governed_vol_position_v1_2b_gate_tuned,2026-01-27,600089,特变电工,电气设备,1800,2026-01-20,6,28.3,50940.0,0.09316882413704788
production_governed_vol_position_v1_2b_gate_tuned,2026-01-27,688525,佰维存储,半导体,200,2026-01-20,6,186.3,37260.0,0.06814822118858273
production_governed_vol_position_v1_2b_gate_tuned,2026-01-28,000338,潍柴动力,汽车配件,4000,2026-01-20,7,23.75,95000.0,0.17372813186625005
production_governed_vol_position_v1_2b_gate_tuned,2026-01-28,000938,紫光股份,IT设备,4400,2026-01-20,7,25.73,113212.0,0.20703272910359896
production_governed_vol_position_v1_2b_gate_tuned,2026-01-28,002156,通富微电,半导体,1400,2026-01-20,7,54.11,75754.0,0.13853264106732535
production_governed_vol_position_v1_2b_gate_tuned,2026-01-28,600089,特变电工,电气设备,1800,2026-01-20,7,28.06,50508.0,0.09236484720316378
production_governed_vol_position_v1_2b_gate_tuned,2026-01-28,688525,佰维存储,半导体,200,2026-01-20,7,191.35,38270.0,0.06998500638443568
production_governed_vol_position_v1_2b_gate_tuned,2026-01-29,000338,潍柴动力,汽车配件,4000,2026-01-20,8,23.23,92920.0,0.17247222492774772
production_governed_vol_position_v1_2b_gate_tuned,2026-01-29,000938,紫光股份,IT设备,4400,2026-01-20,8,25.52,112288.0,0.208421881109416
production_governed_vol_position_v1_2b_gate_tuned,2026-01-29,002156,通富微电,半导体,1400,2026-01-20,8,51.47,72058.0,0.13374950047184292
production_governed_vol_position_v1_2b_gate_tuned,2026-01-29,600089,特变电工,电气设备,1800,2026-01-20,8,27.7,49860.0,0.09254697734500109
production_governed_vol_position_v1_2b_gate_tuned,2026-01-29,688525,佰维存储,半导体,200,2026-01-20,8,187.7,37540.0,0.06967937283456359
production_governed_vol_position_v1_2b_gate_tuned,2026-01-30,000338,潍柴动力,汽车配件,4000,2026-01-20,9,23.74,94960.0,0.17636284228511012
production_governed_vol_position_v1_2b_gate_tuned,2026-01-30,000938,紫光股份,IT设备,4400,2026-01-20,9,25.02,110088.0,0.204459062568273
production_governed_vol_position_v1_2b_gate_tuned,2026-01-30,002156,通富微电,半导体,1400,2026-01-20,9,52.06,72884.0,0.1353625673663434
production_governed_vol_position_v1_2b_gate_tuned,2026-01-30,600089,特变电工,电气设备,1800,2026-01-20,9,27.2,48960.0,0.09093012592964397
production_governed_vol_position_v1_2b_gate_tuned,2026-01-30,688525,佰维存储,半导体,200,2026-01-20,9,187.28,37456.0,0.06956451790892045
production_governed_vol_position_v1_2b_strict_precommit_uplift,2026-01-06,002465,海格通信,通信设备,5000,2026-01-06,1,19.06,95300.0,0.1866763583625562
production_governed_vol_position_v1_2b_strict_precommit_uplift,2026-01-06,300058,蓝色光标,广告包装,3100,2026-01-06,1,13.66,42346.0,0.08294855268857088
production_governed_vol_position_v1_2b_strict_precommit_uplift,2026-01-06,300136,信维通信,元器件,700,2026-01-06,1,64.12,44884.0,0.08792005948315815
production_governed_vol_position_v1_2b_strict_precommit_uplift,2026-01-06,600118,中国卫星,航空,500,2026-01-06,1,107.01,53505.0,0.10480712019085592
production_governed_vol_position_v1_2b_strict_precommit_uplift,2026-01-06,600362,江西铜业,铜,1400,2026-01-06,1,56.97,79758.0,0.15623224543841296
production_governed_vol_position_v1_2b_strict_precommit_uplift,2026-01-07,002465,海格通信,通信设备,5000,2026-01-06,2,19.45,97250.0,0.1904211005259252
production_governed_vol_position_v1_2b_strict_precommit_uplift,2026-01-07,300058,蓝色光标,广告包装,3100,2026-01-06,2,14.3,44330.0,0.0868006929183986
production_governed_vol_position_v1_2b_strict_precommit_uplift,2026-01-07,300136,信维通信,元器件,700,2026-01-06,2,67.01,46907.0,0.09184660732513701
production_governed_vol_position_v1_2b_strict_precommit_uplift,2026-01-07,600118,中国卫星,航空,500,2026-01-06,2,100.23,50115.0,0.09812805607050634
production_governed_vol_position_v1_2b_strict_precommit_uplift,2026-01-07,600362,江西铜业,铜,1400,2026-01-06,2,55.28,77392.0,0.1515379929244463
production_governed_vol_position_v1_2b_strict_precommit_uplift,2026-01-08,002465,海格通信,通信设备,5000,2026-01-06,3,20.31,101550.0,0.19367418395624564
production_governed_vol_position_v1_2b_strict_precommit_uplift,2026-01-08,300058,蓝色光标,广告包装,3100,2026-01-06,3,15.06,46686.0,0.08903863074526129
production_governed_vol_position_v1_2b_strict_precommit_uplift,2026-01-08,300136,信维通信,元器件,700,2026-01-06,3,76.2,53340.0,0.10172901006623479
production_governed_vol_position_v1_2b_strict_precommit_uplift,2026-01-08,600118,中国卫星,航空,500,2026-01-06,3,102.0,51000.0,0.09726620759988702
production_governed_vol_position_v1_2b_strict_precommit_uplift,2026-01-08,600362,江西铜业,铜,1400,2026-01-06,3,55.03,77042.0,0.14693300325314698
production_governed_vol_position_v1_2b_strict_precommit_uplift,2026-01-09,002465,海格通信,通信设备,5000,2026-01-06,4,20.0,100000.0,0.1877214378212851
production_governed_vol_position_v1_2b_strict_precommit_uplift,2026-01-09,300058,蓝色光标,广告包装,3100,2026-01-06,4,17.18,53258.0,0.09997668335486001
production_governed_vol_position_v1_2b_strict_precommit_uplift,2026-01-09,300136,信维通信,元器件,700,2026-01-06,4,75.15,52605.00000000001,0.09875086236588704
production_governed_vol_position_v1_2b_strict_precommit_uplift,2026-01-09,600118,中国卫星,航空,500,2026-01-06,4,106.05,53025.0,0.09953929240473643
production_governed_vol_position_v1_2b_strict_precommit_uplift,2026-01-09,600362,江西铜业,铜,1400,2026-01-06,4,56.5,79100.0,0.14848765731663652
production_governed_vol_position_v1_2b_strict_precommit_uplift,2026-01-12,002465,海格通信,通信设备,5000,2026-01-06,5,22.0,110000.0,0.19518316039894612
production_governed_vol_position_v1_2b_strict_precommit_uplift,2026-01-12,300058,蓝色光标,广告包装,3100,2026-01-06,5,20.62,63922.0,0.11342270890019486
production_governed_vol_position_v1_2b_strict_precommit_uplift,2026-01-12,300136,信维通信,元器件,700,2026-01-06,5,83.11,58177.0,0.10322882475026808
production_governed_vol_position_v1_2b_strict_precommit_uplift,2026-01-12,600118,中国卫星,航空,500,2026-01-06,5,116.66,58330.0,0.10350030678245935
production_governed_vol_position_v1_2b_strict_precommit_uplift,2026-01-12,600362,江西铜业,铜,1400,2026-01-06,5,56.02,78428.0,0.13916204457971407
production_governed_vol_position_v1_2b_strict_precommit_uplift,2026-01-13,002465,海格通信,通信设备,5000,2026-01-06,6,24.2,121000.0,0.21114157121528074
production_governed_vol_position_v1_2b_strict_precommit_uplift,2026-01-13,300058,蓝色光标,广告包装,3100,2026-01-06,6,20.85,64635.00000000001,0.11278624343388159
production_governed_vol_position_v1_2b_strict_precommit_uplift,2026-01-13,300136,信维通信,元器件,700,2026-01-06,6,74.1,51869.99999999999,0.0905116801565009
production_governed_vol_position_v1_2b_strict_precommit_uplift,2026-01-13,600118,中国卫星,航空,500,2026-01-06,6,121.52,60760.0,0.10602447824000379
production_governed_vol_position_v1_2b_strict_precommit_uplift,2026-01-13,600362,江西铜业,铜,1400,2026-01-06,6,57.21,80094.0,0.13976176037121235
production_governed_vol_position_v1_2b_strict_precommit_uplift,2026-01-14,002465,海格通信,通信设备,5000,2026-01-06,7,26.62,133100.0,0.2253452608218702
production_governed_vol_position_v1_2b_strict_precommit_uplift,2026-01-14,300058,蓝色光标,广告包装,3100,2026-01-06,7,21.63,67053.0,0.11352423571667064
production_governed_vol_position_v1_2b_strict_precommit_uplift,2026-01-14,300136,信维通信,元器件,700,2026-01-06,7,75.3,52710.0,0.08924078661097504
production_governed_vol_position_v1_2b_strict_precommit_uplift,2026-01-14,600118,中国卫星,航空,500,2026-01-06,7,118.7,59350.0,0.10048265386760327
production_governed_vol_position_v1_2b_strict_precommit_uplift,2026-01-14,600362,江西铜业,铜,1400,2026-01-06,7,59.8,83720.0,0.1417423383621861
production_governed_vol_position_v1_2b_strict_precommit_uplift,2026-01-15,002465,海格通信,通信设备,5000,2026-01-06,8,23.96,119800.0,0.2118377297262092
production_governed_vol_position_v1_2b_strict_precommit_uplift,2026-01-15,300058,蓝色光标,广告包装,3100,2026-01-06,8,18.41,57071.0,0.10091645303175698
production_governed_vol_position_v1_2b_strict_precommit_uplift,2026-01-15,300136,信维通信,元器件,700,2026-01-06,8,76.75,53725.0,0.09499984999616519
production_governed_vol_position_v1_2b_strict_precommit_uplift,2026-01-15,600118,中国卫星,航空,500,2026-01-06,8,106.83,53415.0,0.09445168892592208
production_governed_vol_position_v1_2b_strict_precommit_uplift,2026-01-15,600362,江西铜业,铜,1400,2026-01-06,8,62.0,86800.0,0.15348509966807145
production_governed_vol_position_v1_2b_strict_precommit_uplift,2026-01-16,002465,海格通信,通信设备,5000,2026-01-06,9,21.56,107800.0,0.19625005512990373
production_governed_vol_position_v1_2b_strict_precommit_uplift,2026-01-16,300058,蓝色光标,广告包装,3100,2026-01-06,9,16.29,50499.0,0.09193350217073291
production_governed_vol_position_v1_2b_strict_precommit_uplift,2026-01-16,300136,信维通信,元器件,700,2026-01-06,9,79.4,55580.00000000001,0.10118346998256077
production_governed_vol_position_v1_2b_strict_precommit_uplift,2026-01-16,600118,中国卫星,航空,500,2026-01-06,9,101.9,50950.0,0.09275454831974578
production_governed_vol_position_v1_2b_strict_precommit_uplift,2026-01-16,600362,江西铜业,铜,1400,2026-01-06,9,64.11,89754.0,0.1633972861607549
production_governed_vol_position_v1_2b_strict_precommit_uplift,2026-01-19,002465,海格通信,通信设备,5000,2026-01-06,10,19.4,97000.0,0.18095083587475402
production_governed_vol_position_v1_2b_strict_precommit_uplift,2026-01-19,300058,蓝色光标,广告包装,3100,2026-01-06,10,16.91,52421.0,0.0977899357462936
production_governed_vol_position_v1_2b_strict_precommit_uplift,2026-01-19,300136,信维通信,元器件,700,2026-01-06,10,78.25,54775.0,0.10218125809319228
production_governed_vol_position_v1_2b_strict_precommit_uplift,2026-01-19,600118,中国卫星,航空,500,2026-01-06,10,104.89,52445.0,0.0978347070871286
production_governed_vol_position_v1_2b_strict_precommit_uplift,2026-01-19,600362,江西铜业,铜,1400,2026-01-06,10,60.5,84700.0,0.15800552369682128
production_governed_vol_position_v1_2b_strict_precommit_uplift,2026-01-20,000338,潍柴动力,汽车配件,3500,2026-01-20,1,21.6,75600.0,0.14044014904987326
production_governed_vol_position_v1_2b_strict_precommit_uplift,2026-01-20,000938,紫光股份,IT设备,4000,2026-01-20,1,26.75,107000.0,0.19877111042773066
production_governed_vol_position_v1_2b_strict_precommit_uplift,2026-01-20,002156,通富微电,半导体,1200,2026-01-20,1,51.01,61212.0,0.1137119365560958
production_governed_vol_position_v1_2b_strict_precommit_uplift,2026-01-20,600089,特变电工,电气设备,1600,2026-01-20,1,30.78,49248.0,0.09148672566677457
production_governed_vol_position_v1_2b_strict_precommit_uplift,2026-01-20,688525,佰维存储,半导体,200,2026-01-20,1,190.38,38076.0,0.07073279252940443
production_governed_vol_position_v1_2b_strict_precommit_uplift,2026-01-21,000338,潍柴动力,汽车配件,3500,2026-01-20,2,22.56,78960.0,0.14481281726508
production_governed_vol_position_v1_2b_strict_precommit_uplift,2026-01-21,000938,紫光股份,IT设备,4000,2026-01-20,2,26.59,106360.0,0.19506447877803834
production_governed_vol_position_v1_2b_strict_precommit_uplift,2026-01-21,002156,通富微电,半导体,1200,2026-01-20,2,56.11,67332.0,0.12348703916023766
production_governed_vol_position_v1_2b_strict_precommit_uplift,2026-01-21,600089,特变电工,电气设备,1600,2026-01-20,2,29.6,47360.0,0.08685834632312801
production_governed_vol_position_v1_2b_strict_precommit_uplift,2026-01-21,688525,佰维存储,半导体,200,2026-01-20,2,190.36,38072.0,0.06982413347158213
production_governed_vol_position_v1_2b_strict_precommit_uplift,2026-01-22,000338,潍柴动力,汽车配件,3500,2026-01-20,3,22.36,78260.0,0.14439338094320991
production_governed_vol_position_v1_2b_strict_precommit_uplift,2026-01-22,000938,紫光股份,IT设备,4000,2026-01-20,3,26.39,105560.0,0.19476316499316687
production_governed_vol_position_v1_2b_strict_precommit_uplift,2026-01-22,002156,通富微电,半导体,1200,2026-01-20,3,56.0,67200.0,0.12398716073835557
production_governed_vol_position_v1_2b_strict_precommit_uplift,2026-01-22,600089,特变电工,电气设备,1600,2026-01-20,3,28.9,46240.0,0.08531497488901134
production_governed_vol_position_v1_2b_strict_precommit_uplift,2026-01-22,688525,佰维存储,半导体,200,2026-01-20,3,187.8,37560.0,0.06929996662697374
production_governed_vol_position_v1_2b_strict_precommit_uplift,2026-01-23,000338,潍柴动力,汽车配件,3500,2026-01-20,4,23.5,82250.0,0.150574397021898
production_governed_vol_position_v1_2b_strict_precommit_uplift,2026-01-23,000938,紫光股份,IT设备,4000,2026-01-20,4,26.56,106240.0,0.1944926922748504
production_governed_vol_position_v1_2b_strict_precommit_uplift,2026-01-23,002156,通富微电,半导体,1200,2026-01-20,4,56.34,67608.0,0.12376940831436452
production_governed_vol_position_v1_2b_strict_precommit_uplift,2026-01-23,600089,特变电工,电气设备,1600,2026-01-20,4,28.55,45680.0,0.08362599946456294
production_governed_vol_position_v1_2b_strict_precommit_uplift,2026-01-23,688525,佰维存储,半导体,200,2026-01-20,4,186.46,37292.0,0.06827015700596499
production_governed_vol_position_v1_2b_strict_precommit_uplift,2026-01-26,000338,潍柴动力,汽车配件,3500,2026-01-20,5,24.32,85120.0,0.15731395209179902
production_governed_vol_position_v1_2b_strict_precommit_uplift,2026-01-26,000938,紫光股份,IT设备,4000,2026-01-20,5,26.0,104000.0,0.19220689635276195
production_governed_vol_position_v1_2b_strict_precommit_uplift,2026-01-26,002156,通富微电,半导体,1200,2026-01-20,5,51.8,62160.0,0.1148805834354585
production_governed_vol_position_v1_2b_strict_precommit_uplift,2026-01-26,600089,特变电工,电气设备,1600,2026-01-20,5,29.07,46512.0,0.08596083810730447
production_governed_vol_position_v1_2b_strict_precommit_uplift,2026-01-26,688525,佰维存储,半导体,200,2026-01-20,5,180.6,36120.0,0.06675493361790155
production_governed_vol_position_v1_2b_strict_precommit_uplift,2026-01-27,000338,潍柴动力,汽车配件,3500,2026-01-20,6,24.01,84035.0,0.15528489661805683
production_governed_vol_position_v1_2b_strict_precommit_uplift,2026-01-27,000938,紫光股份,IT设备,4000,2026-01-20,6,25.88,103520.0,0.19129044443269164
production_governed_vol_position_v1_2b_strict_precommit_uplift,2026-01-27,002156,通富微电,半导体,1200,2026-01-20,6,53.25,63900.0,0.11807823994637748
production_governed_vol_position_v1_2b_strict_precommit_uplift,2026-01-27,600089,特变电工,电气设备,1600,2026-01-20,6,28.3,45280.0,0.08367109084150191
production_governed_vol_position_v1_2b_strict_precommit_uplift,2026-01-27,688525,佰维存储,半导体,200,2026-01-20,6,186.3,37260.0,0.0688512554053525
production_governed_vol_position_v1_2b_strict_precommit_uplift,2026-01-28,000338,潍柴动力,汽车配件,3500,2026-01-20,7,23.75,83125.0,0.15356134776212568
production_governed_vol_position_v1_2b_strict_precommit_uplift,2026-01-28,000938,紫光股份,IT设备,4000,2026-01-20,7,25.73,102920.0,0.19012973126830646
production_governed_vol_position_v1_2b_strict_precommit_uplift,2026-01-28,002156,通富微电,半导体,1200,2026-01-20,7,54.11,64932.0,0.11995242626033498
production_governed_vol_position_v1_2b_strict_precommit_uplift,2026-01-28,600089,特变电工,电气设备,1600,2026-01-20,7,28.06,44896.0,0.082938830305304
production_governed_vol_position_v1_2b_strict_precommit_uplift,2026-01-28,688525,佰维存储,半导体,200,2026-01-20,7,191.35,38270.0,0.070698258993763
production_governed_vol_position_v1_2b_strict_precommit_uplift,2026-01-29,000338,潍柴动力,汽车配件,3500,2026-01-20,8,23.23,81305.0,0.15220507735283678
production_governed_vol_position_v1_2b_strict_precommit_uplift,2026-01-29,000938,紫光股份,IT设备,4000,2026-01-20,8,25.52,102080.0,0.1910964183774378
production_governed_vol_position_v1_2b_strict_precommit_uplift,2026-01-29,002156,通富微电,半导体,1200,2026-01-20,8,51.47,61764.0,0.11562381646418561
production_governed_vol_position_v1_2b_strict_precommit_uplift,2026-01-29,600089,特变电工,电气设备,1600,2026-01-20,8,27.7,44320.0,0.08296819418581547
production_governed_vol_position_v1_2b_strict_precommit_uplift,2026-01-29,688525,佰维存储,半导体,200,2026-01-20,8,187.7,37540.0,0.07027585762038611
production_governed_vol_position_v1_2b_strict_precommit_uplift,2026-01-30,000338,潍柴动力,汽车配件,3500,2026-01-20,9,23.74,83090.0,0.1556605814969386
production_governed_vol_position_v1_2b_strict_precommit_uplift,2026-01-30,000938,紫光股份,IT设备,4000,2026-01-20,9,25.02,100080.0,0.1874896015912097
production_governed_vol_position_v1_2b_strict_precommit_uplift,2026-01-30,002156,通富微电,半导体,1200,2026-01-20,9,52.06,62472.0,0.11703487600525632
production_governed_vol_position_v1_2b_strict_precommit_uplift,2026-01-30,600089,特变电工,电气设备,1600,2026-01-20,9,27.2,43520.0,0.08153025041216473
production_governed_vol_position_v1_2b_strict_precommit_uplift,2026-01-30,688525,佰维存储,半导体,200,2026-01-20,9,187.28,37456.0,0.0701699691966462
