trade_date,signal_date,nav,equity,cash,position_ratio,actual_exposure,position_count,in_risk,force_sells
2023-01-04,2023-01-03,1.0,500000.0,500000.0,0.6,0.0,0,False,0
2023-01-05,2023-01-04,1.0,500000.0,500000.0,0.6,0.0,0,False,0
2023-01-06,2023-01-05,1.0,500000.0,500000.0,0.6,0.0,0,False,0
2023-01-09,2023-01-06,1.0,500000.0,500000.0,0.6,0.0,0,False,0
2023-01-10,2023-01-09,1.0,500000.0,500000.0,0.6,0.0,0,False,0
2023-01-11,2023-01-10,1.0,500000.0,500000.0,0.6,0.0,0,False,0
2023-01-12,2023-01-11,1.0,500000.0,500000.0,0.6,0.0,0,False,0
2023-01-13,2023-01-12,1.0,500000.0,500000.0,0.6,0.0,0,False,0
2023-01-16,2023-01-13,1.0,500000.0,500000.0,0.6,0.0,0,False,0
2023-01-17,2023-01-16,1.0,500000.0,500000.0,0.6,0.0,0,False,0
2023-01-18,2023-01-17,1.0,500000.0,500000.0,0.6,0.0,0,False,0
2023-01-19,2023-01-18,1.0,500000.0,500000.0,0.6,0.0,0,False,0
2023-01-20,2023-01-19,1.0,500000.0,500000.0,0.6,0.0,0,False,0
2023-01-30,2023-01-20,1.0,500000.0,500000.0,0.6,0.0,0,False,0
2023-01-31,2023-01-30,1.0,500000.0,500000.0,0.6,0.0,0,False,0
2023-02-01,2023-01-31,1.0,500000.0,500000.0,0.6,0.0,0,False,0
2023-02-02,2023-02-01,1.0,500000.0,500000.0,0.6,0.0,0,False,0
2023-02-03,2023-02-02,1.0,500000.0,500000.0,0.6,0.0,0,False,0
2023-02-06,2023-02-03,1.0,500000.0,500000.0,0.6,0.0,0,False,0
2023-02-07,2023-02-06,1.0,500000.0,500000.0,0.6,0.0,0,False,0
2023-02-08,2023-02-07,1.0,500000.0,500000.0,0.6,0.0,0,False,0
2023-02-09,2023-02-08,1.0,500000.0,500000.0,0.6,0.0,0,False,0
2023-02-10,2023-02-09,1.0,500000.0,500000.0,0.6,0.0,0,False,0
2023-02-13,2023-02-10,1.0,500000.0,500000.0,0.6,0.0,0,False,0
2023-02-14,2023-02-13,1.0,500000.0,500000.0,0.6,0.0,0,False,0
2023-02-15,2023-02-14,1.0,500000.0,500000.0,0.6,0.0,0,False,0
2023-02-16,2023-02-15,1.0,500000.0,500000.0,0.6,0.0,0,False,0
2023-02-17,2023-02-16,1.0,500000.0,500000.0,0.6,0.0,0,False,0
2023-02-20,2023-02-17,1.0,500000.0,500000.0,0.6,0.0,0,False,0
2023-02-21,2023-02-20,1.0,500000.0,500000.0,0.6,0.0,0,False,0
2023-02-22,2023-02-21,1.0,500000.0,500000.0,0.6,0.0,0,False,0
2023-02-23,2023-02-22,1.0,500000.0,500000.0,0.6,0.0,0,False,0
2023-02-24,2023-02-23,1.0,500000.0,500000.0,0.6,0.0,0,False,0
2023-02-27,2023-02-24,1.0,500000.0,500000.0,0.6,0.0,0,False,0
2023-02-28,2023-02-27,1.0,500000.0,500000.0,0.6,0.0,0,False,0
2023-03-01,2023-02-28,1.0,500000.0,500000.0,0.6,0.0,0,False,0
2023-03-02,2023-03-01,1.0,500000.0,500000.0,0.6,0.0,0,False,0
2023-03-03,2023-03-02,1.0,500000.0,500000.0,0.6,0.0,0,False,0
2023-03-06,2023-03-03,1.0,500000.0,500000.0,0.6,0.0,0,False,0
2023-03-07,2023-03-06,1.0,500000.0,500000.0,0.6,0.0,0,False,0
2023-03-08,2023-03-07,1.0,500000.0,500000.0,0.6,0.0,0,False,0
2023-03-09,2023-03-08,1.0,500000.0,500000.0,0.6,0.0,0,False,0
2023-03-10,2023-03-09,1.0,500000.0,500000.0,0.6,0.0,0,False,0
2023-03-13,2023-03-10,1.0,500000.0,500000.0,0.6,0.0,0,False,0
2023-03-14,2023-03-13,1.0,500000.0,500000.0,0.6,0.0,0,False,0
2023-03-15,2023-03-14,1.0,500000.0,500000.0,0.6,0.0,0,False,0
2023-03-16,2023-03-15,1.0,500000.0,500000.0,0.6,0.0,0,False,0
2023-03-17,2023-03-16,1.0,500000.0,500000.0,0.6,0.0,0,False,0
2023-03-20,2023-03-17,1.0,500000.0,500000.0,0.6,0.0,0,False,0
2023-03-21,2023-03-20,1.0,500000.0,500000.0,0.6,0.0,0,False,0
2023-03-22,2023-03-21,1.0,500000.0,500000.0,0.6,0.0,0,False,0
2023-03-23,2023-03-22,1.0,500000.0,500000.0,0.6,0.0,0,False,0
2023-03-24,2023-03-23,1.0,500000.0,500000.0,0.6,0.0,0,False,0
2023-03-27,2023-03-24,1.0,500000.0,500000.0,0.6,0.0,0,False,0
2023-03-28,2023-03-27,1.0,500000.0,500000.0,0.6,0.0,0,False,0
2023-03-29,2023-03-28,1.0,500000.0,500000.0,0.6,0.0,0,False,0
2023-03-30,2023-03-29,1.0,500000.0,500000.0,0.6,0.0,0,False,0
2023-03-31,2023-03-30,1.0,500000.0,500000.0,0.6,0.0,0,False,0
2023-04-03,2023-03-31,1.0,500000.0,500000.0,0.6,0.0,0,False,0
2023-04-04,2023-04-03,1.0,500000.0,500000.0,0.6,0.0,0,False,0
2023-04-06,2023-04-04,1.0,500000.0,500000.0,0.6,0.0,0,False,0
2023-04-07,2023-04-06,1.0,500000.0,500000.0,0.6,0.0,0,False,0
2023-04-10,2023-04-07,1.0,500000.0,500000.0,0.6,0.0,0,False,0
2023-04-11,2023-04-10,1.0,500000.0,500000.0,0.6,0.0,0,False,0
2023-04-12,2023-04-11,1.0,500000.0,500000.0,0.6,0.0,0,False,0
2023-04-13,2023-04-12,1.0,500000.0,500000.0,0.6,0.0,0,False,0
2023-04-14,2023-04-13,1.0,500000.0,500000.0,0.6,0.0,0,False,0
2023-04-17,2023-04-14,1.0,500000.0,500000.0,0.6,0.0,0,False,0
2023-04-18,2023-04-17,1.0,500000.0,500000.0,0.6,0.0,0,False,0
2023-04-19,2023-04-18,1.0,500000.0,500000.0,0.6,0.0,0,False,0
2023-04-20,2023-04-19,1.0,500000.0,500000.0,0.6,0.0,0,False,0
2023-04-21,2023-04-20,1.0,500000.0,500000.0,0.6,0.0,0,False,0
2023-04-24,2023-04-21,1.0,500000.0,500000.0,0.6,0.0,0,False,0
2023-04-25,2023-04-24,1.0,500000.0,500000.0,0.6,0.0,0,False,0
2023-04-26,2023-04-25,1.0,500000.0,500000.0,0.6,0.0,0,False,0
2023-04-27,2023-04-26,1.0,500000.0,500000.0,0.6,0.0,0,False,0
2023-04-28,2023-04-27,1.0,500000.0,500000.0,0.6,0.0,0,False,0
2023-05-04,2023-04-28,1.0,500000.0,500000.0,0.6,0.0,0,False,0
2023-05-05,2023-05-04,1.0,500000.0,500000.0,0.6,0.0,0,False,0
2023-05-08,2023-05-05,1.0,500000.0,500000.0,0.6,0.0,0,False,0
2023-05-09,2023-05-08,1.0,500000.0,500000.0,0.6,0.0,0,False,0
2023-05-10,2023-05-09,1.0,500000.0,500000.0,0.6,0.0,0,False,0
2023-05-11,2023-05-10,1.0,500000.0,500000.0,0.6,0.0,0,False,0
2023-05-12,2023-05-11,1.0,500000.0,500000.0,0.6,0.0,0,False,0
2023-05-15,2023-05-12,1.0,500000.0,500000.0,0.6,0.0,0,False,0
2023-05-16,2023-05-15,1.0,500000.0,500000.0,0.6,0.0,0,False,0
2023-05-17,2023-05-16,1.0,500000.0,500000.0,0.6,0.0,0,False,0
2023-05-18,2023-05-17,1.0,500000.0,500000.0,0.6,0.0,0,False,0
2023-05-19,2023-05-18,1.0,500000.0,500000.0,0.6,0.0,0,False,0
2023-05-22,2023-05-19,1.0,500000.0,500000.0,0.6,0.0,0,False,0
2023-05-23,2023-05-22,1.0,500000.0,500000.0,0.6,0.0,0,False,0
2023-05-24,2023-05-23,1.0,500000.0,500000.0,0.6,0.0,0,False,0
2023-05-25,2023-05-24,1.0,500000.0,500000.0,0.6,0.0,0,False,0
2023-05-26,2023-05-25,1.0,500000.0,500000.0,0.6,0.0,0,False,0
2023-05-29,2023-05-26,1.0,500000.0,500000.0,0.6,0.0,0,False,0
2023-05-30,2023-05-29,1.0,500000.0,500000.0,0.6,0.0,0,False,0
2023-05-31,2023-05-30,1.0,500000.0,500000.0,0.6,0.0,0,False,0
2023-06-01,2023-05-31,1.0,500000.0,500000.0,0.6,0.0,0,False,0
2023-06-02,2023-06-01,1.0,500000.0,500000.0,0.6,0.0,0,False,0
2023-06-05,2023-06-02,1.0,500000.0,500000.0,0.6,0.0,0,False,0
2023-06-06,2023-06-05,1.0,500000.0,500000.0,0.6,0.0,0,False,0
2023-06-07,2023-06-06,1.0,500000.0,500000.0,0.6,0.0,0,False,0
2023-06-08,2023-06-07,1.0,500000.0,500000.0,0.6,0.0,0,False,0
2023-06-09,2023-06-08,1.0,500000.0,500000.0,0.6,0.0,0,False,0
2023-06-12,2023-06-09,1.0,500000.0,500000.0,0.6,0.0,0,False,0
2023-06-13,2023-06-12,1.0,500000.0,500000.0,0.6,0.0,0,False,0
2023-06-14,2023-06-13,1.0,500000.0,500000.0,0.6,0.0,0,False,0
2023-06-15,2023-06-14,1.0,500000.0,500000.0,0.6,0.0,0,False,0
2023-06-16,2023-06-15,1.0,500000.0,500000.0,0.6,0.0,0,False,0
2023-06-19,2023-06-16,1.0,500000.0,500000.0,0.6,0.0,0,False,0
2023-06-20,2023-06-19,1.0,500000.0,500000.0,0.6,0.0,0,False,0
2023-06-21,2023-06-20,1.0,500000.0,500000.0,0.6,0.0,0,False,0
2023-06-26,2023-06-21,1.0,500000.0,500000.0,0.6,0.0,0,False,0
2023-06-27,2023-06-26,1.0,500000.0,500000.0,0.6,0.0,0,False,0
2023-06-28,2023-06-27,1.0,500000.0,500000.0,0.6,0.0,0,False,0
2023-06-29,2023-06-28,1.0,500000.0,500000.0,0.6,0.0,0,False,0
2023-06-30,2023-06-29,1.0,500000.0,500000.0,0.6,0.0,0,False,0
2023-07-03,2023-06-30,1.0,500000.0,500000.0,0.6,0.0,0,False,0
2023-07-04,2023-07-03,1.0,500000.0,500000.0,0.6,0.0,0,False,0
2023-07-05,2023-07-04,1.0,500000.0,500000.0,0.6,0.0,0,False,0
2023-07-06,2023-07-05,1.0,500000.0,500000.0,0.6,0.0,0,False,0
2023-07-07,2023-07-06,1.0,500000.0,500000.0,0.6,0.0,0,False,0
2023-07-10,2023-07-07,1.0,500000.0,500000.0,0.6,0.0,0,False,0
2023-07-11,2023-07-10,1.0,500000.0,500000.0,0.6,0.0,0,False,0
2023-07-12,2023-07-11,1.0,500000.0,500000.0,0.6,0.0,0,False,0
2023-07-13,2023-07-12,1.0,500000.0,500000.0,0.6,0.0,0,False,0
2023-07-14,2023-07-13,1.0,500000.0,500000.0,0.6,0.0,0,False,0
2023-07-17,2023-07-14,1.0,500000.0,500000.0,0.6,0.0,0,False,0
2023-07-18,2023-07-17,1.0,500000.0,500000.0,0.6,0.0,0,False,0
2023-07-19,2023-07-18,1.0,500000.0,500000.0,0.6,0.0,0,False,0
2023-07-20,2023-07-19,1.0,500000.0,500000.0,0.6,0.0,0,False,0
2023-07-21,2023-07-20,1.0,500000.0,500000.0,0.6,0.0,0,False,0
2023-07-24,2023-07-21,1.0,500000.0,500000.0,0.6,0.0,0,False,0
2023-07-25,2023-07-24,1.0,500000.0,500000.0,0.6,0.0,0,False,0
2023-07-26,2023-07-25,1.0,500000.0,500000.0,0.6,0.0,0,False,0
2023-07-27,2023-07-26,1.0,500000.0,500000.0,0.6,0.0,0,False,0
2023-07-28,2023-07-27,1.0,500000.0,500000.0,0.6,0.0,0,False,0
2023-07-31,2023-07-28,1.0,500000.0,500000.0,0.6,0.0,0,False,0
2023-08-01,2023-07-31,1.0,500000.0,500000.0,0.6,0.0,0,False,0
2023-08-02,2023-08-01,1.0,500000.0,500000.0,0.6,0.0,0,False,0
2023-08-03,2023-08-02,1.0,500000.0,500000.0,0.6,0.0,0,False,0
2023-08-04,2023-08-03,1.0,500000.0,500000.0,0.6,0.0,0,False,0
2023-08-07,2023-08-04,1.0,500000.0,500000.0,0.6,0.0,0,False,0
2023-08-08,2023-08-07,1.0,500000.0,500000.0,0.6,0.0,0,False,0
2023-08-09,2023-08-08,1.0,500000.0,500000.0,0.6,0.0,0,False,0
2023-08-10,2023-08-09,1.0,500000.0,500000.0,0.6,0.0,0,False,0
2023-08-11,2023-08-10,1.0,500000.0,500000.0,0.6,0.0,0,False,0
2023-08-14,2023-08-11,1.0,500000.0,500000.0,0.6,0.0,0,False,0
2023-08-15,2023-08-14,1.0,500000.0,500000.0,0.6,0.0,0,False,0
2023-08-16,2023-08-15,1.0,500000.0,500000.0,0.6,0.0,0,False,0
2023-08-17,2023-08-16,1.0,500000.0,500000.0,0.6,0.0,0,False,0
2023-08-18,2023-08-17,1.0,500000.0,500000.0,0.6,0.0,0,False,0
2023-08-21,2023-08-18,1.0,500000.0,500000.0,0.6,0.0,0,False,0
2023-08-22,2023-08-21,1.0,500000.0,500000.0,0.6,0.0,0,False,0
2023-08-23,2023-08-22,1.0,500000.0,500000.0,0.6,0.0,0,False,0
2023-08-24,2023-08-23,1.0,500000.0,500000.0,0.6,0.0,0,False,0
2023-08-25,2023-08-24,1.0,500000.0,500000.0,0.6,0.0,0,False,0
2023-08-28,2023-08-25,1.0,500000.0,500000.0,0.6,0.0,0,False,0
2023-08-29,2023-08-28,1.0,500000.0,500000.0,0.6,0.0,0,False,0
2023-08-30,2023-08-29,1.0,500000.0,500000.0,0.6,0.0,0,False,0
2023-08-31,2023-08-30,1.0,500000.0,500000.0,0.6,0.0,0,False,0
2023-09-01,2023-08-31,1.0,500000.0,500000.0,0.6,0.0,0,False,0
2023-09-04,2023-09-01,1.0,500000.0,500000.0,0.6,0.0,0,False,0
2023-09-05,2023-09-04,1.0,500000.0,500000.0,0.6,0.0,0,False,0
2023-09-06,2023-09-05,1.0,500000.0,500000.0,0.6,0.0,0,False,0
2023-09-07,2023-09-06,1.0,500000.0,500000.0,0.6,0.0,0,False,0
2023-09-08,2023-09-07,1.0,500000.0,500000.0,0.6,0.0,0,False,0
2023-09-11,2023-09-08,1.0,500000.0,500000.0,0.6,0.0,0,False,0
2023-09-12,2023-09-11,1.0,500000.0,500000.0,0.6,0.0,0,False,0
2023-09-13,2023-09-12,1.0,500000.0,500000.0,0.6,0.0,0,False,0
2023-09-14,2023-09-13,1.0,500000.0,500000.0,0.6,0.0,0,False,0
2023-09-15,2023-09-14,1.0,500000.0,500000.0,0.6,0.0,0,False,0
2023-09-18,2023-09-15,1.0,500000.0,500000.0,0.6,0.0,0,False,0
2023-09-19,2023-09-18,1.0,500000.0,500000.0,0.6,0.0,0,False,0
2023-09-20,2023-09-19,1.0,500000.0,500000.0,0.6,0.0,0,False,0
2023-09-21,2023-09-20,1.0,500000.0,500000.0,0.6,0.0,0,False,0
2023-09-22,2023-09-21,1.0,500000.0,500000.0,0.6,0.0,0,False,0
2023-09-25,2023-09-22,1.0,500000.0,500000.0,0.6,0.0,0,False,0
2023-09-26,2023-09-25,1.0,500000.0,500000.0,0.6,0.0,0,False,0
2023-09-27,2023-09-26,1.0,500000.0,500000.0,0.6,0.0,0,False,0
2023-09-28,2023-09-27,1.0,500000.0,500000.0,0.6,0.0,0,False,0
2023-10-09,2023-09-28,1.0,500000.0,500000.0,0.6,0.0,0,False,0
2023-10-10,2023-10-09,1.0,500000.0,500000.0,0.6,0.0,0,False,0
2023-10-11,2023-10-10,1.0,500000.0,500000.0,0.6,0.0,0,False,0
2023-10-12,2023-10-11,1.0,500000.0,500000.0,0.6,0.0,0,False,0
2023-10-13,2023-10-12,1.0,500000.0,500000.0,0.6,0.0,0,False,0
2023-10-16,2023-10-13,1.0,500000.0,500000.0,0.6,0.0,0,False,0
2023-10-17,2023-10-16,1.0,500000.0,500000.0,0.6,0.0,0,False,0
2023-10-18,2023-10-17,1.0,500000.0,500000.0,0.6,0.0,0,False,0
2023-10-19,2023-10-18,1.0,500000.0,500000.0,0.6,0.0,0,False,0
2023-10-20,2023-10-19,1.0,500000.0,500000.0,0.6,0.0,0,False,0
2023-10-23,2023-10-20,1.0,500000.0,500000.0,0.6,0.0,0,False,0
2023-10-24,2023-10-23,1.0,500000.0,500000.0,0.6,0.0,0,False,0
2023-10-25,2023-10-24,1.0,500000.0,500000.0,0.6,0.0,0,False,0
2023-10-26,2023-10-25,1.0,500000.0,500000.0,0.6,0.0,0,False,0
2023-10-27,2023-10-26,1.0,500000.0,500000.0,0.6,0.0,0,False,0
2023-10-30,2023-10-27,1.0,500000.0,500000.0,0.6,0.0,0,False,0
2023-10-31,2023-10-30,1.0,500000.0,500000.0,0.6,0.0,0,False,0
2023-11-01,2023-10-31,1.0,500000.0,500000.0,0.6,0.0,0,False,0
2023-11-02,2023-11-01,1.0,500000.0,500000.0,0.6,0.0,0,False,0
2023-11-03,2023-11-02,1.0,500000.0,500000.0,0.6,0.0,0,False,0
2023-11-06,2023-11-03,1.0,500000.0,500000.0,0.6,0.0,0,False,0
2023-11-07,2023-11-06,1.0,500000.0,500000.0,0.6,0.0,0,False,0
2023-11-08,2023-11-07,1.0,500000.0,500000.0,0.6,0.0,0,False,0
2023-11-09,2023-11-08,1.0,500000.0,500000.0,0.6,0.0,0,False,0
2023-11-10,2023-11-09,1.0,500000.0,500000.0,0.6,0.0,0,False,0
2023-11-13,2023-11-10,1.0,500000.0,500000.0,0.6,0.0,0,False,0
2023-11-14,2023-11-13,1.0,500000.0,500000.0,0.6,0.0,0,False,0
2023-11-15,2023-11-14,1.0,500000.0,500000.0,0.6,0.0,0,False,0
2023-11-16,2023-11-15,1.0,500000.0,500000.0,0.6,0.0,0,False,0
2023-11-17,2023-11-16,1.0,500000.0,500000.0,0.6,0.0,0,False,0
2023-11-20,2023-11-17,1.0,500000.0,500000.0,0.6,0.0,0,False,0
2023-11-21,2023-11-20,1.0,500000.0,500000.0,0.6,0.0,0,False,0
2023-11-22,2023-11-21,1.0,500000.0,500000.0,0.6,0.0,0,False,0
2023-11-23,2023-11-22,1.0,500000.0,500000.0,0.6,0.0,0,False,0
2023-11-24,2023-11-23,1.0,500000.0,500000.0,0.6,0.0,0,False,0
2023-11-27,2023-11-24,1.0,500000.0,500000.0,0.6,0.0,0,False,0
2023-11-28,2023-11-27,1.0,500000.0,500000.0,0.6,0.0,0,False,0
2023-11-29,2023-11-28,1.0,500000.0,500000.0,0.6,0.0,0,False,0
2023-11-30,2023-11-29,0.908999,454499.42,221816.42,0.6,0.512,5,False,0
2023-12-01,2023-11-30,0.903001,451500.42,221816.42,0.6,0.5087,5,False,0
2023-12-04,2023-12-01,0.897699,448849.42,221816.42,0.6,0.5058,5,False,0
2023-12-05,2023-12-04,0.888313,444156.42,221816.42,0.6,0.5006,5,False,0
2023-12-06,2023-12-05,0.897031,448515.42,221816.42,0.4,0.5054,5,True,0
2023-12-07,2023-12-06,0.889689,444844.42,221816.42,0.4,0.5014,5,True,0
2023-12-08,2023-12-07,0.897311,448655.42,221816.42,0.4,0.5056,5,True,0
2023-12-11,2023-12-08,0.897469,448734.42,221816.42,0.4,0.5057,5,True,0
2023-12-12,2023-12-11,0.892371,446185.42,221816.42,0.4,0.5029,5,True,0
2023-12-13,2023-12-12,0.880443,440221.42,221816.42,0.4,0.4961,5,True,0
2023-12-14,2023-12-13,0.946223,473111.3,349629.3,0.4,0.261,4,True,0
2023-12-15,2023-12-14,0.944735,472367.3,349629.3,0.4,0.2598,4,True,0
2023-12-18,2023-12-15,0.945949,472974.3,349629.3,0.4,0.2608,4,True,0
2023-12-19,2023-12-18,0.942561,471280.53,302629.53,0.4,0.3579,5,True,0
2023-12-20,2023-12-19,0.941357,470678.53,302629.53,0.4,0.357,5,True,0
2023-12-21,2023-12-20,0.945353,472676.53,302629.53,0.4,0.3598,5,True,0
2023-12-22,2023-12-21,0.943603,471801.53,302629.53,0.4,0.3586,5,True,0
2023-12-25,2023-12-22,0.942585,471292.53,302629.53,0.4,0.3579,5,True,0
2023-12-26,2023-12-25,0.941563,470781.53,302629.53,0.4,0.3572,5,True,0
2023-12-27,2023-12-26,0.942503,471251.53,302629.53,0.4,0.3578,5,True,0
2023-12-28,2023-12-27,0.96199,480995.24,296584.24,0.4,0.3834,5,True,0
2023-12-29,2023-12-28,0.961687,480843.26,296457.26,0.4,0.3835,5,True,0
2024-01-02,2023-12-29,0.948649,474324.26,296457.26,0.4,0.375,5,True,0
2024-01-03,2024-01-02,0.945117,472558.36,292950.36,0.4,0.3801,5,True,0
2024-01-04,2024-01-03,0.947237,473618.36,292950.36,0.4,0.3815,5,True,0
2024-01-05,2024-01-04,0.940591,470295.36,292950.36,0.4,0.3771,5,True,0
2024-01-08,2024-01-05,0.938761,469380.36,292950.36,0.4,0.3759,5,True,0
2024-01-09,2024-01-08,0.936227,468113.36,292950.36,0.4,0.3742,5,True,0
2024-01-10,2024-01-09,0.928043,464021.36,292950.36,0.4,0.3687,5,True,0
2024-01-11,2024-01-10,0.931073,465536.36,292950.36,0.4,0.3707,5,True,0
2024-01-12,2024-01-11,0.912657,456328.54,285467.54,0.4,0.3744,5,True,0
2024-01-15,2024-01-12,0.929567,464783.65,283395.65,0.4,0.3903,5,True,0
2024-01-16,2024-01-15,0.931109,465554.65,283395.65,0.4,0.3913,5,True,0
2024-01-17,2024-01-16,0.923349,461674.68,284583.68,0.4,0.3836,5,True,0
2024-01-18,2024-01-17,0.929189,464594.68,284583.68,0.4,0.3875,5,True,0
2024-01-19,2024-01-18,0.918179,459089.68,284583.68,0.4,0.3801,5,True,0
2024-01-22,2024-01-19,0.905893,452946.68,284583.68,0.4,0.3717,5,True,0
2024-01-23,2024-01-22,0.906127,453063.68,284583.68,0.4,0.3719,5,True,0
2024-01-24,2024-01-23,0.911443,455721.68,284583.68,0.4,0.3755,5,True,0
2024-01-25,2024-01-24,0.931201,465600.68,284583.68,0.4,0.3888,5,True,0
2024-01-26,2024-01-25,0.945024,472511.9,288840.9,0.4,0.3887,5,True,0
2024-01-29,2024-01-26,0.935954,467977.07,287839.07,0.4,0.3849,5,True,0
2024-01-30,2024-01-29,0.930442,465221.07,287839.07,0.4,0.3813,5,True,0
2024-01-31,2024-01-30,0.925038,462519.02,283333.02,0.4,0.3874,5,True,0
2024-02-01,2024-01-31,0.921246,460623.02,283333.02,0.4,0.3849,5,True,0
2024-02-02,2024-02-01,0.918512,459256.02,283333.02,0.4,0.3831,5,True,0
2024-02-05,2024-02-02,0.91467,457335.02,283333.02,0.4,0.3805,5,True,0
2024-02-06,2024-02-05,0.925032,462516.02,283333.02,0.4,0.3874,5,True,0
2024-02-07,2024-02-06,0.927734,463867.02,283333.02,0.4,0.3892,5,True,0
2024-02-08,2024-02-07,0.935844,467922.02,283333.02,0.4,0.3945,5,True,0
2024-02-19,2024-02-08,0.932659,466329.55,289710.55,0.4,0.3787,5,True,0
2024-02-20,2024-02-19,0.927304,463651.95,286309.95,0.4,0.3825,5,True,0
2024-02-21,2024-02-20,0.920962,460480.95,286309.95,0.4,0.3782,5,True,0
2024-02-22,2024-02-21,0.933188,466593.85,285447.85,0.4,0.3882,5,True,0
2024-02-23,2024-02-22,0.933598,466798.85,285447.85,0.4,0.3885,5,True,0
2024-02-26,2024-02-23,0.942356,471177.85,285447.85,0.4,0.3942,5,True,0
2024-02-27,2024-02-26,0.955228,477613.85,285447.85,0.4,0.4023,5,True,0
2024-02-28,2024-02-27,0.93731,468654.85,285447.85,0.4,0.3909,5,True,0
2024-02-29,2024-02-28,0.947784,473891.85,285447.85,0.4,0.3977,5,True,0
2024-03-01,2024-02-29,0.954598,477298.85,285447.85,0.4,0.402,5,True,0
2024-03-04,2024-03-01,0.977855,488927.26,296225.26,0.4,0.3941,5,True,0
2024-03-05,2024-03-04,0.970252,485125.97,299748.97,0.4,0.3821,5,True,0
2024-03-06,2024-03-05,0.97029,485144.97,299748.97,0.4,0.3821,5,True,0
2024-03-07,2024-03-06,0.96076,480379.82,295123.82,0.4,0.3856,5,True,0
2024-03-08,2024-03-07,0.971434,485716.82,295123.82,0.4,0.3924,5,True,0
2024-03-11,2024-03-08,0.981664,490831.82,295123.82,0.4,0.3987,5,True,0
2024-03-12,2024-03-11,0.976448,488223.82,295123.82,0.4,0.3955,5,True,0
2024-03-13,2024-03-12,0.969962,484980.82,295123.82,0.4,0.3915,5,True,0
2024-03-14,2024-03-13,0.968562,484280.82,295123.82,0.4,0.3906,5,True,0
2024-03-15,2024-03-14,0.973036,486517.82,295123.82,0.6,0.3934,5,False,0
2024-03-18,2024-03-15,0.977956,488977.8,200296.8,0.6,0.5904,5,False,0
2024-03-19,2024-03-18,0.968723,484361.36,199571.36,0.6,0.588,5,False,0
2024-03-20,2024-03-19,0.968607,484303.36,199571.36,0.6,0.5879,5,False,0
2024-03-21,2024-03-20,0.963832,481915.83,202101.83,0.6,0.5806,5,False,0
2024-03-22,2024-03-21,0.948328,474163.83,202101.83,0.6,0.5738,5,False,0
2024-03-25,2024-03-22,0.951916,475957.83,202101.83,0.6,0.5754,5,False,0
2024-03-26,2024-03-25,0.944996,472497.83,202101.83,0.6,0.5723,5,False,0
2024-03-27,2024-03-26,0.936674,468336.83,202101.83,0.6,0.5685,5,False,0
2024-03-28,2024-03-27,0.948574,474286.83,202101.83,0.6,0.5739,5,False,0
2024-03-29,2024-03-28,0.955332,477665.83,202101.83,0.6,0.5769,5,False,0
2024-04-01,2024-03-29,0.947417,473708.61,201454.61,0.6,0.5747,5,False,0
2024-04-02,2024-04-01,0.937276,468637.79,205292.79,0.6,0.5619,5,False,0
2024-04-03,2024-04-02,0.92612,463059.79,205292.79,0.6,0.5567,5,False,0
2024-04-08,2024-04-03,0.92089,460445.18,194693.18,0.6,0.5772,5,False,0
2024-04-09,2024-04-08,0.916852,458426.18,194693.18,0.6,0.5753,5,False,0
2024-04-10,2024-04-09,0.921836,460918.18,194693.18,0.6,0.5776,5,False,0
2024-04-11,2024-04-10,0.916912,458456.18,194693.18,0.6,0.5753,5,False,0
2024-04-12,2024-04-11,0.913814,456907.18,194693.18,0.6,0.5739,5,False,0
2024-04-15,2024-04-12,0.923628,461814.18,194693.18,0.6,0.5784,5,False,0
2024-04-16,2024-04-15,0.923174,461587.18,194693.18,0.6,0.5782,5,False,0
2024-04-17,2024-04-16,0.943998,471998.8,216268.8,0.6,0.5418,5,False,0
2024-04-18,2024-04-17,0.934792,467396.19,197567.19,0.6,0.5773,5,False,0
2024-04-19,2024-04-18,0.938148,469074.19,197567.19,0.6,0.5788,5,False,0
2024-04-22,2024-04-19,0.934376,467187.91,198765.91,0.6,0.5745,5,False,0
2024-04-23,2024-04-22,0.928148,464073.91,199608.91,0.6,0.5699,5,False,0
2024-04-24,2024-04-23,0.929318,464658.91,199608.91,0.6,0.5704,5,False,0
2024-04-25,2024-04-24,0.931416,465707.91,199608.91,0.6,0.5714,5,False,0
2024-04-26,2024-04-25,0.932478,466238.91,199608.91,0.6,0.5719,5,False,0
2024-04-29,2024-04-26,0.93853,469264.91,199608.91,0.6,0.5746,5,False,0
2024-04-30,2024-04-29,0.935866,467932.91,199608.91,0.6,0.5734,5,False,0
2024-05-06,2024-04-30,0.934036,467018.03,202885.03,0.6,0.5656,5,False,0
2024-05-07,2024-05-06,0.935984,467992.11,198610.11,0.6,0.5756,5,False,0
2024-05-08,2024-05-07,0.931372,465686.11,198610.11,0.6,0.5735,5,False,0
2024-05-09,2024-05-08,0.942714,471357.11,198610.11,0.6,0.5786,5,False,0
2024-05-10,2024-05-09,0.93799,468994.98,199936.98,0.6,0.5737,5,False,0
2024-05-13,2024-05-10,0.948362,474180.98,199936.98,0.6,0.5784,5,False,0
2024-05-14,2024-05-13,0.941236,470617.98,199936.98,0.6,0.5752,5,False,0
2024-05-15,2024-05-14,0.94065,470324.98,199936.98,0.6,0.5749,5,False,0
2024-05-16,2024-05-15,0.949452,474725.98,199936.98,0.6,0.5788,5,False,0
2024-05-17,2024-05-16,0.95305,476524.98,199936.98,0.6,0.5804,5,False,0
2024-05-20,2024-05-17,0.966054,483026.86,201267.86,0.6,0.5833,5,False,0
2024-05-21,2024-05-20,0.948603,474301.39,199081.39,0.6,0.5803,5,False,0
2024-05-22,2024-05-21,0.944973,472486.39,199081.39,0.6,0.5787,5,False,0
2024-05-23,2024-05-22,0.935827,467913.39,199081.39,0.6,0.5745,5,False,0
2024-05-24,2024-05-23,0.931234,465616.77,194985.77,0.6,0.5812,5,False,0
2024-05-27,2024-05-24,0.943668,471833.77,194985.77,0.6,0.5867,5,False,0
2024-05-28,2024-05-27,0.917074,458536.77,194985.77,0.6,0.5748,5,False,0
2024-05-29,2024-05-28,0.916358,458178.77,194985.77,0.4,0.5744,5,True,0
2024-05-30,2024-05-29,0.898234,449116.77,194985.77,0.4,0.5658,5,True,0
2024-05-31,2024-05-30,0.900126,450062.77,194985.77,0.4,0.5668,5,True,0
2024-06-03,2024-05-31,0.904201,452100.26,282932.26,0.4,0.3742,5,True,0
2024-06-04,2024-06-03,0.917739,458869.34,281200.34,0.4,0.3872,5,True,0
2024-06-05,2024-06-04,0.920525,460262.34,281200.34,0.4,0.389,5,True,0
2024-06-06,2024-06-05,0.923629,461814.34,281200.34,0.4,0.3911,5,True,0
2024-06-07,2024-06-06,0.924324,462162.0,286704.0,0.4,0.3796,5,True,0
2024-06-11,2024-06-07,0.922396,461198.0,286704.0,0.4,0.3783,5,True,0
2024-06-12,2024-06-11,0.922614,461307.0,286704.0,0.4,0.3785,5,True,0
2024-06-13,2024-06-12,0.922224,461112.0,286704.0,0.4,0.3782,5,True,0
2024-06-14,2024-06-13,0.923124,461562.0,286704.0,0.4,0.3788,5,True,0
2024-06-17,2024-06-14,0.924478,462239.0,286704.0,0.4,0.3797,5,True,0
2024-06-18,2024-06-17,0.93518,467590.13,292256.13,0.4,0.375,5,True,0
2024-06-19,2024-06-18,0.941378,470689.05,286402.05,0.4,0.3915,5,True,0
2024-06-20,2024-06-19,0.933032,466516.05,286402.05,0.4,0.3861,5,True,0
2024-06-21,2024-06-20,0.935462,467731.05,286402.05,0.4,0.3877,5,True,0
2024-06-24,2024-06-21,0.925138,462569.11,291514.11,0.4,0.3698,5,True,0
2024-06-25,2024-06-24,0.924574,462287.11,291514.11,0.4,0.3694,5,True,0
2024-06-26,2024-06-25,0.93858,469290.11,291514.11,0.4,0.3788,5,True,0
2024-06-27,2024-06-26,0.930604,465302.11,291514.11,0.4,0.3735,5,True,0
2024-06-28,2024-06-27,0.928946,464473.11,291514.11,0.4,0.3724,5,True,0
2024-07-01,2024-06-28,0.930046,465023.11,291514.11,0.4,0.3731,5,True,0
2024-07-02,2024-07-01,0.932921,466460.44,283172.44,0.4,0.3929,5,True,0
2024-07-03,2024-07-02,0.920443,460221.74,282276.74,0.4,0.3867,5,True,0
2024-07-04,2024-07-03,0.916581,458290.74,282276.74,0.4,0.3841,5,True,0
2024-07-05,2024-07-04,0.917511,458755.74,282276.74,0.4,0.3847,5,True,0
2024-07-08,2024-07-05,0.919393,459696.3,279775.3,0.4,0.3914,5,True,0
2024-07-09,2024-07-08,0.923527,461763.3,279775.3,0.4,0.3941,5,True,0
2024-07-10,2024-07-09,0.919657,459828.3,279775.3,0.4,0.3916,5,True,0
2024-07-11,2024-07-10,0.920743,460371.3,279775.3,0.4,0.3923,5,True,0
2024-07-12,2024-07-11,0.923639,461819.3,279775.3,0.4,0.3942,5,True,0
2024-07-15,2024-07-12,0.926665,463332.3,279775.3,0.4,0.3962,5,True,0
2024-07-16,2024-07-15,0.923718,461858.98,291229.98,0.4,0.3694,5,True,0
2024-07-17,2024-07-16,0.941773,470886.73,285481.73,0.4,0.3937,5,True,0
2024-07-18,2024-07-17,0.939843,469921.3,286035.3,0.4,0.3913,5,True,0
2024-07-19,2024-07-18,0.931709,465854.3,286035.3,0.4,0.386,5,True,0
2024-07-22,2024-07-19,0.928766,464382.89,289304.89,0.4,0.377,5,True,0
2024-07-23,2024-07-22,0.916732,458365.89,289304.89,0.4,0.3688,5,True,0
2024-07-24,2024-07-23,0.909072,454535.89,289304.89,0.4,0.3635,5,True,0
2024-07-25,2024-07-24,0.909966,454982.89,289304.89,0.4,0.3641,5,True,0
2024-07-26,2024-07-25,0.90995,454974.89,289304.89,0.4,0.3641,5,True,0
2024-07-29,2024-07-26,0.907348,453673.89,289304.89,0.4,0.3623,5,True,0
2024-07-30,2024-07-29,0.902661,451330.61,280720.61,0.4,0.378,5,True,0
2024-07-31,2024-07-30,0.903077,451538.45,287062.45,0.4,0.3643,5,True,0
2024-08-01,2024-07-31,0.904313,452156.55,280950.55,0.4,0.3786,5,True,0
2024-08-02,2024-08-01,0.901969,450984.55,280950.55,0.4,0.377,5,True,0
2024-08-05,2024-08-02,0.91525,457624.81,280097.81,0.4,0.3879,5,True,0
2024-08-06,2024-08-05,0.910084,455041.81,280097.81,0.4,0.3845,5,True,0
2024-08-07,2024-08-06,0.909738,454868.81,280097.81,0.4,0.3842,5,True,0
2024-08-08,2024-08-07,0.906298,453148.81,280097.81,0.4,0.3819,5,True,0
2024-08-09,2024-08-08,0.905556,452777.81,280097.81,0.4,0.3814,5,True,0
2024-08-12,2024-08-09,0.903556,451777.81,280097.81,0.4,0.38,5,True,0
2024-08-13,2024-08-12,0.906987,453493.43,275367.43,0.4,0.3928,5,True,0
2024-08-14,2024-08-13,0.916592,458295.97,274411.97,0.4,0.4012,5,True,0
2024-08-15,2024-08-14,0.906727,453363.48,273855.48,0.4,0.3959,5,True,0
2024-08-16,2024-08-15,0.895159,447579.48,273855.48,0.4,0.3881,5,True,0
2024-08-19,2024-08-16,0.907604,453802.25,271684.25,0.4,0.4013,5,True,0
2024-08-20,2024-08-19,0.903582,451791.25,271684.25,0.4,0.3987,5,True,0
2024-08-21,2024-08-20,0.903962,451981.25,271684.25,0.4,0.3989,5,True,0
2024-08-22,2024-08-21,0.897898,448949.25,271684.25,0.4,0.3948,5,True,0
2024-08-23,2024-08-22,0.893372,446686.25,271684.25,0.4,0.3918,5,True,0
2024-08-26,2024-08-23,0.893608,446804.25,271684.25,0.4,0.3919,5,True,0
2024-08-27,2024-08-26,0.887337,443668.64,294510.64,0.4,0.3362,4,True,0
2024-08-28,2024-08-27,0.872856,436427.8,268902.8,0.4,0.3839,5,True,0
2024-08-29,2024-08-28,0.855279,427639.43,266834.43,0.4,0.376,5,True,0
2024-08-30,2024-08-29,0.850863,425431.43,266834.43,0.4,0.3728,5,True,0
2024-09-02,2024-08-30,0.85199,425995.16,261508.16,0.4,0.3861,5,True,0
2024-09-03,2024-09-02,0.843598,421799.16,261508.16,0.4,0.38,5,True,0
2024-09-04,2024-09-03,0.841446,420723.16,261508.16,0.4,0.3784,5,True,0
2024-09-05,2024-09-04,0.837552,418776.16,261508.16,0.4,0.3755,5,True,0
2024-09-06,2024-09-05,0.837776,418888.16,261508.16,0.4,0.3757,5,True,0
2024-09-09,2024-09-06,0.8329,416450.16,261508.16,0.4,0.3721,5,True,0
2024-09-10,2024-09-09,0.838336,419168.16,261508.16,0.4,0.3761,5,True,0
2024-09-11,2024-09-10,0.837613,418806.3,268744.3,0.4,0.3583,5,True,0
2024-09-12,2024-09-11,0.838704,419352.25,264116.25,0.4,0.3702,5,True,0
2024-09-13,2024-09-12,0.838643,419321.45,258389.45,0.4,0.3838,5,True,0
2024-09-18,2024-09-13,0.803612,401805.81,256509.81,0.4,0.3616,5,True,0
2024-09-19,2024-09-18,0.804104,402051.81,256509.81,0.4,0.362,5,True,0
2024-09-20,2024-09-19,0.800808,400403.81,256509.81,0.4,0.3594,5,True,0
2024-09-23,2024-09-20,0.801898,400948.81,256509.81,0.4,0.3602,5,True,0
2024-09-24,2024-09-23,0.816936,408467.81,256509.81,0.4,0.372,5,True,0
2024-09-25,2024-09-24,0.820486,410242.81,256509.81,0.4,0.3747,5,True,0
2024-09-26,2024-09-25,0.828466,414232.81,256509.81,0.4,0.3808,5,True,0
2024-09-27,2024-09-26,0.836687,418343.35,266779.35,0.4,0.3623,5,True,0
2024-09-30,2024-09-27,0.863013,431506.32,272529.32,0.4,0.3684,5,True,0
2024-10-08,2024-09-30,0.883803,441901.6,289846.6,0.4,0.3441,5,True,0
2024-10-09,2024-10-08,0.910397,455198.55,289215.55,0.4,0.3646,5,True,0
2024-10-10,2024-10-09,0.912049,456024.55,289215.55,0.4,0.3658,5,True,0
2024-10-11,2024-10-10,0.899437,449718.55,289215.55,0.4,0.3569,5,True,0
2024-10-14,2024-10-11,0.907259,453629.55,289215.55,0.4,0.3624,5,True,0
2024-10-15,2024-10-14,0.899723,449861.55,289215.55,0.4,0.3571,5,True,0
2024-10-16,2024-10-15,0.898139,449069.55,289215.55,0.4,0.356,5,True,0
2024-10-17,2024-10-16,0.895785,447892.55,289215.55,0.4,0.3543,5,True,0
2024-10-18,2024-10-17,0.919277,459638.58,275402.58,0.4,0.4008,5,True,0
2024-10-21,2024-10-18,0.931173,465586.71,282690.71,0.4,0.3928,5,True,0
2024-10-22,2024-10-21,0.927474,463736.89,293164.89,0.4,0.3678,5,True,0
2024-10-23,2024-10-22,0.913438,456719.0,275630.0,0.4,0.3965,5,True,0
2024-10-24,2024-10-23,0.92483,462415.0,275630.0,0.4,0.4039,5,True,0
2024-10-25,2024-10-24,0.924684,462342.0,275630.0,0.4,0.4038,5,True,0
2024-10-28,2024-10-25,0.942572,471286.0,275630.0,0.4,0.4152,5,True,0
2024-10-29,2024-10-28,0.951072,475536.0,275630.0,0.4,0.4204,5,True,0
2024-10-30,2024-10-29,0.965426,482713.0,275630.0,0.4,0.429,5,True,0
2024-10-31,2024-10-30,0.954024,477012.0,275630.0,0.4,0.4222,5,True,0
2024-11-01,2024-10-31,0.912588,456293.75,284480.75,0.4,0.3765,5,True,0
2024-11-04,2024-11-01,0.914394,457196.83,272812.83,0.4,0.4033,5,True,0
2024-11-05,2024-11-04,0.938452,469225.88,275867.88,0.4,0.4121,5,True,0
2024-11-06,2024-11-05,0.955938,477968.97,285831.97,0.4,0.402,5,True,0
2024-11-07,2024-11-06,0.959212,479605.97,285831.97,0.4,0.404,5,True,0
2024-11-08,2024-11-07,0.957122,478560.97,285831.97,0.4,0.4027,5,True,0
2024-11-11,2024-11-08,0.973932,486965.97,285831.97,0.4,0.413,5,True,0
2024-11-12,2024-11-11,0.962926,481462.97,285831.97,0.4,0.4063,5,True,0
2024-11-13,2024-11-12,0.950862,475430.97,285831.97,0.4,0.3988,5,True,0
2024-11-14,2024-11-13,0.946284,473141.97,285831.97,0.4,0.3959,5,True,0
2024-11-15,2024-11-14,0.934168,467083.88,285063.88,0.4,0.3897,5,True,0
2024-11-18,2024-11-15,0.916345,458172.74,323898.74,0.4,0.2931,4,True,0
2024-11-19,2024-11-18,0.909612,454806.21,275685.21,0.4,0.3938,5,True,0
2024-11-20,2024-11-19,0.914138,457069.12,278791.12,0.4,0.39,5,True,0
2024-11-21,2024-11-20,0.916786,458393.12,278791.12,0.4,0.3918,5,True,0
2024-11-22,2024-11-21,0.906752,453376.12,278791.12,0.4,0.3851,5,True,0
2024-11-25,2024-11-22,0.904186,452093.12,278791.12,0.4,0.3833,5,True,0
2024-11-26,2024-11-25,0.89813,449065.12,278791.12,0.4,0.3792,5,True,0
2024-11-27,2024-11-26,0.899076,449538.12,278791.12,0.4,0.3798,5,True,0
2024-11-28,2024-11-27,0.894712,447356.12,278791.12,0.4,0.3768,5,True,0
2024-11-29,2024-11-28,0.900158,450078.89,274050.89,0.4,0.3911,5,True,0
2024-12-02,2024-11-29,0.910008,455003.89,274050.89,0.4,0.3977,5,True,0
2024-12-03,2024-12-02,0.916442,458221.0,281298.0,0.4,0.3861,5,True,0
2024-12-04,2024-12-03,0.914332,457165.82,276531.82,0.4,0.3951,5,True,0
2024-12-05,2024-12-04,0.929876,464937.82,276531.82,0.4,0.4052,5,True,0
2024-12-06,2024-12-05,0.931442,465720.82,276531.82,0.4,0.4062,5,True,0
2024-12-09,2024-12-06,0.920038,460018.82,276531.82,0.4,0.3989,5,True,0
2024-12-10,2024-12-09,0.913176,456587.82,276531.82,0.4,0.3944,5,True,0
2024-12-11,2024-12-10,0.912868,456433.82,276531.82,0.4,0.3941,5,True,0
2024-12-12,2024-12-11,0.912034,456016.82,276531.82,0.4,0.3936,5,True,0
2024-12-13,2024-12-12,0.88602,443010.09,272596.09,0.4,0.3847,5,True,0
2024-12-16,2024-12-13,0.88041,440205.09,272596.09,0.4,0.3808,5,True,0
2024-12-17,2024-12-16,0.868418,434209.03,271296.03,0.4,0.3752,5,True,0
2024-12-18,2024-12-17,0.860664,430331.82,265400.82,0.4,0.3833,5,True,0
2024-12-19,2024-12-18,0.864294,432146.82,265400.82,0.4,0.3859,5,True,0
2024-12-20,2024-12-19,0.870364,435181.82,265400.82,0.4,0.3901,5,True,0
2024-12-23,2024-12-20,0.866488,433243.82,265400.82,0.4,0.3874,5,True,0
2024-12-24,2024-12-23,0.869862,434930.82,265400.82,0.4,0.3898,5,True,0
2024-12-25,2024-12-24,0.867324,433661.82,265400.82,0.4,0.388,5,True,0
2024-12-26,2024-12-25,0.87287,436434.82,265400.82,0.4,0.3919,5,True,0
2024-12-27,2024-12-26,0.870155,435077.62,269805.62,0.4,0.3799,5,True,0
2024-12-30,2024-12-27,0.869575,434787.62,269805.62,0.4,0.3795,5,True,0
2024-12-31,2024-12-30,0.844717,422358.26,272814.26,0.4,0.3541,5,True,0
2025-01-02,2024-12-31,0.837477,418738.44,264621.44,0.4,0.3681,5,True,0
2025-01-03,2025-01-02,0.830809,415404.44,264621.44,0.4,0.363,5,True,0
2025-01-06,2025-01-03,0.834299,417149.44,264621.44,0.4,0.3656,5,True,0
2025-01-07,2025-01-06,0.838971,419485.44,264621.44,0.4,0.3692,5,True,0
2025-01-08,2025-01-07,0.839581,419790.44,264621.44,0.4,0.3696,5,True,0
2025-01-09,2025-01-08,0.838619,419309.44,264621.44,0.4,0.3689,5,True,0
2025-01-10,2025-01-09,0.839241,419620.44,264621.44,0.4,0.3694,5,True,0
2025-01-13,2025-01-10,0.835789,417894.5,299487.5,0.4,0.2833,4,True,0
2025-01-14,2025-01-13,0.845551,422775.5,299487.5,0.4,0.2916,4,True,0
2025-01-15,2025-01-14,0.867604,433801.86,266057.86,0.4,0.3867,5,True,0
2025-01-16,2025-01-15,0.858916,429458.16,266399.16,0.4,0.3797,5,True,0
2025-01-17,2025-01-16,0.86269,431345.16,266399.16,0.4,0.3824,5,True,0
2025-01-20,2025-01-17,0.868154,434077.16,266399.16,0.4,0.3863,5,True,0
2025-01-21,2025-01-20,0.870212,435106.16,266399.16,0.4,0.3877,5,True,0
2025-01-22,2025-01-21,0.865846,432923.16,266399.16,0.4,0.3847,5,True,0
2025-01-23,2025-01-22,0.859086,429543.16,266399.16,0.4,0.3798,5,True,0
2025-01-24,2025-01-23,0.86529,432645.16,266399.16,0.4,0.3843,5,True,0
2025-01-27,2025-01-24,0.853981,426990.64,265738.64,0.4,0.3776,5,True,0
2025-02-05,2025-01-27,0.848929,424464.64,265738.64,0.4,0.3739,5,True,0
2025-02-06,2025-02-05,0.870703,435351.46,268213.46,0.4,0.3839,5,True,0
2025-02-07,2025-02-06,0.869662,434830.92,262156.92,0.4,0.3971,5,True,0
2025-02-10,2025-02-07,0.869792,434895.92,262156.92,0.4,0.3972,5,True,0
2025-02-11,2025-02-10,0.869268,434633.92,262156.92,0.4,0.3968,5,True,0
2025-02-12,2025-02-11,0.8739,436949.92,262156.92,0.4,0.4,5,True,0
2025-02-13,2025-02-12,0.855118,427558.92,262156.92,0.4,0.3869,5,True,0
2025-02-14,2025-02-13,0.85632,428159.92,262156.92,0.4,0.3877,5,True,0
2025-02-17,2025-02-14,0.87836,439179.92,262156.92,0.4,0.4031,5,True,0
2025-02-18,2025-02-17,0.865741,432870.31,270556.31,0.4,0.375,5,True,0
2025-02-19,2025-02-18,0.875329,437664.31,270556.31,0.4,0.3818,5,True,0
2025-02-20,2025-02-19,0.869529,434764.29,291303.29,0.4,0.33,5,True,0
2025-02-21,2025-02-20,0.900453,450226.58,269158.58,0.4,0.4022,5,True,0
2025-02-24,2025-02-21,0.900735,450367.58,269158.58,0.4,0.4024,5,True,0
2025-02-25,2025-02-24,0.891653,445826.58,269158.58,0.4,0.3963,5,True,0
2025-02-26,2025-02-25,0.895515,447757.58,269158.58,0.4,0.3989,5,True,0
2025-02-27,2025-02-26,0.898285,449142.58,269158.58,0.4,0.4007,5,True,0
2025-02-28,2025-02-27,0.874649,437324.58,269158.58,0.4,0.3845,5,True,0
2025-03-03,2025-02-28,0.865505,432752.58,269158.58,0.4,0.378,5,True,0
2025-03-04,2025-03-03,0.873443,436721.43,263297.43,0.4,0.3971,5,True,0
2025-03-05,2025-03-04,0.881871,440935.43,263297.43,0.4,0.4029,5,True,0
2025-03-06,2025-03-05,0.879996,439997.82,275940.82,0.4,0.3729,5,True,0
2025-03-07,2025-03-06,0.850025,425012.52,268382.52,0.4,0.3685,5,True,0
2025-03-10,2025-03-07,0.851093,425546.52,268382.52,0.4,0.3693,5,True,0
2025-03-11,2025-03-10,0.864325,432162.52,268382.52,0.4,0.379,5,True,0
2025-03-12,2025-03-11,0.864169,432084.52,268382.52,0.4,0.3789,5,True,0
2025-03-13,2025-03-12,0.856907,428453.52,268382.52,0.4,0.3736,5,True,0
2025-03-14,2025-03-13,0.868847,434423.52,268382.52,0.4,0.3822,5,True,0
2025-03-17,2025-03-14,0.881623,440811.52,268382.52,0.4,0.3912,5,True,0
2025-03-18,2025-03-17,0.885618,442808.81,281376.81,0.4,0.3646,5,True,0
2025-03-19,2025-03-18,0.881748,440873.81,281376.81,0.4,0.3618,5,True,0
2025-03-20,2025-03-19,0.888622,444311.08,292343.08,0.4,0.342,4,True,0
2025-03-21,2025-03-20,0.916582,458290.91,295211.91,0.4,0.3558,5,True,0
2025-03-24,2025-03-21,0.91866,459329.91,295211.91,0.4,0.3573,5,True,0
2025-03-25,2025-03-24,0.899706,449852.91,295211.91,0.4,0.3438,5,True,0
2025-03-26,2025-03-25,0.898658,449328.91,295211.91,0.4,0.343,5,True,0
2025-03-27,2025-03-26,0.891654,445826.91,295211.91,0.4,0.3378,5,True,0
2025-03-28,2025-03-27,0.890602,445300.91,295211.91,0.4,0.3371,5,True,0
2025-03-31,2025-03-28,0.893646,446822.91,295211.91,0.4,0.3393,5,True,0
2025-04-01,2025-03-31,0.890767,445383.64,280350.64,0.4,0.3705,5,True,0
2025-04-02,2025-04-01,0.893541,446770.64,280350.64,0.4,0.3725,5,True,0
2025-04-03,2025-04-02,0.881137,440568.31,280409.31,0.4,0.3635,5,True,0
2025-04-07,2025-04-03,0.858328,429164.15,292225.15,0.4,0.3191,4,True,0
2025-04-08,2025-04-07,0.854232,427116.15,292225.15,0.4,0.3158,4,True,0
2025-04-09,2025-04-08,0.853082,426541.15,292225.15,0.4,0.3149,4,True,0
2025-04-10,2025-04-09,0.858084,429042.02,267307.02,0.4,0.377,5,True,0
2025-04-11,2025-04-10,0.864754,432377.02,267307.02,0.4,0.3818,5,True,0
2025-04-14,2025-04-11,0.869892,434946.02,267307.02,0.4,0.3854,5,True,0
2025-04-15,2025-04-14,0.86776,433880.02,267307.02,0.4,0.3839,5,True,0
2025-04-16,2025-04-15,0.868166,434083.22,263803.22,0.4,0.3923,5,True,0
2025-04-17,2025-04-16,0.873042,436521.22,263803.22,0.4,0.3957,5,True,0
2025-04-18,2025-04-17,0.861294,430647.12,267185.12,0.4,0.3796,5,True,0
2025-04-21,2025-04-18,0.879356,439678.08,266270.08,0.4,0.3944,5,True,0
2025-04-22,2025-04-21,0.875364,437682.08,266270.08,0.4,0.3916,5,True,0
2025-04-23,2025-04-22,0.864018,432009.08,266270.08,0.4,0.3836,5,True,0
2025-04-24,2025-04-23,0.850686,425342.97,266108.97,0.4,0.3744,5,True,0
2025-04-25,2025-04-24,0.854554,427276.97,266108.97,0.4,0.3772,5,True,0
2025-04-28,2025-04-25,0.852536,426267.97,266108.97,0.4,0.3757,5,True,0
2025-04-29,2025-04-28,0.851388,425693.97,266108.97,0.4,0.3749,5,True,0
2025-04-30,2025-04-29,0.857231,428615.64,262001.64,0.4,0.3887,5,True,0
2025-05-06,2025-04-30,0.870517,435258.64,262001.64,0.4,0.3981,5,True,0
2025-05-07,2025-05-06,0.872493,436246.49,265748.49,0.4,0.3908,5,True,0
2025-05-08,2025-05-07,0.870203,435101.67,265068.67,0.4,0.3908,5,True,0
2025-05-09,2025-05-08,0.866659,433329.67,265068.67,0.4,0.3883,5,True,0
2025-05-12,2025-05-09,0.873935,436967.67,265068.67,0.4,0.3934,5,True,0
2025-05-13,2025-05-12,0.867041,433520.26,265316.26,0.4,0.388,5,True,0
2025-05-14,2025-05-13,0.878197,439098.26,265316.26,0.4,0.3958,5,True,0
2025-05-15,2025-05-14,0.867327,433663.26,265316.26,0.4,0.3882,5,True,0
2025-05-16,2025-05-15,0.870965,435482.26,265316.26,0.4,0.3908,5,True,0
2025-05-19,2025-05-16,0.855422,427710.94,261274.94,0.4,0.3891,5,True,0
2025-05-20,2025-05-19,0.852446,426222.94,261274.94,0.4,0.387,5,True,0
2025-05-21,2025-05-20,0.844402,422201.03,261737.03,0.4,0.3801,5,True,0
2025-05-22,2025-05-21,0.839396,419698.11,318207.11,0.4,0.2418,4,True,0
2025-05-23,2025-05-22,0.842926,421463.11,258162.11,0.4,0.3875,5,True,0
2025-05-26,2025-05-23,0.841904,420952.11,258162.11,0.4,0.3867,5,True,0
2025-05-27,2025-05-26,0.838481,419240.38,276060.38,0.4,0.3415,4,True,0
2025-05-28,2025-05-27,0.833053,416526.38,276060.38,0.4,0.3372,4,True,0
2025-05-29,2025-05-28,0.833342,416670.83,256746.83,0.4,0.3838,5,True,0
2025-05-30,2025-05-29,0.826948,413473.83,256746.83,0.4,0.379,5,True,0
2025-06-03,2025-05-30,0.831055,415527.56,254788.56,0.4,0.3868,5,True,0
2025-06-04,2025-06-03,0.827103,413551.56,254788.56,0.4,0.3839,5,True,0
2025-06-05,2025-06-04,0.849333,424666.72,252248.72,0.4,0.406,5,True,0
2025-06-06,2025-06-05,0.840772,420386.23,259492.23,0.4,0.3827,5,True,0
2025-06-09,2025-06-06,0.865319,432659.6,255325.6,0.4,0.4099,5,True,0
2025-06-10,2025-06-09,0.860305,430152.6,255325.6,0.4,0.4064,5,True,0
2025-06-11,2025-06-10,0.863501,431750.6,255325.6,0.4,0.4086,5,True,0
2025-06-12,2025-06-11,0.867295,433647.6,255325.6,0.4,0.4112,5,True,0
2025-06-13,2025-06-12,0.867089,433544.69,260619.69,0.4,0.3989,5,True,0
2025-06-16,2025-06-13,0.899593,449796.69,260619.69,0.4,0.4206,5,True,0
2025-06-17,2025-06-16,0.892302,446151.01,270945.01,0.4,0.3927,5,True,0
2025-06-18,2025-06-17,0.910358,455179.01,270945.01,0.4,0.4048,5,True,0
2025-06-19,2025-06-18,0.871319,435659.51,284935.51,0.4,0.346,4,True,0
2025-06-20,2025-06-19,0.866975,433487.59,261070.59,0.4,0.3977,5,True,0
2025-06-23,2025-06-20,0.873694,436847.23,262359.23,0.4,0.3994,5,True,0
2025-06-24,2025-06-23,0.88297,441485.23,262359.23,0.4,0.4057,5,True,0
2025-06-25,2025-06-24,0.903092,451546.23,262359.23,0.4,0.419,5,True,0
2025-06-26,2025-06-25,0.895594,447797.23,262359.23,0.4,0.4141,5,True,0
2025-06-27,2025-06-26,0.889131,444565.59,273421.59,0.4,0.385,4,True,0
2025-06-30,2025-06-27,0.886694,443347.03,268481.03,0.4,0.3944,5,True,0
2025-07-01,2025-06-30,0.8852,442600.05,269857.05,0.4,0.3903,5,True,0
2025-07-02,2025-07-01,0.871552,435776.05,269857.05,0.4,0.3807,5,True,0
2025-07-03,2025-07-02,0.86806,434030.05,269857.05,0.4,0.3783,5,True,0
2025-07-04,2025-07-03,0.868461,434230.54,263239.54,0.4,0.3938,5,True,0
2025-07-07,2025-07-04,0.877275,438637.63,264824.63,0.4,0.3963,5,True,0
2025-07-08,2025-07-07,0.889255,444627.63,264824.63,0.4,0.4044,5,True,0
2025-07-09,2025-07-08,0.892009,446004.63,264824.63,0.4,0.4062,5,True,0
2025-07-10,2025-07-09,0.891761,445880.63,264824.63,0.4,0.4061,5,True,0
2025-07-11,2025-07-10,0.886119,443059.63,264824.63,0.4,0.4023,5,True,0
2025-07-14,2025-07-11,0.887406,443703.17,267026.17,0.4,0.3982,5,True,0
2025-07-15,2025-07-14,0.887796,443897.93,268014.93,0.4,0.3962,5,True,0
2025-07-16,2025-07-15,0.88404,442019.93,268014.93,0.4,0.3937,5,True,0
2025-07-17,2025-07-16,0.894614,447306.93,268014.93,0.4,0.4008,5,True,0
2025-07-18,2025-07-17,0.895921,447960.35,287818.35,0.4,0.3575,4,True,0
2025-07-21,2025-07-18,0.877871,438935.52,275501.52,0.4,0.3723,5,True,0
2025-07-22,2025-07-21,0.873133,436566.52,275501.52,0.4,0.3689,5,True,0
2025-07-23,2025-07-22,0.876025,438012.52,275501.52,0.4,0.371,5,True,0
2025-07-24,2025-07-23,0.879885,439942.52,275501.52,0.4,0.3738,5,True,0
2025-07-25,2025-07-24,0.876007,438003.52,275501.52,0.4,0.371,5,True,0
2025-07-28,2025-07-25,0.875177,437588.32,271195.32,0.4,0.3803,5,True,0
2025-07-29,2025-07-28,0.8785,439249.82,268021.82,0.4,0.3898,5,True,0
2025-07-30,2025-07-29,0.87061,435304.82,268021.82,0.4,0.3843,5,True,0
2025-07-31,2025-07-30,0.86733,433664.82,268021.82,0.4,0.382,5,True,0
2025-08-01,2025-07-31,0.865264,432631.77,267534.77,0.4,0.3816,5,True,0
2025-08-04,2025-08-01,0.879222,439611.13,267791.13,0.4,0.3908,5,True,0
2025-08-05,2025-08-04,0.879054,439527.13,267791.13,0.4,0.3907,5,True,0
2025-08-06,2025-08-05,0.87968,439840.13,267791.13,0.4,0.3912,5,True,0
2025-08-07,2025-08-06,0.87703,438515.13,267791.13,0.4,0.3893,5,True,0
2025-08-08,2025-08-07,0.875722,437861.13,267791.13,0.4,0.3884,5,True,0
2025-08-11,2025-08-08,0.87966,439829.79,274310.79,0.4,0.3763,4,True,0
2025-08-12,2025-08-11,0.880024,440012.18,273475.18,0.4,0.3785,5,True,0
2025-08-13,2025-08-12,0.878626,439313.18,273475.18,0.4,0.3775,5,True,0
2025-08-14,2025-08-13,0.872998,436499.18,273475.18,0.4,0.3735,5,True,0
2025-08-15,2025-08-14,0.876708,438354.2,264108.2,0.4,0.3975,5,True,0
2025-08-18,2025-08-15,0.893569,446784.36,275927.36,0.4,0.3824,5,True,0
2025-08-19,2025-08-18,0.883421,441710.36,275927.36,0.4,0.3753,5,True,0
2025-08-20,2025-08-19,0.884869,442434.36,275927.36,0.4,0.3763,5,True,0
2025-08-21,2025-08-20,0.881379,440689.36,275927.36,0.4,0.3739,5,True,0
2025-08-22,2025-08-21,0.892523,446261.36,275927.36,0.4,0.3817,5,True,0
2025-08-25,2025-08-22,0.902163,451081.36,275927.36,0.4,0.3883,5,True,0
2025-08-26,2025-08-25,0.9092,454599.95,300448.95,0.4,0.3391,4,True,0
2025-08-27,2025-08-26,0.891605,445802.52,273188.52,0.4,0.3872,5,True,0
2025-08-28,2025-08-27,0.897343,448671.52,273188.52,0.4,0.3911,5,True,0
2025-08-29,2025-08-28,0.874451,437225.46,273736.46,0.4,0.3739,5,True,0
2025-09-01,2025-08-29,0.877866,438933.01,293383.01,0.4,0.3316,4,True,0
2025-09-02,2025-09-01,0.875388,437694.01,293383.01,0.4,0.3297,4,True,0
2025-09-03,2025-09-02,0.868986,434493.01,293383.01,0.4,0.3248,4,True,0
2025-09-04,2025-09-03,0.860342,430171.01,293383.01,0.4,0.318,4,True,0
2025-09-05,2025-09-04,0.865152,432576.01,293383.01,0.4,0.3218,4,True,0
2025-09-08,2025-09-05,0.868954,434477.01,293383.01,0.4,0.3247,4,True,0
2025-09-09,2025-09-08,0.863414,431706.75,295538.75,0.4,0.3154,4,True,0
2025-09-10,2025-09-09,0.863634,431816.91,270866.91,0.4,0.3727,5,True,0
2025-09-11,2025-09-10,0.870638,435318.91,270866.91,0.4,0.3778,5,True,0
2025-09-12,2025-09-11,0.889512,444755.86,302873.86,0.4,0.319,4,True,0
2025-09-15,2025-09-12,0.892177,446088.33,272624.33,0.4,0.3889,5,True,0
2025-09-16,2025-09-15,0.892667,446333.33,272624.33,0.4,0.3892,5,True,0
2025-09-17,2025-09-16,0.894571,447285.33,272624.33,0.4,0.3905,5,True,0
2025-09-18,2025-09-17,0.898467,449233.33,272624.33,0.4,0.3931,5,True,0
2025-09-19,2025-09-18,0.908635,454317.33,272624.33,0.4,0.3999,5,True,0
2025-09-22,2025-09-19,0.926449,463224.33,272624.33,0.4,0.4115,5,True,0
2025-09-23,2025-09-22,0.937823,468911.31,286534.31,0.4,0.3889,5,True,0
2025-09-24,2025-09-23,0.942826,471413.16,283513.16,0.4,0.3986,5,True,0
2025-09-25,2025-09-24,0.941119,470559.37,290099.37,0.4,0.3835,5,True,0
2025-09-26,2025-09-25,0.921329,460664.37,290099.37,0.4,0.3703,5,True,0
2025-09-29,2025-09-26,0.927707,463853.44,296203.44,0.4,0.3614,5,True,0
2025-09-30,2025-09-29,0.933183,466591.44,296203.44,0.4,0.3652,5,True,0
2025-10-09,2025-09-30,0.934567,467283.44,296203.44,0.4,0.3661,5,True,0
2025-10-10,2025-10-09,0.914269,457134.44,296203.44,0.4,0.352,5,True,0
2025-10-13,2025-10-10,0.908751,454375.44,296203.44,0.4,0.3481,5,True,0
2025-10-14,2025-10-13,0.894571,447285.44,296203.44,0.4,0.3378,5,True,0
2025-10-15,2025-10-14,0.900625,450312.52,270019.52,0.4,0.4004,5,True,0
2025-10-16,2025-10-15,0.895579,447789.71,269534.71,0.4,0.3981,5,True,0
2025-10-17,2025-10-16,0.882229,441114.35,272388.35,0.4,0.3825,5,True,0
2025-10-20,2025-10-17,0.881929,440964.35,272388.35,0.4,0.3823,5,True,0
2025-10-21,2025-10-20,0.881112,440556.16,267121.16,0.4,0.3937,5,True,0
2025-10-22,2025-10-21,0.881454,440727.16,267121.16,0.4,0.3939,5,True,0
2025-10-23,2025-10-22,0.87696,438480.16,267121.16,0.4,0.3908,5,True,0
2025-10-24,2025-10-23,0.887002,443501.16,267121.16,0.4,0.3977,5,True,0
2025-10-27,2025-10-24,0.894826,447413.16,267121.16,0.4,0.403,5,True,0
2025-10-28,2025-10-27,0.894754,447377.16,267121.16,0.4,0.4029,5,True,0
2025-10-29,2025-10-28,0.892074,446036.78,272170.78,0.4,0.3898,5,True,0
2025-10-30,2025-10-29,0.888028,444013.88,291065.88,0.4,0.3445,4,True,0
2025-10-31,2025-10-30,0.880693,440346.49,316442.49,0.4,0.2814,3,True,0
2025-11-03,2025-10-31,0.880049,440024.71,274170.71,0.4,0.3769,5,True,0
2025-11-04,2025-11-03,0.8904,445199.94,272218.94,0.4,0.3885,5,True,0
2025-11-05,2025-11-04,0.89576,447879.94,272218.94,0.4,0.3922,5,True,0
2025-11-06,2025-11-05,0.888892,444445.94,272218.94,0.4,0.3875,5,True,0
2025-11-07,2025-11-06,0.90449,452244.94,272218.94,0.4,0.3981,5,True,0
2025-11-10,2025-11-07,0.91064,455319.94,272218.94,0.4,0.4021,5,True,0
2025-11-11,2025-11-10,0.914274,457136.94,272218.94,0.4,0.4045,5,True,0
2025-11-12,2025-11-11,0.915297,457648.32,275016.32,0.4,0.3991,5,True,0
2025-11-13,2025-11-12,0.943837,471918.32,275016.32,0.4,0.4172,5,True,0
2025-11-14,2025-11-13,0.936475,468237.32,275016.32,0.4,0.4127,5,True,0
2025-11-17,2025-11-14,0.937051,468525.31,295316.31,0.4,0.3697,4,True,0
2025-11-18,2025-11-17,0.920489,460244.55,310612.55,0.4,0.3251,5,True,0
2025-11-19,2025-11-18,0.924772,462385.85,274981.85,0.4,0.4053,5,True,0
2025-11-20,2025-11-19,0.913456,456728.2,281182.2,0.4,0.3844,5,True,0
2025-11-21,2025-11-20,0.889158,444578.78,271796.78,0.4,0.3886,5,True,0
2025-11-24,2025-11-21,0.86952,434759.78,271796.78,0.4,0.3748,5,True,0
2025-11-25,2025-11-24,0.87914,439569.78,271796.78,0.4,0.3817,5,True,0
2025-11-26,2025-11-25,0.880056,440028.12,270435.12,0.4,0.3854,5,True,0
2025-11-27,2025-11-26,0.878812,439406.12,270435.12,0.4,0.3845,5,True,0
2025-11-28,2025-11-27,0.89394,446970.12,270435.12,0.4,0.395,5,True,0
2025-12-01,2025-11-28,0.885919,442959.63,270401.63,0.4,0.3896,5,True,0
2025-12-02,2025-12-01,0.877011,438505.53,273451.53,0.4,0.3764,5,True,0
2025-12-03,2025-12-02,0.863781,431890.53,273451.53,0.4,0.3668,5,True,0
2025-12-04,2025-12-03,0.857077,428538.53,273451.53,0.4,0.3619,5,True,0
2025-12-05,2025-12-04,0.867848,433923.84,259950.84,0.4,0.4009,5,True,0
2025-12-08,2025-12-05,0.876944,438471.84,259950.84,0.4,0.4071,5,True,0
2025-12-09,2025-12-08,0.871102,435550.84,259950.84,0.4,0.4032,5,True,0
2025-12-10,2025-12-09,0.877781,438890.54,293375.54,0.4,0.3316,4,True,0
2025-12-11,2025-12-10,0.866363,433181.54,293375.54,0.4,0.3227,4,True,0
2025-12-12,2025-12-11,0.872217,436108.54,293375.54,0.4,0.3273,4,True,0
2025-12-15,2025-12-12,0.868176,434087.84,311631.84,0.4,0.2821,3,True,0
2025-12-16,2025-12-15,0.861243,430621.3,282423.3,0.4,0.3441,4,True,0
2025-12-17,2025-12-16,0.875475,437737.6,261471.6,0.4,0.4027,5,True,0
2025-12-18,2025-12-17,0.874191,437095.6,261471.6,0.4,0.4018,5,True,0
2025-12-19,2025-12-18,0.86808,434039.96,278188.96,0.4,0.3591,5,True,0
2025-12-22,2025-12-19,0.877212,438605.96,278188.96,0.4,0.3657,5,True,0
2025-12-23,2025-12-22,0.886284,443141.96,278188.96,0.4,0.3722,5,True,0
2025-12-24,2025-12-23,0.888134,444066.96,278188.96,0.4,0.3735,5,True,0
2025-12-25,2025-12-24,0.893736,446867.96,278188.96,0.4,0.3775,5,True,0
2025-12-26,2025-12-25,0.895404,447701.96,278188.96,0.4,0.3786,5,True,0
2025-12-29,2025-12-26,0.90277,451384.96,278188.96,0.4,0.3837,5,True,0
2025-12-30,2025-12-29,0.909689,454844.5,272721.5,0.4,0.4004,5,True,0
2025-12-31,2025-12-30,0.923398,461699.2,275524.2,0.4,0.4032,5,True,0
2026-01-05,2025-12-31,0.930126,465063.2,275524.2,0.4,0.4076,5,True,0
2026-01-06,2026-01-05,0.941879,470939.3,280896.3,0.4,0.4035,5,True,0
2026-01-07,2026-01-06,0.942511,471255.3,280896.3,0.4,0.4039,5,True,0
2026-01-08,2026-01-07,0.953549,476774.3,280896.3,0.4,0.4108,5,True,0
2026-01-09,2026-01-08,0.979697,489848.3,280896.3,0.4,0.4266,5,True,0
2026-01-12,2026-01-09,1.018441,509220.3,280896.3,0.4,0.4484,5,True,0
2026-01-13,2026-01-12,1.018705,509352.3,280896.3,0.4,0.4485,5,True,0
2026-01-14,2026-01-13,1.033523,516761.3,280896.3,0.4,0.4564,5,True,0
2026-01-15,2026-01-14,1.001059,500529.48,318248.48,0.4,0.3642,5,True,0
2026-01-16,2026-01-15,0.972074,486037.0,298994.0,0.4,0.3848,5,True,0
2026-01-19,2026-01-16,0.976546,488273.0,298994.0,0.4,0.3876,5,True,0
2026-01-20,2026-01-19,0.98957,494784.99,307238.99,0.4,0.379,5,True,0
2026-01-21,2026-01-20,0.986948,493473.99,307238.99,0.4,0.3774,5,True,0
2026-01-22,2026-01-21,0.986396,493197.99,307238.99,0.4,0.377,5,True,0
2026-01-23,2026-01-22,0.986238,493118.99,307238.99,0.4,0.3769,5,True,0
2026-01-26,2026-01-23,0.987338,493668.99,307238.99,0.4,0.3776,5,True,0
2026-01-27,2026-01-26,0.992198,496098.99,307238.99,0.4,0.3807,5,True,0
2026-01-28,2026-01-27,0.9929,496449.99,307238.99,0.4,0.3811,5,True,0
2026-01-29,2026-01-28,0.989017,494508.72,302464.72,0.4,0.3884,5,True,0
2026-01-30,2026-01-29,0.97269,486345.01,297427.01,0.4,0.3884,5,True,0
2026-02-02,2026-01-30,0.935876,467938.01,297427.01,0.4,0.3644,5,True,0
2026-02-03,2026-02-02,0.914683,457341.59,296483.59,0.4,0.3517,5,True,0
2026-02-04,2026-02-03,0.914043,457021.59,296483.59,0.4,0.3513,5,True,0
2026-02-05,2026-02-04,0.896683,448341.59,296483.59,0.4,0.3387,5,True,0
2026-02-06,2026-02-05,0.895111,447555.59,296483.59,0.4,0.3375,5,True,0
2026-02-09,2026-02-06,0.917883,458941.59,296483.59,0.4,0.354,5,True,0
2026-02-10,2026-02-09,0.914249,457124.59,296483.59,0.4,0.3514,5,True,0
2026-02-11,2026-02-10,0.920201,460100.59,296483.59,0.4,0.3556,5,True,0
2026-02-12,2026-02-11,0.933047,466523.73,296517.73,0.4,0.3644,5,True,0
2026-02-13,2026-02-12,0.931877,465938.49,318294.49,0.4,0.3169,5,True,0
2026-02-24,2026-02-13,0.936259,468129.49,318294.49,0.4,0.3201,5,True,0
2026-02-25,2026-02-24,1.002034,501016.77,296894.77,0.4,0.4074,5,True,0
2026-02-26,2026-02-25,1.02952,514759.77,296894.77,0.4,0.4232,5,True,0
2026-02-27,2026-02-26,1.051502,525750.77,296894.77,0.4,0.4353,5,True,0
2026-03-02,2026-02-27,1.055606,527802.77,296894.77,0.4,0.4375,5,True,0
2026-03-03,2026-03-02,1.019398,509698.77,296894.77,0.4,0.4175,5,True,0
2026-03-04,2026-03-03,1.02907,514534.77,296894.77,0.4,0.423,5,True,0
2026-03-05,2026-03-04,1.025114,512556.77,296894.77,0.4,0.4208,5,True,0
2026-03-06,2026-03-05,1.038145,519072.33,328665.33,0.4,0.3668,4,True,0
2026-03-09,2026-03-06,1.043142,521570.98,330938.98,0.4,0.3655,4,True,0
2026-03-10,2026-03-09,1.056138,528068.98,330938.98,0.4,0.3733,4,True,0
2026-03-11,2026-03-10,1.046781,523390.6,318144.6,0.4,0.3921,5,True,0
2026-03-12,2026-03-11,1.037599,518799.6,318144.6,0.4,0.3868,5,True,0
2026-03-13,2026-03-12,1.049945,524972.6,318144.6,0.4,0.394,5,True,0
2026-03-16,2026-03-13,1.076915,538457.6,318144.6,0.4,0.4092,5,True,0
2026-03-17,2026-03-16,1.071117,535558.6,318144.6,0.4,0.406,5,True,0
2026-03-18,2026-03-17,1.103167,551583.6,318144.6,0.4,0.4232,5,True,0
2026-03-19,2026-03-18,1.075355,537677.6,318144.6,0.4,0.4083,5,True,0
2026-03-20,2026-03-19,1.060352,530175.85,334359.85,0.4,0.3693,3,True,0
2026-03-23,2026-03-20,1.038974,519486.92,351591.92,0.4,0.3232,2,True,0
2026-03-24,2026-03-23,1.056764,528382.16,324701.16,0.4,0.3855,4,True,0
2026-03-25,2026-03-24,1.060898,530449.06,323230.06,0.4,0.3906,5,True,0
2026-03-26,2026-03-25,1.066734,533367.02,359343.02,0.4,0.3263,4,True,0
2026-03-27,2026-03-26,1.079877,539938.7,324812.7,0.4,0.3984,5,True,0
2026-03-30,2026-03-27,1.078681,539340.7,324812.7,0.4,0.3978,5,True,0
2026-03-31,2026-03-30,1.084131,542065.7,324812.7,0.4,0.4008,5,True,0
2026-04-01,2026-03-31,1.097903,548951.7,324812.7,0.4,0.4083,5,True,0
2026-04-02,2026-04-01,1.096059,548029.7,324812.7,0.4,0.4073,5,True,0
2026-04-03,2026-04-02,1.085869,542934.7,324812.7,0.4,0.4017,5,True,0
2026-04-07,2026-04-03,1.091285,545642.7,324812.7,0.4,0.4047,5,True,0
2026-04-08,2026-04-07,1.105401,552700.47,335942.47,0.4,0.3922,5,True,0
2026-04-09,2026-04-08,1.108915,554457.55,345568.55,0.4,0.3767,5,True,0
2026-04-10,2026-04-09,1.110097,555048.75,348661.75,0.4,0.3718,5,True,0
2026-04-13,2026-04-10,1.100875,550437.29,331617.29,0.4,0.3975,5,True,0
2026-04-14,2026-04-13,1.104015,552007.29,331617.29,0.4,0.3993,5,True,0
2026-04-15,2026-04-14,1.099969,549984.29,331617.29,0.4,0.397,5,True,0
2026-04-16,2026-04-15,1.083327,541663.29,331617.29,0.4,0.3878,5,True,0
2026-04-17,2026-04-16,1.093213,546606.29,331617.29,0.4,0.3933,5,True,0
2026-04-20,2026-04-17,1.113265,556632.29,331617.29,0.4,0.4042,5,True,0
2026-04-21,2026-04-20,1.119171,559585.29,331617.29,0.4,0.4074,5,True,0
2026-04-22,2026-04-21,1.141893,570946.55,335893.55,0.4,0.4117,5,True,0
2026-04-23,2026-04-22,1.129529,564764.39,344869.39,0.4,0.3894,5,True,0
2026-04-24,2026-04-23,1.126124,563061.82,343418.82,0.4,0.3901,5,True,0
2026-04-27,2026-04-24,1.133549,566774.53,405094.53,0.4,0.2853,4,True,0
2026-04-28,2026-04-27,1.123196,561598.08,348450.08,0.4,0.3795,5,True,0
2026-04-29,2026-04-28,1.130196,565098.08,348450.08,0.4,0.3834,5,True,0
2026-04-30,2026-04-29,1.122992,561496.08,348450.08,0.4,0.3794,5,True,0
2026-05-06,2026-04-30,1.14022,570110.08,348450.08,0.4,0.3888,5,True,0
2026-05-07,2026-05-06,1.146976,573488.08,348450.08,0.4,0.3924,5,True,0
2026-05-08,2026-05-07,1.142666,571333.08,348450.08,0.4,0.3901,5,True,0
2026-05-11,2026-05-08,1.141206,570602.82,350124.82,0.4,0.3864,4,True,0
2026-05-12,2026-05-11,1.147566,573782.83,353038.83,0.4,0.3847,5,True,0
2026-05-13,2026-05-12,1.154162,577080.77,343551.77,0.4,0.4047,5,True,0
2026-05-14,2026-05-13,1.142484,571241.77,343551.77,0.4,0.3986,5,True,0
2026-05-15,2026-05-14,1.125535,562767.45,343709.45,0.4,0.3893,5,True,0
2026-05-18,2026-05-15,1.144913,572456.45,343709.45,0.4,0.3996,5,True,0
2026-05-19,2026-05-18,1.152977,576488.45,343709.45,0.4,0.4038,5,True,0
2026-05-20,2026-05-19,1.168553,584276.45,343709.45,0.4,0.4117,5,True,0
2026-05-21,2026-05-20,1.150335,575167.45,343709.45,0.4,0.4024,5,True,0
2026-05-22,2026-05-21,1.175143,587571.45,343709.45,0.4,0.415,5,True,0
2026-05-25,2026-05-22,1.200339,600169.45,343709.45,0.4,0.4273,5,True,0
2026-05-26,2026-05-25,1.204808,602403.79,403602.79,0.4,0.33,4,True,0
2026-05-27,2026-05-26,1.204463,602231.42,425940.42,0.4,0.2927,4,True,0
2026-05-28,2026-05-27,1.197886,598942.85,359788.85,0.4,0.3993,5,True,0
2026-05-29,2026-05-28,1.193382,596690.75,370352.75,0.4,0.3793,5,True,0
2026-06-01,2026-05-29,1.173485,586742.75,362336.75,0.4,0.3825,5,True,0
2026-06-02,2026-06-01,1.204147,602073.68,241826.68,0.6,0.5983,5,False,0
2026-06-03,2026-06-02,1.209075,604537.68,241826.68,0.6,0.6,5,False,0
2026-06-04,2026-06-03,1.233695,616847.68,241826.68,0.6,0.608,5,False,0
2026-06-05,2026-06-04,1.201663,600831.68,241826.68,0.6,0.5975,5,False,0
2026-06-08,2026-06-05,1.187291,593645.68,241826.68,0.6,0.5926,5,False,0
2026-06-09,2026-06-08,1.238017,619008.28,256133.28,0.6,0.5862,5,False,0
2026-06-10,2026-06-09,1.231596,615797.88,295303.88,0.6,0.5205,4,False,0
2026-06-11,2026-06-10,1.246685,623342.26,250475.26,0.6,0.5982,5,False,0
2026-06-12,2026-06-11,1.244961,622480.31,254462.31,0.6,0.5912,5,False,0
2026-06-15,2026-06-12,1.299107,649553.31,254462.31,0.6,0.6083,5,False,0
2026-06-16,2026-06-15,1.345005,672502.71,268253.71,0.6,0.6011,5,False,0
2026-06-17,2026-06-16,1.352067,676033.71,268253.71,0.6,0.6032,5,False,0
2026-06-18,2026-06-17,1.347097,673548.71,268253.71,0.6,0.6017,5,False,0
2026-06-22,2026-06-18,1.388193,694096.71,268253.71,0.6,0.6135,5,False,0
2026-06-23,2026-06-22,1.272733,636366.71,268253.71,0.6,0.5785,5,False,0
2026-06-24,2026-06-23,1.317729,658864.45,254570.45,0.6,0.6136,6,False,0
2026-06-25,2026-06-24,1.319769,659884.45,254570.45,0.6,0.6142,6,False,0
2026-06-26,2026-06-25,1.355734,677866.94,286375.94,0.6,0.5775,5,False,0
2026-06-29,2026-06-26,1.382668,691334.01,274601.01,0.6,0.6028,5,False,0
2026-06-30,2026-06-29,1.41441,707205.01,274601.01,0.6,0.6117,5,False,0
