signal_date,execution_date,symbol,side,shares_delta,price,notional,trade_cost,risk_state_on_signal,risk_state_on_execution,allow_new_buys,position_count_before,position_count_after,blocked_reason
2023-11-29,2023-11-30,002142,NEW_BUY,4000,24.79,99163.6,74.3727,False,False,True,0,5,
2023-11-29,2023-11-30,002594,NEW_BUY,100,619.53,61953.16,46.4649,False,False,True,0,5,
2023-11-29,2023-11-30,300351,NEW_BUY,800,23.27,18615.52,13.9616,False,False,True,0,5,
2023-11-29,2023-11-30,688041,NEW_BUY,400,72.04,28816.52,21.6124,False,False,True,0,5,
2023-11-29,2023-11-30,688271,NEW_BUY,500,138.85,69426.3,52.0697,False,False,True,0,5,
2023-12-13,2023-12-14,002142,SELL,4000,22.11,88422.4,66.3168,False,False,True,5,4,
2023-12-13,2023-12-14,002594,SELL,100,593.1,59310.31,44.4827,False,False,True,5,4,
2023-12-13,2023-12-14,300351,SELL,800,20.72,16575.92,12.4319,False,False,True,5,4,
2023-12-13,2023-12-14,688041,SELL,400,78.4,31361.4,23.521,False,False,True,5,4,
2023-12-13,2023-12-14,688271,SELL,500,141.63,70812.95,53.1097,False,False,True,5,4,
2023-12-13,2023-12-14,000568,NEW_BUY,200,195.33,39066.94,29.3002,False,False,True,5,4,
2023-12-13,2023-12-14,002558,NEW_BUY,1800,15.06,27111.78,20.3338,False,False,True,5,4,
2023-12-13,2023-12-14,600938,NEW_BUY,2600,21.28,55338.66,41.504,False,False,True,5,4,
2023-12-13,2023-12-14,601398,NEW_BUY,17700,5.47,96863.25,72.6474,False,False,True,5,4,
2023-12-18,2023-12-19,300750,NEW_BUY,400,156.55,62619.4,46.9645,False,False,True,4,5,
2023-12-27,2023-12-28,000568,SELL,200,189.79,37957.08,28.4678,False,False,True,5,5,
2023-12-27,2023-12-28,002558,SELL,1800,11.28,20300.94,15.2257,False,False,True,5,5,
2023-12-27,2023-12-28,601398,SELL,17700,5.52,97672.14,73.2541,False,False,True,5,5,
2023-12-27,2023-12-28,002786,NEW_BUY,1100,17.71,19481.0,14.6107,False,False,True,5,5,
2023-12-27,2023-12-28,002855,NEW_BUY,600,38.6,23160.0,17.37,False,False,True,5,5,
2023-12-27,2023-12-28,300735,NEW_BUY,3200,23.19,74208.32,55.6562,False,False,True,5,5,
2023-12-27,2023-12-28,600938,REBALANCE_BUY,2000,22.49,44975.8,33.7319,False,False,True,5,5,
2023-12-28,2023-12-29,600938,SELL,4600,22.43,103192.26,77.3942,False,False,True,5,5,
2023-12-28,2023-12-29,600941,NEW_BUY,900,108.48,97628.04,73.221,False,False,True,5,5,
2024-01-02,2024-01-03,300750,SELL,400,167.02,66809.44,50.1071,False,False,True,5,5,
2024-01-02,2024-01-03,002241,NEW_BUY,3700,21.41,79233.65,59.4252,False,False,True,5,5,
2024-01-11,2024-01-12,002786,SELL,1100,16.3,17930.0,13.4475,False,False,True,5,5,
2024-01-11,2024-01-12,002855,SELL,600,33.85,20310.0,15.2325,False,False,True,5,5,
2024-01-11,2024-01-12,300735,SELL,3200,20.83,66671.68,50.0038,False,False,True,5,5,
2024-01-11,2024-01-12,002415,NEW_BUY,700,33.49,23443.98,17.583,False,False,True,5,5,
2024-01-11,2024-01-12,601398,NEW_BUY,9200,5.45,50137.24,37.6029,False,False,True,5,5,
2024-01-11,2024-01-12,601857,NEW_BUY,4500,8.06,36288.45,27.2163,False,False,True,5,5,
2024-01-12,2024-01-15,600941,SELL,900,106.17,95550.21,71.6627,False,False,True,5,5,
2024-01-12,2024-01-15,000158,NEW_BUY,10600,9.25,98050.0,73.5375,False,False,True,5,5,
2024-01-16,2024-01-17,002241,SELL,3700,19.49,72131.13,54.0983,False,False,True,5,5,
2024-01-16,2024-01-17,000338,NEW_BUY,4300,16.37,70397.02,52.7978,False,False,True,5,5,
2024-01-25,2024-01-26,002415,SELL,700,34.96,24473.89,18.3554,False,False,True,5,5,
2024-01-25,2024-01-26,601398,SELL,9200,5.72,52659.88,39.4949,False,False,True,5,5,
2024-01-25,2024-01-26,601857,SELL,4500,8.94,40237.2,30.1779,False,False,True,5,5,
2024-01-25,2024-01-26,300059,NEW_BUY,2600,13.4,34836.1,26.1271,False,False,True,5,5,
2024-01-25,2024-01-26,600030,NEW_BUY,2200,21.84,48044.7,36.0335,False,False,True,5,5,
2024-01-25,2024-01-26,601099,NEW_BUY,8500,3.45,29325.0,21.9938,False,False,True,5,5,
2024-01-26,2024-01-29,000158,SELL,10600,9.11,96562.82,72.4221,False,False,True,5,5,
2024-01-26,2024-01-29,000002,NEW_BUY,9500,10.41,98895.0,74.1713,False,False,True,5,5,
2024-01-30,2024-01-31,000338,SELL,4300,16.36,70349.72,52.7623,False,False,True,5,5,
2024-01-30,2024-01-31,601857,NEW_BUY,8100,9.26,75035.97,56.277,False,False,True,5,5,
2024-02-08,2024-02-19,300059,SELL,2600,13.5,35098.96,26.3242,False,False,True,5,5,
2024-02-08,2024-02-19,600030,SELL,2200,22.61,49740.24,37.3052,False,False,True,5,5,
2024-02-08,2024-02-19,601099,SELL,8500,3.29,27965.0,20.9737,False,False,True,5,5,
2024-02-08,2024-02-19,000895,NEW_BUY,2000,32.48,64959.2,48.7194,False,False,True,5,5,
2024-02-08,2024-02-19,002340,NEW_BUY,3900,5.3,20687.94,15.516,False,False,True,5,5,
2024-02-08,2024-02-19,600111,NEW_BUY,1300,18.49,24035.44,18.0266,False,False,True,5,5,
2024-02-19,2024-02-20,000002,SELL,9500,9.9,94050.0,70.5375,False,False,True,5,5,
2024-02-19,2024-02-20,002463,NEW_BUY,3400,27.36,93038.96,69.7792,False,False,True,5,5,
2024-02-21,2024-02-22,601857,SELL,8100,9.59,77644.98,58.2337,False,False,True,5,5,
2024-02-21,2024-02-22,600839,NEW_BUY,16500,4.82,79523.4,59.6426,False,False,True,5,5,
2024-03-01,2024-03-04,000895,SELL,2000,33.25,66495.0,49.8713,False,False,True,5,5,
2024-03-01,2024-03-04,002340,SELL,3900,5.55,21646.56,16.2349,False,False,True,5,5,
2024-03-01,2024-03-04,600111,SELL,1300,19.25,25031.37,18.7735,False,False,True,5,5,
2024-03-01,2024-03-04,002281,NEW_BUY,1000,34.87,34871.7,26.1538,False,False,True,5,5,
2024-03-01,2024-03-04,300045,NEW_BUY,1300,22.97,29861.0,22.3957,False,False,True,5,5,
2024-03-01,2024-03-04,603220,NEW_BUY,800,45.76,36606.16,27.4546,False,False,True,5,5,
2024-03-04,2024-03-05,002463,SELL,3400,28.77,97833.64,73.3752,False,False,True,5,5,
2024-03-04,2024-03-05,000938,NEW_BUY,3800,25.17,95634.98,71.7262,False,False,True,5,5,
2024-03-06,2024-03-07,600839,SELL,16500,5.63,92916.45,69.6873,False,False,True,5,5,
2024-03-06,2024-03-07,002456,NEW_BUY,10000,9.6,96000.0,72.0,False,False,True,5,5,
2024-03-15,2024-03-18,002281,SELL,1000,40.29,40287.2,30.2154,False,False,True,5,5,
2024-03-15,2024-03-18,300045,SELL,1300,24.91,32383.0,24.2873,False,False,True,5,5,
2024-03-15,2024-03-18,603220,SELL,800,47.94,38352.32,28.7642,False,False,True,5,5,
2024-03-15,2024-03-18,601138,NEW_BUY,700,24.71,17298.19,12.9736,False,False,True,5,5,
2024-03-15,2024-03-18,601225,NEW_BUY,1400,27.6,38638.04,28.9785,False,False,True,5,5,
2024-03-15,2024-03-18,601899,NEW_BUY,3000,16.63,49883.1,37.4123,False,False,True,5,5,
2024-03-18,2024-03-19,000938,SELL,3800,23.86,90678.26,68.0087,False,False,True,5,5,
2024-03-18,2024-03-19,603993,NEW_BUY,11100,8.25,91538.37,68.6538,False,False,True,5,5,
2024-03-20,2024-03-21,002456,SELL,10000,10.41,104100.0,78.075,False,False,True,5,5,
2024-03-20,2024-03-21,300496,NEW_BUY,1600,64.79,103667.84,77.7509,False,False,True,5,5,
2024-03-29,2024-04-01,601138,SELL,700,24.13,16892.47,12.6694,False,False,True,5,5,
2024-03-29,2024-04-01,601225,SELL,1400,27.79,38905.86,29.1794,False,False,True,5,5,
2024-03-29,2024-04-01,601899,SELL,3000,17.95,53850.0,40.3875,False,False,True,5,5,
2024-03-29,2024-04-01,000977,NEW_BUY,500,42.68,21339.5,16.0046,False,False,True,5,5,
2024-03-29,2024-04-01,300975,NEW_BUY,700,14.16,9912.21,7.4342,False,False,True,5,5,
2024-03-29,2024-04-01,601166,NEW_BUY,4200,18.61,78180.9,58.6357,False,False,True,5,5,
2024-04-01,2024-04-02,603993,SELL,11100,8.75,97090.59,72.8179,False,False,True,5,5,
2024-04-01,2024-04-02,600309,NEW_BUY,1100,89.34,98279.5,73.7096,False,False,True,5,5,
2024-04-03,2024-04-08,300496,SELL,1600,51.34,82140.48,61.6054,False,False,True,5,5,
2024-04-03,2024-04-08,601857,NEW_BUY,7900,11.16,88188.49,66.1414,False,False,True,5,5,
2024-04-16,2024-04-17,000977,SELL,500,37.46,18731.25,14.0484,False,False,True,5,5,
2024-04-16,2024-04-17,300975,SELL,700,8.78,6146.84,4.6101,False,False,True,5,5,
2024-04-16,2024-04-17,601166,SELL,4200,18.74,78725.22,59.0439,False,False,True,5,5,
2024-04-16,2024-04-17,300760,NEW_BUY,100,282.08,28208.32,21.1562,False,False,True,5,5,
2024-04-16,2024-04-17,600019,NEW_BUY,4800,7.55,36252.96,27.1897,False,False,True,5,5,
2024-04-16,2024-04-17,601658,NEW_BUY,6200,5.38,33354.76,25.0161,False,False,True,5,5,
2024-04-17,2024-04-18,600309,SELL,1100,91.85,101035.99,75.777,False,False,True,5,5,
2024-04-17,2024-04-18,601668,NEW_BUY,17400,5.88,102285.9,76.7144,False,False,True,5,5,
2024-04-19,2024-04-22,601857,SELL,100,12.0,1199.61,0.8997,False,False,True,5,5,
2024-04-22,2024-04-23,601857,SELL,7800,11.71,91316.94,68.4877,False,False,True,5,5,
2024-04-22,2024-04-23,002415,NEW_BUY,2500,35.86,89641.0,67.2308,False,False,True,5,5,
2024-04-30,2024-05-06,300760,SELL,100,324.79,32479.48,24.3596,False,False,True,5,5,
2024-04-30,2024-05-06,600019,SELL,4800,7.6,36460.8,27.3456,False,False,True,5,5,
2024-04-30,2024-05-06,601658,SELL,6200,5.48,33985.3,25.489,False,False,True,5,5,
2024-04-30,2024-05-06,600570,NEW_BUY,700,21.45,15016.68,11.2625,False,False,True,5,5,
2024-04-30,2024-05-06,600887,NEW_BUY,1400,32.99,46191.46,34.6436,False,False,True,5,5,
2024-04-30,2024-05-06,601919,NEW_BUY,2800,14.0,39197.2,29.3979,False,False,True,5,5,
2024-05-06,2024-05-07,601668,SELL,17400,5.96,103625.7,77.7193,False,False,True,5,5,
2024-05-06,2024-05-07,601816,NEW_BUY,19500,5.51,107394.3,80.5457,False,False,True,5,5,
2024-05-09,2024-05-10,002415,SELL,2500,36.04,90104.25,67.5782,False,False,True,5,5,
2024-05-09,2024-05-10,300107,NEW_BUY,6400,13.97,89400.96,67.0507,False,False,True,5,5,
2024-05-17,2024-05-20,600570,SELL,700,21.68,15173.69,11.3803,False,False,True,5,5,
2024-05-17,2024-05-20,600887,SELL,1400,32.16,45021.48,33.7661,False,False,True,5,5,
2024-05-17,2024-05-20,601919,SELL,2800,16.52,46252.64,34.6895,False,False,True,5,5,
2024-05-17,2024-05-20,000002,NEW_BUY,2600,9.0,23400.0,17.55,False,False,True,5,5,
2024-05-17,2024-05-20,600066,NEW_BUY,700,28.97,20276.69,15.2075,False,False,True,5,5,
2024-05-17,2024-05-20,601668,NEW_BUY,10000,6.44,64399.0,48.2993,False,False,True,5,5,
2024-05-20,2024-05-21,601816,SELL,19500,5.51,107394.3,80.5457,False,False,True,5,5,
2024-05-20,2024-05-21,603993,NEW_BUY,11300,9.49,107256.21,80.4422,False,False,True,5,5,
2024-05-23,2024-05-24,300107,SELL,6400,11.26,72035.2,54.0264,False,False,True,5,5,
2024-05-23,2024-05-24,300641,NEW_BUY,2600,30.55,79420.38,59.5653,False,False,True,5,5,
2024-05-31,2024-06-03,000002,SELL,2600,8.18,21268.0,15.951,False,False,True,5,5,
2024-05-31,2024-06-03,600066,SELL,700,27.6,19322.59,14.4919,False,False,True,5,5,
2024-05-31,2024-06-03,601668,SELL,10000,6.2,61977.0,46.4828,False,False,True,5,5,
2024-05-31,2024-06-03,002155,NEW_BUY,700,25.44,17808.35,13.3563,False,False,True,5,5,
2024-05-31,2024-06-03,601020,NEW_BUY,1000,16.32,16321.3,12.241,False,False,True,5,5,
2024-05-31,2024-06-03,601985,NEW_BUY,7100,10.09,71644.68,53.7335,False,False,True,5,5,
2024-06-03,2024-06-04,603993,SELL,11300,8.78,99200.44,74.4003,False,False,True,5,5,
2024-06-03,2024-06-04,600900,NEW_BUY,3500,29.31,102591.3,76.9435,False,False,True,5,5,
2024-06-06,2024-06-07,300641,SELL,2600,28.85,74997.26,56.2479,False,False,True,5,5,
2024-06-06,2024-06-07,300552,NEW_BUY,1700,41.02,69734.0,52.3005,False,False,True,5,5,
2024-06-17,2024-06-18,002155,SELL,700,22.9,16026.78,12.0201,False,False,True,5,5,
2024-06-17,2024-06-18,601020,SELL,1000,14.35,14351.4,10.7636,False,False,True,5,5,
2024-06-17,2024-06-18,601985,SELL,7100,10.42,74006.14,55.5046,False,False,True,5,5,
2024-06-17,2024-06-18,000021,NEW_BUY,1100,16.57,18224.25,13.6682,False,False,True,5,5,
2024-06-17,2024-06-18,000858,NEW_BUY,300,149.94,44982.39,33.7368,False,False,True,5,5,
2024-06-17,2024-06-18,600028,NEW_BUY,6300,6.76,42573.51,31.9301,False,False,True,5,5,
2024-06-18,2024-06-19,600900,SELL,3500,29.69,103900.3,77.9252,False,False,True,5,5,
2024-06-18,2024-06-19,002230,NEW_BUY,2300,43.72,100553.24,75.4149,False,False,True,5,5,
2024-06-21,2024-06-24,300552,SELL,1700,41.89,71213.0,53.4098,False,False,True,5,5,
2024-06-21,2024-06-24,600809,NEW_BUY,300,225.42,67626.63,50.72,False,False,True,5,5,
2024-07-01,2024-07-02,000021,SELL,1100,15.19,16709.88,12.5324,False,False,True,5,5,
2024-07-01,2024-07-02,000858,SELL,300,141.83,42549.99,31.9125,False,False,True,5,5,
2024-07-01,2024-07-02,600028,SELL,6300,7.22,45477.81,34.1084,False,False,True,5,5,
2024-07-01,2024-07-02,003816,NEW_BUY,10100,4.96,50054.59,37.5409,False,False,True,5,5,
2024-07-01,2024-07-02,300319,NEW_BUY,4000,9.42,37695.6,28.2717,False,False,True,5,5,
2024-07-01,2024-07-02,600733,NEW_BUY,2800,8.81,24668.0,18.501,False,False,True,5,5,
2024-07-02,2024-07-03,002230,SELL,2300,43.0,98889.65,74.1672,False,False,True,5,5,
2024-07-02,2024-07-03,600050,NEW_BUY,19900,5.03,100104.96,75.0787,False,False,True,5,5,
2024-07-05,2024-07-08,600809,SELL,300,199.69,59906.37,44.9298,False,False,True,5,5,
2024-07-05,2024-07-08,601288,NEW_BUY,12800,4.82,61639.68,46.2298,False,False,True,5,5,
2024-07-15,2024-07-16,003816,SELL,10100,5.03,50818.15,38.1136,False,False,True,5,5,
2024-07-15,2024-07-16,300319,SELL,4000,9.8,39198.4,29.3988,False,False,True,5,5,
2024-07-15,2024-07-16,600733,SELL,1000,9.96,9960.0,7.47,False,False,True,5,5,
2024-07-15,2024-07-16,601398,NEW_BUY,9700,6.43,62325.41,46.7441,False,False,True,5,5,
2024-07-15,2024-07-16,688036,NEW_BUY,400,79.61,31845.84,23.8844,False,False,True,5,5,
2024-07-16,2024-07-17,600050,SELL,19900,5.1,101583.53,76.1876,False,False,True,5,5,
2024-07-16,2024-07-17,600418,NEW_BUY,3500,20.35,71222.2,53.4166,False,False,True,5,5,
2024-07-16,2024-07-17,600733,REBALANCE_BUY,3000,10.27,30810.0,23.1075,False,False,True,5,5,
2024-07-17,2024-07-18,600733,SELL,4800,10.3,49440.0,37.08,False,False,True,5,5,
2024-07-17,2024-07-18,300274,NEW_BUY,600,71.07,42642.0,31.9815,False,False,True,5,5,
2024-07-19,2024-07-22,601288,SELL,12800,5.08,64963.84,48.7229,False,False,True,5,5,
2024-07-19,2024-07-22,300576,NEW_BUY,1300,51.66,67158.91,50.3692,False,False,True,5,5,
2024-07-29,2024-07-30,601398,SELL,9700,6.48,62852.12,47.1391,False,False,True,5,5,
2024-07-29,2024-07-30,688036,SELL,400,83.54,33416.92,25.0627,False,False,True,5,5,
2024-07-29,2024-07-30,600926,NEW_BUY,2400,14.81,35536.56,26.6524,False,False,True,5,5,
2024-07-29,2024-07-30,601668,NEW_BUY,11800,5.88,69393.44,52.0451,False,False,True,5,5,
2024-07-30,2024-07-31,600418,SELL,3500,18.89,66115.0,49.5862,False,False,True,5,5,
2024-07-30,2024-07-31,300760,NEW_BUY,200,260.67,52134.14,39.1006,False,False,True,5,5,
2024-07-31,2024-08-01,300274,SELL,600,70.48,42290.22,31.7177,False,False,True,5,5,
2024-07-31,2024-08-01,601985,NEW_BUY,4900,11.24,55078.45,41.3088,False,False,True,5,5,
2024-08-02,2024-08-05,300576,SELL,1300,46.61,60597.94,45.4485,False,False,True,5,5,
2024-08-02,2024-08-05,002085,NEW_BUY,4100,15.23,62463.09,46.8473,False,False,True,5,5,
2024-08-12,2024-08-13,600926,SELL,2400,13.97,33526.08,25.1446,False,False,True,5,5,
2024-08-12,2024-08-13,601668,SELL,11800,5.76,67911.36,50.9335,False,False,True,5,5,
2024-08-12,2024-08-13,600101,NEW_BUY,7400,8.91,65965.08,49.4738,False,False,True,5,5,
2024-08-12,2024-08-13,600611,NEW_BUY,4300,9.12,39235.35,29.4265,False,False,True,5,5,
2024-08-13,2024-08-14,300760,SELL,200,269.43,53886.02,40.4145,False,False,True,5,5,
2024-08-13,2024-08-14,300139,NEW_BUY,4000,13.69,54760.0,41.07,False,False,True,5,5,
2024-08-14,2024-08-15,601985,SELL,4900,11.26,55178.41,41.3838,False,False,True,5,5,
2024-08-14,2024-08-15,601138,NEW_BUY,2600,21.26,55284.32,41.4632,False,False,True,5,5,
2024-08-16,2024-08-19,002085,SELL,4100,12.38,50753.9,38.0654,False,False,True,5,5,
2024-08-16,2024-08-19,002142,NEW_BUY,2600,20.67,53739.92,40.3049,False,False,True,5,5,
2024-08-26,2024-08-27,600101,SELL,7400,7.47,55309.08,41.4818,False,False,True,5,5,
2024-08-26,2024-08-27,600611,SELL,4300,9.17,39452.07,29.5891,False,False,True,5,5,
2024-08-26,2024-08-27,000333,NEW_BUY,700,69.62,48736.8,36.5526,False,False,True,5,5,
2024-08-26,2024-08-27,300760,NEW_BUY,100,245.91,24590.64,18.443,False,False,True,5,5,
2024-08-27,2024-08-28,300139,SELL,4000,12.72,50880.0,38.16,False,False,True,5,5,
2024-08-27,2024-08-28,601398,NEW_BUY,10600,7.09,75126.44,56.3448,False,False,True,5,5,
2024-08-28,2024-08-29,601138,SELL,2600,19.48,50646.18,37.9846,False,False,True,5,5,
2024-08-28,2024-08-29,601988,NEW_BUY,9700,5.44,52788.37,39.5913,False,False,True,5,5,
2024-08-30,2024-09-02,002142,SELL,2600,21.1,54853.24,41.1399,False,False,True,5,5,
2024-08-30,2024-09-02,601939,NEW_BUY,7300,7.96,58143.04,43.6073,False,False,True,5,5,
2024-09-09,2024-09-10,000333,SELL,100,63.8,6380.09,4.7851,False,False,True,5,5,
2024-09-09,2024-09-10,300760,SELL,100,249.02,24902.12,18.6766,False,False,True,5,5,
2024-09-09,2024-09-10,601857,NEW_BUY,3600,8.52,30669.48,23.0021,False,False,True,5,5,
2024-09-10,2024-09-11,601398,SELL,10600,6.14,65116.86,48.8376,False,False,True,5,5,
2024-09-10,2024-09-11,000333,REBALANCE_BUY,100,63.84,6384.31,4.7882,False,False,True,5,5,
2024-09-10,2024-09-11,000538,NEW_BUY,1000,57.29,57288.8,42.9666,False,False,True,5,5,
2024-09-11,2024-09-12,601988,SELL,9700,4.92,47726.91,35.7952,False,False,True,5,5,
2024-09-11,2024-09-12,600900,NEW_BUY,1800,28.83,51886.8,38.9151,False,False,True,5,5,
2024-09-12,2024-09-13,000333,SELL,700,65.46,45819.97,34.365,False,False,True,5,5,
2024-09-12,2024-09-13,002466,NEW_BUY,1700,27.43,46631.0,34.9733,False,False,True,5,5,
2024-09-13,2024-09-18,601939,SELL,7300,7.62,55645.71,41.7343,False,False,True,5,5,
2024-09-13,2024-09-18,300502,NEW_BUY,200,195.87,39173.48,29.3801,False,False,True,5,5,
2024-09-25,2024-09-26,601857,SELL,3600,8.76,31542.12,23.6566,False,False,True,5,5,
2024-09-25,2024-09-26,000063,NEW_BUY,1700,25.94,44098.51,33.0739,False,False,True,5,5,
2024-09-26,2024-09-27,000538,SELL,1000,60.65,60654.9,45.4912,False,False,True,5,5,
2024-09-26,2024-09-27,000001,NEW_BUY,4600,12.62,58038.2,43.5287,False,False,True,5,5,
2024-09-27,2024-09-30,600900,SELL,1800,30.0,54003.42,40.5026,False,False,True,5,5,
2024-09-27,2024-09-30,002236,NEW_BUY,2700,17.66,47688.75,35.7666,False,False,True,5,5,
2024-09-30,2024-10-08,002466,SELL,1700,38.72,65824.0,49.368,False,False,True,5,5,
2024-09-30,2024-10-08,002352,NEW_BUY,900,52.6,47343.15,35.5074,False,False,True,5,5,
2024-10-08,2024-10-09,300502,SELL,200,293.6,58720.8,44.0406,False,False,True,5,5,
2024-10-08,2024-10-09,300347,NEW_BUY,800,74.08,59263.36,44.4475,False,False,True,5,5,
2024-10-16,2024-10-17,000063,SELL,1700,30.28,51482.97,38.6122,False,False,True,5,5,
2024-10-16,2024-10-17,300757,NEW_BUY,400,159.03,63610.32,47.7077,False,False,True,5,5,
2024-10-17,2024-10-18,000001,SELL,4600,12.96,59598.06,44.6985,False,False,True,5,5,
2024-10-17,2024-10-18,300337,NEW_BUY,3800,17.02,64660.42,48.4953,False,False,True,5,5,
2024-10-18,2024-10-21,002236,SELL,2700,17.77,47974.95,35.9812,False,False,True,5,5,
2024-10-18,2024-10-21,300563,NEW_BUY,600,61.53,36915.72,27.6868,False,False,True,5,5,
2024-10-21,2024-10-22,002352,SELL,900,45.04,40536.0,30.402,False,False,True,5,5,
2024-10-21,2024-10-22,300045,NEW_BUY,1200,31.0,37200.0,27.9,False,False,True,5,5,
2024-10-22,2024-10-23,300347,SELL,800,68.17,54540.0,40.905,False,False,True,5,5,
2024-10-22,2024-10-23,300184,NEW_BUY,5000,12.2,61000.0,45.75,False,False,True,5,5,
2024-10-30,2024-10-31,300757,SELL,400,212.69,85077.84,63.8084,False,False,True,5,5,
2024-10-30,2024-10-31,000988,NEW_BUY,1900,39.98,75958.39,56.9688,False,False,True,5,5,
2024-10-31,2024-11-01,300337,SELL,3800,18.01,68426.22,51.3197,False,False,True,5,5,
2024-10-31,2024-11-01,002384,NEW_BUY,2300,31.18,71706.87,53.7802,False,False,True,5,5,
2024-11-01,2024-11-04,300563,SELL,600,50.68,30406.56,22.8049,False,False,True,5,5,
2024-11-01,2024-11-04,002607,NEW_BUY,12300,3.3,40590.0,30.4425,False,False,True,5,5,
2024-11-04,2024-11-05,300045,SELL,1200,26.05,31260.0,23.445,False,False,True,5,5,
2024-11-04,2024-11-05,600733,NEW_BUY,3200,8.65,27680.0,20.76,False,False,True,5,5,
2024-11-05,2024-11-06,300184,SELL,5000,12.04,60200.0,45.15,False,False,True,5,5,
2024-11-05,2024-11-06,002156,NEW_BUY,1700,32.09,54554.7,40.916,False,False,True,5,5,
2024-11-13,2024-11-14,000988,SELL,1900,41.1,78080.69,58.5605,False,False,True,5,5,
2024-11-13,2024-11-14,300058,NEW_BUY,5700,14.04,80014.89,60.0112,False,False,True,5,5,
2024-11-14,2024-11-15,002384,SELL,2300,30.63,70438.65,52.829,False,False,True,5,5,
2024-11-14,2024-11-15,002230,NEW_BUY,1300,53.09,69020.38,51.7653,False,False,True,5,5,
2024-11-15,2024-11-18,002607,SELL,12300,3.47,42681.0,32.0108,False,False,True,5,5,
2024-11-15,2024-11-18,002241,NEW_BUY,1700,27.12,46109.95,34.5825,False,False,True,5,5,
2024-11-18,2024-11-19,600733,SELL,3200,8.46,27072.0,20.304,False,False,True,5,5,
2024-11-18,2024-11-19,601398,NEW_BUY,5400,6.71,36220.5,27.1654,False,False,True,5,5,
2024-11-19,2024-11-20,002156,SELL,1700,30.92,52560.09,39.4201,False,False,True,5,5,
2024-11-19,2024-11-20,600418,NEW_BUY,1200,39.68,47616.0,35.712,False,False,True,5,5,
2024-11-27,2024-11-28,300058,SELL,5700,14.71,83847.57,62.8857,False,False,True,5,5,
2024-11-27,2024-11-28,300364,NEW_BUY,2700,30.75,83025.0,62.2688,False,False,True,5,5,
2024-11-28,2024-11-29,002230,SELL,1300,47.6,61881.17,46.4109,False,False,True,5,5,
2024-11-28,2024-11-29,002131,NEW_BUY,17600,3.72,65489.6,49.1172,False,False,True,5,5,
2024-11-29,2024-12-02,002241,SELL,1700,26.0,44192.52,33.1444,False,False,True,5,5,
2024-11-29,2024-12-02,300377,NEW_BUY,1100,34.84,38324.0,28.743,False,False,True,5,5,
2024-12-02,2024-12-03,601398,SELL,5400,6.65,35927.28,26.9455,False,False,True,5,5,
2024-12-02,2024-12-03,600601,NEW_BUY,6900,4.74,32706.0,24.5295,False,False,True,5,5,
2024-12-03,2024-12-04,600418,SELL,1200,34.6,41520.0,31.14,False,False,True,5,5,
2024-12-03,2024-12-04,600843,NEW_BUY,2600,16.1,41860.0,31.395,False,False,True,5,5,
2024-12-11,2024-12-12,300364,SELL,2700,31.9,86130.0,64.5975,False,False,True,5,5,
2024-12-11,2024-12-12,688165,NEW_BUY,2400,36.82,88368.0,66.276,False,False,True,5,5,
2024-12-12,2024-12-13,002131,SELL,17600,4.22,74233.28,55.675,False,False,True,5,5,
2024-12-12,2024-12-13,600887,NEW_BUY,2300,32.91,75681.5,56.7611,False,False,True,5,5,
2024-12-13,2024-12-16,300377,SELL,1100,33.1,36410.0,27.3075,False,False,True,5,5,
2024-12-13,2024-12-16,300502,NEW_BUY,100,262.27,26227.31,19.6705,False,False,True,5,5,
2024-12-16,2024-12-17,600601,SELL,6900,4.27,29463.0,22.0972,False,False,True,5,5,
2024-12-16,2024-12-17,002281,NEW_BUY,1000,47.26,47264.6,35.4485,False,False,True,5,5,
2024-12-17,2024-12-18,600843,SELL,2600,13.28,34528.0,25.896,False,False,True,5,5,
2024-12-17,2024-12-18,601919,NEW_BUY,2100,16.55,34754.37,26.0658,False,False,True,5,5,
2024-12-25,2024-12-26,688165,SELL,2400,28.01,67224.0,50.418,False,False,True,5,5,
2024-12-25,2024-12-26,601398,NEW_BUY,9000,7.53,67791.6,50.8437,False,False,True,5,5,
2024-12-26,2024-12-27,600887,SELL,2300,32.86,75580.76,56.6856,False,False,True,5,5,
2024-12-26,2024-12-27,603083,NEW_BUY,1500,48.77,73156.05,54.867,False,False,True,5,5,
2024-12-27,2024-12-30,300502,SELL,100,254.19,25419.4,19.0645,False,False,True,5,5,
2024-12-27,2024-12-30,000938,NEW_BUY,900,29.7,26727.12,20.0453,False,False,True,5,5,
2024-12-30,2024-12-31,002281,SELL,1000,55.87,55874.6,41.9059,False,False,True,5,5,
2024-12-30,2024-12-31,600584,NEW_BUY,1300,43.17,56123.99,42.093,False,False,True,5,5,
2024-12-31,2025-01-02,601919,SELL,2100,17.25,36221.85,27.1664,False,False,True,5,5,
2024-12-31,2025-01-02,601988,NEW_BUY,7300,5.87,42837.13,32.1278,False,False,True,5,5,
2025-01-09,2025-01-10,601398,SELL,9000,7.14,64279.8,48.2098,False,False,True,5,5,
2025-01-09,2025-01-10,000333,NEW_BUY,800,83.05,66442.4,49.8318,False,False,True,5,5,
2025-01-10,2025-01-13,603083,SELL,1500,37.28,55912.65,41.9345,False,False,True,5,4,
2025-01-13,2025-01-14,000938,SELL,900,24.49,22040.37,16.5303,False,False,True,4,4,
2025-01-13,2025-01-14,601899,NEW_BUY,3500,16.66,58292.5,43.7194,False,False,True,4,4,
2025-01-14,2025-01-15,600584,SELL,1300,40.22,52284.83,39.2136,False,False,True,4,5,
2025-01-14,2025-01-15,000831,NEW_BUY,1800,29.51,53118.0,39.8385,False,False,True,4,5,
2025-01-14,2025-01-15,002681,NEW_BUY,3000,7.31,21930.0,16.4475,False,False,True,4,5,
2025-01-15,2025-01-16,601988,SELL,7300,5.83,42526.15,31.8946,False,False,True,5,5,
2025-01-15,2025-01-16,300493,NEW_BUY,1200,34.7,41640.0,31.23,False,False,True,5,5,
2025-01-23,2025-01-24,000333,SELL,800,77.02,61615.12,46.2113,False,False,True,5,5,
2025-01-23,2025-01-24,603236,NEW_BUY,500,118.07,59034.9,44.2762,False,False,True,5,5,
2025-01-27,2025-02-05,601899,SELL,3500,16.96,59365.95,44.5245,False,False,True,5,5,
2025-01-27,2025-02-05,300418,NEW_BUY,1600,39.0,62400.0,46.8,False,False,True,5,5,
2025-02-05,2025-02-06,000831,SELL,1800,28.5,51300.0,38.475,False,False,True,5,5,
2025-02-05,2025-02-06,002681,SELL,3000,7.2,21600.0,16.2,False,False,True,5,5,
2025-02-05,2025-02-06,300442,NEW_BUY,700,60.71,42494.9,31.8712,False,False,True,5,5,
2025-02-05,2025-02-06,603893,NEW_BUY,100,164.06,16406.19,12.3046,False,False,True,5,5,
2025-02-06,2025-02-07,300493,SELL,1200,28.8,34563.6,25.9227,False,False,True,5,5,
2025-02-06,2025-02-07,600580,NEW_BUY,1600,28.86,46180.96,34.6357,False,False,True,5,5,
2025-02-14,2025-02-17,603236,SELL,500,119.51,59753.3,44.815,False,False,True,5,5,
2025-02-14,2025-02-17,000938,NEW_BUY,2000,31.17,62349.4,46.7621,False,False,True,5,5,
2025-02-18,2025-02-19,300418,SELL,1600,41.88,67008.0,50.256,False,False,True,5,5,
2025-02-18,2025-02-19,603501,NEW_BUY,400,145.91,58364.4,43.7733,False,False,True,5,5,
2025-02-19,2025-02-20,300442,SELL,700,56.56,39589.34,29.692,False,False,True,5,5,
2025-02-19,2025-02-20,603893,SELL,100,176.22,17622.02,13.2165,False,False,True,5,5,
2025-02-19,2025-02-20,300251,NEW_BUY,1000,29.16,29158.1,21.8686,False,False,True,5,5,
2025-02-19,2025-02-20,300718,NEW_BUY,300,104.89,31468.44,23.6013,False,False,True,5,5,
2025-02-20,2025-02-21,600580,SELL,1600,33.11,52972.16,39.7291,False,False,True,5,5,
2025-02-20,2025-02-21,600498,NEW_BUY,2000,27.83,55655.6,41.7417,False,False,True,5,5,
2025-02-28,2025-03-03,000938,SELL,2000,29.95,59896.4,44.9223,False,False,True,5,5,
2025-02-28,2025-03-03,688525,NEW_BUY,900,76.05,68441.04,51.3308,False,False,True,5,5,
2025-03-04,2025-03-05,603501,SELL,400,143.13,57253.44,42.9401,False,False,True,5,5,
2025-03-04,2025-03-05,300035,NEW_BUY,3200,18.38,58830.08,44.1226,False,False,True,5,5,
2025-03-05,2025-03-06,300251,SELL,1000,23.94,23940.4,17.9553,False,False,True,5,5,
2025-03-05,2025-03-06,300718,SELL,300,108.22,32466.96,24.3502,False,False,True,5,5,
2025-03-05,2025-03-06,300458,NEW_BUY,200,99.3,19859.06,14.8943,False,False,True,5,5,
2025-03-05,2025-03-06,300476,NEW_BUY,500,59.02,29507.75,22.1308,False,False,True,5,5,
2025-03-06,2025-03-07,600498,SELL,2000,26.13,52265.4,39.199,False,False,True,5,5,
2025-03-06,2025-03-07,688521,NEW_BUY,600,94.86,56916.0,42.687,False,False,True,5,5,
2025-03-14,2025-03-17,688525,SELL,900,77.55,69791.85,52.3439,False,False,True,5,5,
2025-03-14,2025-03-17,002155,NEW_BUY,2100,31.65,66473.4,49.855,False,False,True,5,5,
2025-03-18,2025-03-19,300035,SELL,3200,18.45,59028.48,44.2714,False,False,True,5,5,
2025-03-18,2025-03-19,601899,NEW_BUY,2900,18.18,52717.36,39.538,False,False,True,5,5,
2025-03-19,2025-03-20,300458,SELL,200,92.14,18428.86,13.8216,False,False,True,5,5,
2025-03-19,2025-03-20,300476,SELL,400,86.58,34633.2,25.9749,False,False,True,5,5,
2025-03-19,2025-03-20,000333,NEW_BUY,600,80.6,48357.06,36.2678,False,False,True,5,5,
2025-03-20,2025-03-21,688521,SELL,600,96.79,58074.0,43.5555,False,False,True,5,5,
2025-03-20,2025-03-21,300100,NEW_BUY,300,93.14,27941.31,20.956,False,False,True,5,5,
2025-03-20,2025-03-21,300476,REBALANCE_BUY,300,84.89,25465.59,19.0992,False,False,True,5,5,
2025-03-21,2025-03-24,300476,SELL,400,86.86,34742.32,26.0567,False,False,True,5,5,
2025-03-21,2025-03-24,002553,NEW_BUY,1800,26.15,47066.4,35.2998,False,False,True,5,5,
2025-03-28,2025-03-31,002155,SELL,2100,31.04,65189.04,48.8918,False,False,True,5,5,
2025-03-28,2025-03-31,000737,NEW_BUY,6400,10.86,69521.28,52.141,False,False,True,5,5,
2025-04-01,2025-04-02,601899,SELL,2900,18.16,52657.91,39.4934,False,False,True,5,5,
2025-04-01,2025-04-02,600276,NEW_BUY,1000,51.72,51715.5,38.7866,False,False,True,5,5,
2025-04-02,2025-04-03,000333,SELL,600,78.7,47217.72,35.4133,False,False,True,5,5,
2025-04-02,2025-04-03,300760,NEW_BUY,200,235.15,47029.7,35.2723,False,False,True,5,5,
2025-04-03,2025-04-07,300100,SELL,300,79.58,23874.45,17.9058,False,False,True,5,5,
2025-04-03,2025-04-07,601288,NEW_BUY,6500,5.46,35467.9,26.6009,False,False,True,5,5,
2025-04-07,2025-04-08,002553,SELL,1800,15.98,28770.84,21.5781,False,False,True,5,4,
2025-04-09,2025-04-10,603501,NEW_BUY,200,124.5,24899.46,18.6746,False,False,True,4,5,
2025-04-14,2025-04-15,000737,SELL,6400,9.32,59635.84,44.7269,False,False,True,5,5,
2025-04-14,2025-04-15,600171,NEW_BUY,1700,36.83,62604.88,46.9537,False,False,True,5,5,
2025-04-16,2025-04-17,600276,SELL,1000,48.91,48914.1,36.6856,False,False,True,5,5,
2025-04-16,2025-04-17,002155,NEW_BUY,1400,34.62,48466.04,36.3495,False,False,True,5,5,
2025-04-17,2025-04-18,300760,SELL,200,228.21,45641.5,34.2311,False,False,True,5,5,
2025-04-17,2025-04-18,600988,NEW_BUY,1600,29.43,47089.12,35.3168,False,False,True,5,5,
2025-04-18,2025-04-21,601288,SELL,6500,5.72,37186.5,27.8899,False,False,True,5,5,
2025-04-18,2025-04-21,002261,NEW_BUY,1300,29.05,37765.0,28.3238,False,False,True,5,5,
2025-04-23,2025-04-24,603501,SELL,200,124.66,24931.66,18.6987,False,False,True,5,5,
2025-04-23,2025-04-24,300773,NEW_BUY,900,27.84,25055.28,18.7915,False,False,True,5,5,
2025-04-28,2025-04-29,600171,SELL,1700,35.04,59566.47,44.6749,False,False,True,5,5,
2025-04-28,2025-04-29,300766,NEW_BUY,1600,38.0,60800.0,45.6,False,False,True,5,5,
2025-04-30,2025-05-06,002155,SELL,1400,30.51,42714.84,32.0361,False,False,True,5,5,
2025-04-30,2025-05-06,600839,NEW_BUY,4000,10.7,42810.8,32.1081,False,False,True,5,5,
2025-05-06,2025-05-07,600988,SELL,1600,27.31,43695.52,32.7716,False,False,True,5,5,
2025-05-06,2025-05-07,300548,NEW_BUY,800,49.33,39460.56,29.5954,False,False,True,5,5,
2025-05-07,2025-05-08,002261,SELL,1300,33.7,43810.0,32.8575,False,False,True,5,5,
2025-05-07,2025-05-08,000158,NEW_BUY,1900,24.85,47222.22,35.4167,False,False,True,5,5,
2025-05-12,2025-05-13,300773,SELL,900,21.76,19583.01,14.6873,False,False,True,5,5,
2025-05-12,2025-05-13,002130,NEW_BUY,800,21.45,17161.12,12.8708,False,False,True,5,5,
2025-05-15,2025-05-16,300766,SELL,1600,37.99,60784.0,45.588,False,False,True,5,5,
2025-05-15,2025-05-16,601919,NEW_BUY,3800,17.61,66935.1,50.2013,False,False,True,5,5,
2025-05-19,2025-05-20,600839,SELL,4000,10.54,42167.6,31.6257,False,False,True,5,4,
2025-05-20,2025-05-21,300548,SELL,800,47.85,38283.44,28.7126,False,False,True,4,5,
2025-05-20,2025-05-21,300750,NEW_BUY,200,272.16,54431.06,40.8233,False,False,True,4,5,
2025-05-20,2025-05-21,300963,NEW_BUY,200,44.25,8849.58,6.6372,False,False,True,4,5,
2025-05-21,2025-05-22,000158,SELL,1900,23.45,44556.33,33.4172,False,False,True,5,4,
2025-05-22,2025-05-23,600418,NEW_BUY,1500,40.0,60000.0,45.0,False,False,True,4,5,
2025-05-26,2025-05-27,002130,SELL,800,19.9,15921.52,11.9411,False,False,True,5,4,
2025-05-28,2025-05-29,601229,NEW_BUY,1700,11.35,19299.08,14.4743,False,False,True,4,5,
2025-05-29,2025-05-30,601919,SELL,3800,18.19,69126.94,51.8452,False,False,True,5,5,
2025-05-29,2025-05-30,002639,NEW_BUY,6300,10.85,68355.0,51.2662,False,False,True,5,5,
2025-06-04,2025-06-05,300750,SELL,200,256.22,51244.58,38.4334,False,False,True,5,5,
2025-06-04,2025-06-05,300963,SELL,200,42.69,8538.84,6.4041,False,False,True,5,5,
2025-06-04,2025-06-05,002550,NEW_BUY,4100,8.81,36121.41,27.0911,False,False,True,5,5,
2025-06-04,2025-06-05,300468,NEW_BUY,900,26.71,24042.51,18.0319,False,False,True,5,5,
2025-06-06,2025-06-09,600418,SELL,1500,35.81,53715.0,40.2863,False,False,True,5,5,
2025-06-06,2025-06-09,300255,NEW_BUY,1100,44.46,48906.0,36.6795,False,False,True,5,5,
2025-06-12,2025-06-13,601229,SELL,1700,11.18,19009.06,14.2568,False,False,True,5,5,
2025-06-12,2025-06-13,002734,NEW_BUY,800,22.82,18253.92,13.6904,False,False,True,5,5,
2025-06-13,2025-06-16,002639,SELL,6300,11.04,69552.0,52.164,False,False,True,5,4,
2025-06-16,2025-06-17,300085,NEW_BUY,1600,41.36,66176.0,49.632,False,False,True,4,5,
2025-06-18,2025-06-19,002550,SELL,4100,8.53,34987.35,26.2405,False,False,True,5,5,
2025-06-18,2025-06-19,300468,SELL,900,41.08,36974.61,27.731,False,False,True,5,5,
2025-06-18,2025-06-19,600415,NEW_BUY,1500,20.86,31288.35,23.4663,False,False,True,5,5,
2025-06-18,2025-06-19,600809,NEW_BUY,200,180.27,36054.82,27.0411,False,False,True,5,5,
2025-06-20,2025-06-23,300255,SELL,1100,50.39,55429.0,41.5718,False,False,True,5,5,
2025-06-20,2025-06-23,601328,NEW_BUY,8400,8.12,68179.44,51.1346,False,False,True,5,5,
2025-06-26,2025-06-27,002734,SELL,800,18.45,14760.88,11.0707,False,False,True,5,5,
2025-06-26,2025-06-27,002074,NEW_BUY,100,32.52,3252.42,2.4393,False,False,True,5,5,
2025-06-30,2025-07-01,300085,SELL,1600,44.89,71824.0,53.868,False,False,True,5,5,
2025-06-30,2025-07-01,600967,NEW_BUY,3800,19.96,75837.74,56.8783,False,False,True,5,5,
2025-07-02,2025-07-03,600415,SELL,1500,19.47,29201.4,21.9011,False,False,True,5,5,
2025-07-02,2025-07-03,600809,SELL,200,179.27,35854.72,26.891,False,False,True,5,5,
2025-07-02,2025-07-03,300065,NEW_BUY,1000,18.96,18960.0,14.22,False,False,True,5,5,
2025-07-02,2025-07-03,600150,NEW_BUY,1500,33.03,49545.0,37.1587,False,False,True,5,5,
2025-07-04,2025-07-07,601328,SELL,8400,8.39,70497.84,52.8734,False,False,True,5,5,
2025-07-04,2025-07-07,603228,NEW_BUY,1500,46.16,69233.85,51.9254,False,False,True,5,5,
2025-07-10,2025-07-11,002074,SELL,100,29.92,2991.59,2.2437,False,False,True,5,4,
2025-07-11,2025-07-14,002602,NEW_BUY,300,12.38,3714.06,2.7855,False,False,True,4,5,
2025-07-14,2025-07-15,600967,SELL,3800,17.99,68362.0,51.2715,False,False,True,5,5,
2025-07-14,2025-07-15,600744,NEW_BUY,7800,8.7,67860.0,50.895,False,False,True,5,5,
2025-07-16,2025-07-17,300065,SELL,1000,17.74,17740.0,13.305,False,False,True,5,5,
2025-07-16,2025-07-17,600150,SELL,1500,33.79,50685.0,38.0138,False,False,True,5,5,
2025-07-16,2025-07-17,300502,NEW_BUY,100,234.12,23411.8,17.5588,False,False,True,5,5,
2025-07-16,2025-07-17,300548,NEW_BUY,400,80.08,32033.68,24.0253,False,False,True,5,5,
2025-07-18,2025-07-21,603228,SELL,1500,53.89,80828.4,60.6213,False,False,True,5,5,
2025-07-18,2025-07-21,002126,NEW_BUY,3200,28.06,89781.12,67.3358,False,False,True,5,5,
2025-07-25,2025-07-28,002602,SELL,300,12.21,3662.88,2.7472,False,False,True,5,5,
2025-07-25,2025-07-28,601888,NEW_BUY,100,67.41,6741.23,5.0559,False,False,True,5,5,
2025-07-28,2025-07-29,600744,SELL,7800,7.17,55926.0,41.9445,False,False,True,5,5,
2025-07-28,2025-07-29,000625,NEW_BUY,4100,13.46,55175.34,41.3815,False,False,True,5,5,
2025-07-30,2025-07-31,300502,SELL,100,278.96,27896.22,20.9222,False,False,True,5,5,
2025-07-30,2025-07-31,300548,SELL,400,93.05,37220.0,27.915,False,False,True,5,5,
2025-07-30,2025-07-31,600570,NEW_BUY,400,37.1,14841.36,11.131,False,False,True,5,5,
2025-07-30,2025-07-31,600584,NEW_BUY,1300,35.52,46182.11,34.6366,False,False,True,5,5,
2025-08-01,2025-08-04,002126,SELL,3200,28.56,91384.64,68.5385,False,False,True,5,5,
2025-08-01,2025-08-04,300661,NEW_BUY,1300,74.53,96883.67,72.6628,False,False,True,5,5,
2025-08-08,2025-08-11,601888,SELL,100,65.25,6524.55,4.8934,False,False,True,5,4,
2025-08-11,2025-08-12,000625,SELL,4100,13.11,53734.19,40.3006,False,False,True,4,5,
2025-08-11,2025-08-12,300762,NEW_BUY,600,27.2,16320.0,12.24,False,False,True,4,5,
2025-08-11,2025-08-12,600941,NEW_BUY,300,114.14,34242.75,25.6821,False,False,True,4,5,
2025-08-13,2025-08-14,600570,SELL,400,36.03,14413.52,10.8101,False,False,True,5,5,
2025-08-13,2025-08-14,600584,SELL,1300,35.67,46377.24,34.7829,False,False,True,5,5,
2025-08-13,2025-08-14,002173,NEW_BUY,1400,23.78,33292.0,24.969,False,False,True,5,5,
2025-08-13,2025-08-14,600410,NEW_BUY,2100,16.12,33852.0,25.389,False,False,True,5,5,
2025-08-15,2025-08-18,300661,SELL,1300,76.67,99671.91,74.7539,False,False,True,5,5,
2025-08-15,2025-08-18,002104,NEW_BUY,3200,29.58,94656.0,70.992,False,False,True,5,5,
2025-08-25,2025-08-26,300762,SELL,600,29.21,17526.0,13.1445,False,False,True,5,4,
2025-08-25,2025-08-26,600941,SELL,300,115.17,34550.37,25.9128,False,False,True,5,4,
2025-08-25,2025-08-26,601127,NEW_BUY,200,137.48,27495.1,20.6213,False,False,True,5,4,
2025-08-26,2025-08-27,601698,NEW_BUY,1000,22.7,22700.0,17.025,False,False,True,4,5,
2025-08-27,2025-08-28,002173,SELL,1400,22.06,30884.0,23.163,False,False,True,5,5,
2025-08-27,2025-08-28,600410,SELL,2100,24.53,51513.0,38.6348,False,False,True,5,5,
2025-08-27,2025-08-28,002555,NEW_BUY,2000,20.35,40709.2,30.5319,False,False,True,5,5,
2025-08-27,2025-08-28,688012,NEW_BUY,100,307.78,30778.37,23.0838,False,False,True,5,5,
2025-08-29,2025-09-01,002104,SELL,3200,26.55,84960.0,63.72,False,False,True,5,5,
2025-08-29,2025-09-01,300502,NEW_BUY,100,507.46,50745.89,38.0594,False,False,True,5,5,
2025-09-08,2025-09-09,601127,SELL,200,144.69,28937.94,21.7035,False,False,True,5,5,
2025-09-08,2025-09-09,300274,NEW_BUY,500,133.7,66851.1,50.1383,False,False,True,5,5,
2025-09-09,2025-09-10,601698,SELL,1000,21.88,21880.0,16.41,False,False,True,5,5,
2025-09-09,2025-09-10,002460,NEW_BUY,700,46.45,32515.0,24.3863,False,False,True,5,5,
2025-09-10,2025-09-11,002555,SELL,2000,22.91,45828.8,34.3716,False,False,True,5,4,
2025-09-10,2025-09-11,688012,SELL,100,307.19,30718.72,23.039,False,False,True,5,4,
2025-09-10,2025-09-11,601138,NEW_BUY,800,56.11,44885.04,33.6638,False,False,True,5,4,
2025-09-12,2025-09-15,300502,SELL,100,480.84,48083.83,36.0629,False,False,True,4,5,
2025-09-12,2025-09-15,002384,NEW_BUY,300,76.99,23097.0,17.3227,False,False,True,4,5,
2025-09-12,2025-09-15,002475,NEW_BUY,900,52.3,47073.24,35.3049,False,False,True,4,5,
2025-09-22,2025-09-23,300274,SELL,500,138.76,69379.5,52.0346,False,False,True,5,5,
2025-09-22,2025-09-23,300620,NEW_BUY,400,138.11,55242.56,41.4319,False,False,True,5,5,
2025-09-23,2025-09-24,002460,SELL,700,52.6,36820.0,27.615,False,False,True,5,5,
2025-09-23,2025-09-24,002938,NEW_BUY,800,62.31,49852.0,37.389,False,False,True,5,5,
2025-09-24,2025-09-25,601138,SELL,800,68.25,54602.08,40.9516,False,False,True,5,5,
2025-09-24,2025-09-25,688008,NEW_BUY,400,133.34,53337.64,40.0032,False,False,True,5,5,
2025-09-26,2025-09-29,002384,SELL,300,68.59,20577.0,15.4328,False,False,True,5,5,
2025-09-26,2025-09-29,002475,SELL,900,64.45,58006.44,43.5048,False,False,True,5,5,
2025-09-26,2025-09-29,000977,NEW_BUY,400,72.08,28831.96,21.624,False,False,True,5,5,
2025-09-26,2025-09-29,603501,NEW_BUY,300,151.27,45380.97,34.0357,False,False,True,5,5,
2025-10-14,2025-10-15,300620,SELL,400,100.1,40038.84,30.0291,False,False,True,5,5,
2025-10-14,2025-10-15,688347,NEW_BUY,400,120.53,48212.0,36.159,False,False,True,5,5,
2025-10-15,2025-10-16,002938,SELL,800,49.44,39555.36,29.6665,False,False,True,5,5,
2025-10-15,2025-10-16,600392,NEW_BUY,1900,25.29,48052.14,36.0391,False,False,True,5,5,
2025-10-16,2025-10-17,688008,SELL,400,143.36,57343.48,43.0076,False,False,True,5,5,
2025-10-16,2025-10-17,600036,NEW_BUY,1300,42.96,55850.73,41.888,False,False,True,5,5,
2025-10-20,2025-10-21,000977,SELL,400,65.21,26082.44,19.5618,False,False,True,5,5,
2025-10-20,2025-10-21,603501,SELL,300,128.27,38480.4,28.8603,False,False,True,5,5,
2025-10-20,2025-10-21,000426,NEW_BUY,600,31.16,18696.0,14.022,False,False,True,5,5,
2025-10-20,2025-10-21,601288,NEW_BUY,6300,8.03,50565.06,37.9238,False,False,True,5,5,
2025-10-28,2025-10-29,688347,SELL,400,132.11,52844.0,39.633,False,False,True,5,5,
2025-10-28,2025-10-29,300476,NEW_BUY,100,345.28,34527.76,25.8958,False,False,True,5,5,
2025-10-29,2025-10-30,600392,SELL,1900,23.64,44909.54,33.6822,False,False,True,5,5,
2025-10-29,2025-10-30,301308,NEW_BUY,200,294.58,58916.24,44.1872,False,False,True,5,5,
2025-10-30,2025-10-31,600036,SELL,1300,42.33,55023.93,41.2679,False,False,True,5,5,
2025-10-30,2025-10-31,300502,NEW_BUY,100,521.25,52125.28,39.094,False,False,True,5,5,
2025-11-03,2025-11-04,000426,SELL,600,29.43,17658.0,13.2435,False,False,True,5,5,
2025-11-03,2025-11-04,601288,SELL,6300,8.3,52261.65,39.1962,False,False,True,5,5,
2025-11-03,2025-11-04,002812,NEW_BUY,800,48.5,38800.0,29.1,False,False,True,5,5,
2025-11-03,2025-11-04,603686,NEW_BUY,1200,30.0,36000.0,27.0,False,False,True,5,5,
2025-11-11,2025-11-12,300476,SELL,100,284.97,28497.03,21.3728,False,False,True,5,5,
2025-11-11,2025-11-12,002407,NEW_BUY,900,32.07,28866.42,21.6498,False,False,True,5,5,
2025-11-12,2025-11-13,301308,SELL,200,312.01,62401.12,46.8008,False,False,True,5,5,
2025-11-12,2025-11-13,300724,NEW_BUY,500,102.36,51177.55,38.3832,False,False,True,5,5,
2025-11-13,2025-11-14,300502,SELL,100,445.79,44579.28,33.4345,False,False,True,5,5,
2025-11-13,2025-11-14,300475,NEW_BUY,200,176.82,35364.0,26.523,False,False,True,5,5,
2025-11-17,2025-11-18,603686,SELL,1200,30.99,37188.0,27.891,False,False,True,5,5,
2025-11-17,2025-11-18,000833,NEW_BUY,2100,23.74,49859.25,37.3944,False,False,True,5,5,
2025-11-18,2025-11-19,002812,REBALANCE_BUY,100,59.34,5934.0,4.4505,False,False,True,5,5,
2025-11-20,2025-11-21,002812,SELL,900,58.8,52920.0,39.69,False,False,True,5,5,
2025-11-20,2025-11-21,002240,NEW_BUY,1700,36.63,62271.0,46.7033,False,False,True,5,5,
2025-11-25,2025-11-26,002407,SELL,900,33.67,30304.71,22.7285,False,False,True,5,5,
2025-11-25,2025-11-26,300620,NEW_BUY,200,141.29,28257.78,21.1933,False,False,True,5,5,
2025-11-26,2025-11-27,300724,SELL,500,86.44,43220.0,32.415,False,False,True,5,4,
2025-11-27,2025-11-28,300475,SELL,200,132.54,26508.0,19.881,False,False,True,4,4,
2025-11-27,2025-11-28,601138,NEW_BUY,600,60.57,36342.36,27.2568,False,False,True,4,4,
2025-11-28,2025-12-01,300058,NEW_BUY,3400,10.51,35734.0,26.8005,False,False,True,4,5,
2025-12-01,2025-12-02,000833,SELL,2100,20.21,42431.13,31.8233,False,False,True,5,5,
2025-12-01,2025-12-02,002241,NEW_BUY,1400,30.85,43186.08,32.3896,False,False,True,5,5,
2025-12-04,2025-12-05,002240,SELL,1700,30.04,51068.0,38.301,False,False,True,5,5,
2025-12-04,2025-12-05,000426,NEW_BUY,1700,34.03,57851.0,43.3882,False,False,True,5,5,
2025-12-09,2025-12-10,300620,SELL,200,167.25,33449.78,25.0873,False,False,True,5,4,
2025-12-11,2025-12-12,601138,SELL,600,61.33,36800.88,27.6007,False,False,True,4,3,
2025-12-12,2025-12-15,300058,SELL,3400,8.7,29580.0,22.185,False,False,True,3,3,
2025-12-12,2025-12-15,603019,NEW_BUY,400,88.39,35357.08,26.5178,False,False,True,3,3,
2025-12-15,2025-12-16,002241,SELL,1400,28.85,40394.34,30.2958,False,False,True,3,5,
2025-12-15,2025-12-16,300395,NEW_BUY,300,92.91,27873.0,20.9047,False,False,True,3,5,
2025-12-15,2025-12-16,300476,NEW_BUY,100,291.87,29187.46,21.8906,False,False,True,3,5,
2025-12-15,2025-12-16,600118,NEW_BUY,700,53.5,37450.0,28.0875,False,False,True,3,5,
2025-12-18,2025-12-19,000426,SELL,1700,34.17,58089.0,43.5667,False,False,True,5,5,
2025-12-18,2025-12-19,000657,NEW_BUY,2400,27.36,65664.0,49.248,False,False,True,5,5,
2025-12-26,2025-12-29,603019,SELL,400,86.25,34500.68,25.8755,False,False,True,5,5,
2025-12-26,2025-12-29,000559,NEW_BUY,1800,13.78,24806.88,18.6052,False,False,True,5,5,
2025-12-29,2025-12-30,300395,SELL,300,106.28,31884.0,23.913,False,False,True,5,5,
2025-12-29,2025-12-30,300476,SELL,100,296.9,29689.69,22.2673,False,False,True,5,5,
2025-12-29,2025-12-30,600118,SELL,300,85.4,25620.0,19.215,False,False,True,5,5,
2025-12-29,2025-12-30,002759,NEW_BUY,600,47.0,28200.0,21.15,False,False,True,5,5,
2025-12-29,2025-12-30,600362,NEW_BUY,1100,46.85,51535.0,38.6512,False,False,True,5,5,
2025-12-30,2025-12-31,600118,SELL,400,88.0,35200.0,26.4,False,False,True,5,5,
2025-12-30,2025-12-31,002465,NEW_BUY,2600,15.09,39227.5,29.4206,False,False,True,5,5,
2026-01-05,2026-01-06,000657,SELL,2400,29.0,69600.0,52.2,False,False,True,5,5,
2026-01-05,2026-01-06,300058,NEW_BUY,4400,13.6,59840.0,44.88,False,False,True,5,5,
2026-01-13,2026-01-14,000559,SELL,1800,19.17,34507.62,25.8807,False,False,True,5,5,
2026-01-13,2026-01-14,300442,NEW_BUY,100,80.48,8048.0,6.036,False,False,True,5,5,
2026-01-14,2026-01-15,002759,SELL,600,41.54,24924.0,18.693,False,False,True,5,5,
2026-01-14,2026-01-15,600362,SELL,1100,59.09,64999.0,48.7493,False,False,True,5,5,
2026-01-14,2026-01-15,002230,NEW_BUY,800,61.66,49328.0,36.996,False,False,True,5,5,
2026-01-14,2026-01-15,600089,NEW_BUY,1600,26.2,41920.0,31.44,False,False,True,5,5,
2026-01-15,2026-01-16,002465,SELL,2600,21.64,56270.24,42.2027,False,False,True,5,5,
2026-01-15,2026-01-16,603881,NEW_BUY,1800,36.41,65538.0,49.1535,False,False,True,5,5,
2026-01-19,2026-01-20,300058,SELL,4400,17.6,77440.0,58.08,False,False,True,5,5,
2026-01-19,2026-01-20,688525,NEW_BUY,400,177.11,70842.48,53.1319,False,False,True,5,5,
2026-01-27,2026-01-28,300442,SELL,100,83.2,8320.0,6.24,False,False,True,5,5,
2026-01-27,2026-01-28,600489,NEW_BUY,500,35.0,17500.0,13.125,False,False,True,5,5,
2026-01-28,2026-01-29,002230,SELL,800,58.51,46808.0,35.106,False,False,True,5,5,
2026-01-28,2026-01-29,600089,SELL,1600,28.12,44992.0,33.744,False,False,True,5,5,
2026-01-28,2026-01-29,600547,NEW_BUY,500,64.0,32000.0,24.0,False,False,True,5,5,
2026-01-28,2026-01-29,601899,NEW_BUY,1200,43.79,52548.0,39.411,False,False,True,5,5,
2026-01-29,2026-01-30,603881,SELL,1800,38.3,68940.0,51.705,False,False,True,5,5,
2026-01-29,2026-01-30,603993,NEW_BUY,2900,26.07,75606.19,56.7046,False,False,True,5,5,
2026-02-02,2026-02-03,688525,SELL,400,174.6,69841.88,52.3814,False,False,True,5,5,
2026-02-02,2026-02-03,300394,NEW_BUY,200,353.4,70679.9,53.0099,False,False,True,5,5,
2026-02-10,2026-02-11,600489,SELL,500,29.95,14975.0,11.2313,False,False,True,5,5,
2026-02-10,2026-02-11,603667,NEW_BUY,200,88.39,17678.82,13.2591,False,False,True,5,5,
2026-02-11,2026-02-12,600547,SELL,500,47.0,23500.0,17.625,False,False,True,5,5,
2026-02-11,2026-02-12,601899,SELL,1200,39.57,47484.0,35.613,False,False,True,5,5,
2026-02-11,2026-02-12,300251,NEW_BUY,1200,25.8,30960.84,23.2206,False,False,True,5,5,
2026-02-11,2026-02-12,300395,NEW_BUY,400,99.0,39600.0,29.7,False,False,True,5,5,
2026-02-12,2026-02-13,603993,SELL,2900,22.82,66192.21,49.6442,False,False,True,5,5,
2026-02-12,2026-02-13,688521,NEW_BUY,200,261.0,52200.0,39.15,False,False,True,5,5,
2026-02-24,2026-02-25,300394,SELL,200,494.07,98814.42,74.1108,False,False,True,5,5,
2026-02-24,2026-02-25,600410,NEW_BUY,4700,24.01,112847.0,84.6353,False,False,True,5,5,
2026-03-04,2026-03-05,603667,SELL,200,74.01,14801.48,11.1011,False,False,True,5,5,
2026-03-04,2026-03-05,601872,NEW_BUY,300,17.34,5202.0,3.9015,False,False,True,5,5,
2026-03-05,2026-03-06,300251,SELL,1200,17.57,21089.76,15.8173,False,False,True,5,5,
2026-03-05,2026-03-06,300395,SELL,400,112.61,45044.0,33.783,False,False,True,5,5,
2026-03-05,2026-03-06,001309,NEW_BUY,100,256.34,25633.99,19.2255,False,False,True,5,5,
2026-03-05,2026-03-06,600549,NEW_BUY,400,76.06,30422.96,22.8172,False,False,True,5,5,
2026-03-06,2026-03-09,688521,SELL,200,220.5,44100.0,33.075,False,False,True,5,5,
2026-03-06,2026-03-09,002261,NEW_BUY,1500,39.49,59235.0,44.4263,False,False,True,5,5,
2026-03-10,2026-03-11,600410,SELL,4700,31.2,146640.0,109.98,False,False,True,5,5,
2026-03-10,2026-03-11,300475,NEW_BUY,800,160.51,128408.0,96.306,False,False,True,5,5,
2026-03-18,2026-03-19,601872,SELL,300,18.0,5400.0,4.05,False,False,True,5,5,
2026-03-18,2026-03-19,002384,NEW_BUY,100,104.0,10400.0,7.8,False,False,True,5,5,
2026-03-19,2026-03-20,001309,SELL,100,349.87,34986.84,26.2401,False,False,True,5,4,
2026-03-19,2026-03-20,600549,SELL,400,56.43,22573.68,16.9303,False,False,True,5,4,
2026-03-19,2026-03-20,002463,NEW_BUY,300,88.41,26523.03,19.8923,False,False,True,5,4,
2026-03-20,2026-03-23,002261,SELL,1500,34.49,51735.0,38.8013,False,False,True,4,4,
2026-03-20,2026-03-23,300308,NEW_BUY,100,591.01,59100.81,44.3256,False,False,True,4,4,
2026-03-24,2026-03-25,300475,SELL,800,144.49,115592.0,86.694,False,False,True,4,5,
2026-03-24,2026-03-25,001309,NEW_BUY,100,355.31,35531.42,26.6486,False,False,True,4,5,
2026-03-24,2026-03-25,603259,NEW_BUY,1100,96.14,105749.38,79.312,False,False,True,4,5,
2026-04-01,2026-04-02,002384,SELL,100,107.05,10705.0,8.0288,False,False,True,5,5,
2026-04-01,2026-04-02,600276,NEW_BUY,300,57.98,17392.71,13.0445,False,False,True,5,5,
2026-04-02,2026-04-03,002463,SELL,300,77.75,23325.21,17.4939,False,False,True,5,5,
2026-04-02,2026-04-03,600487,NEW_BUY,500,54.45,27225.0,20.4187,False,False,True,5,5,
2026-04-03,2026-04-07,300308,SELL,100,608.72,60871.9,45.6539,False,False,True,5,5,
2026-04-03,2026-04-07,300342,NEW_BUY,1000,56.28,56278.9,42.2092,False,False,True,5,5,
2026-04-08,2026-04-09,001309,SELL,100,383.19,38319.0,28.7393,False,False,True,5,5,
2026-04-08,2026-04-09,603259,SELL,1100,105.38,115918.66,86.939,False,False,True,5,5,
2026-04-08,2026-04-09,300433,NEW_BUY,3400,29.31,99654.0,74.7405,False,False,True,5,5,
2026-04-08,2026-04-09,601869,NEW_BUY,100,354.86,35486.0,26.6145,False,False,True,5,5,
2026-04-16,2026-04-17,600276,SELL,300,57.43,17230.05,12.9225,False,False,True,5,5,
2026-04-16,2026-04-17,600176,NEW_BUY,1300,32.8,42641.3,31.981,False,False,True,5,5,
2026-04-17,2026-04-20,600487,SELL,500,58.35,29175.0,21.8813,False,False,True,5,5,
2026-04-17,2026-04-20,000657,NEW_BUY,400,57.16,22864.0,17.148,False,False,True,5,5,
2026-04-20,2026-04-21,300342,SELL,1000,63.57,63571.4,47.6785,False,False,True,5,5,
2026-04-20,2026-04-21,002837,NEW_BUY,400,141.92,56769.64,42.5772,False,False,True,5,5,
2026-04-22,2026-04-23,300433,SELL,3400,27.2,92480.0,69.36,False,False,True,5,5,
2026-04-22,2026-04-23,601869,SELL,100,411.2,41120.0,30.84,False,False,True,5,5,
2026-04-22,2026-04-23,002436,NEW_BUY,800,29.07,23258.8,17.4441,False,False,True,5,5,
2026-04-22,2026-04-23,601166,NEW_BUY,6100,18.72,114180.41,85.6353,False,False,True,5,5,
2026-04-30,2026-05-06,600176,SELL,1300,35.36,45971.64,34.4787,False,False,True,5,5,
2026-04-30,2026-05-06,002709,NEW_BUY,800,60.58,48464.0,36.348,False,False,True,5,5,
2026-05-06,2026-05-07,000657,SELL,400,62.88,25152.0,18.864,False,False,True,5,4,
2026-05-07,2026-05-08,002837,SELL,400,131.54,52617.56,39.4632,False,False,True,4,4,
2026-05-07,2026-05-08,300124,NEW_BUY,600,75.17,45099.24,33.8244,False,False,True,4,4,
2026-05-08,2026-05-11,603179,NEW_BUY,300,100.06,30017.61,22.5132,False,False,True,4,5,
2026-05-11,2026-05-12,002436,SELL,800,33.73,26981.84,20.2364,False,False,True,5,5,
2026-05-11,2026-05-12,601166,SELL,6100,18.21,111109.67,83.3323,False,False,True,5,5,
2026-05-11,2026-05-12,600584,NEW_BUY,1500,56.76,85140.0,63.855,False,False,True,5,5,
2026-05-11,2026-05-12,688008,NEW_BUY,200,240.85,48170.0,36.1275,False,False,True,5,5,
2026-05-19,2026-05-20,002709,SELL,800,54.88,43904.0,32.928,False,False,True,5,5,
2026-05-19,2026-05-20,300433,NEW_BUY,1400,37.2,52080.0,39.06,False,False,True,5,5,
2026-05-21,2026-05-22,300124,SELL,600,78.39,47031.96,35.274,False,False,True,5,4,
2026-05-22,2026-05-25,603179,SELL,300,61.0,18300.0,13.725,False,False,True,4,4,
2026-05-22,2026-05-25,300408,NEW_BUY,200,121.0,24200.0,18.15,False,False,True,4,4,
2026-05-25,2026-05-26,600584,SELL,700,83.0,58100.0,43.575,False,False,True,4,5,
2026-05-25,2026-05-26,688008,SELL,200,286.0,57200.0,42.9,False,False,True,4,5,
2026-05-25,2026-05-26,600183,NEW_BUY,600,116.33,69796.02,52.347,False,False,True,4,5,
2026-05-25,2026-05-26,603986,NEW_BUY,100,510.0,51000.0,38.25,False,False,True,4,5,
2026-05-26,2026-05-27,600584,REBALANCE_BUY,100,86.5,8650.0,6.4875,False,False,True,5,5,
2026-06-01,2026-06-02,600584,REBALANCE_BUY,100,76.86,7686.0,5.7645,False,False,True,5,5,
2026-06-02,2026-06-03,300433,SELL,1400,41.1,57540.0,43.155,False,False,True,5,4,
2026-06-02,2026-06-03,600584,SELL,1000,76.23,76230.0,57.1725,False,False,True,5,4,
2026-06-02,2026-06-03,300620,NEW_BUY,200,333.0,66600.0,49.95,False,False,True,5,4,
2026-06-03,2026-06-04,600584,NEW_BUY,800,79.0,63200.0,47.4,False,False,True,4,5,
2026-06-05,2026-06-08,300408,SELL,200,130.78,26156.0,19.617,False,False,True,5,4,
2026-06-08,2026-06-09,600183,SELL,600,138.99,83394.0,62.5455,False,False,True,4,4,
2026-06-08,2026-06-09,603986,SELL,100,493.0,49300.0,36.975,False,False,True,4,4,
2026-06-08,2026-06-09,002463,NEW_BUY,600,138.0,82800.0,62.1,False,False,True,4,4,
2026-06-08,2026-06-09,688146,NEW_BUY,100,247.15,24714.56,18.5359,False,False,True,4,4,
2026-06-10,2026-06-11,600522,NEW_BUY,1100,49.69,54659.0,40.9943,False,False,True,4,5,
2026-06-16,2026-06-17,300620,SELL,200,379.1,75820.0,56.865,False,False,True,5,5,
2026-06-16,2026-06-17,301217,NEW_BUY,300,178.19,53457.0,40.0928,False,False,True,5,5,
2026-06-17,2026-06-18,600584,SELL,800,81.89,65512.0,49.134,False,False,True,5,5,
2026-06-17,2026-06-18,300285,NEW_BUY,900,82.2,73980.0,55.485,False,False,True,5,5,
2026-06-23,2026-06-24,002463,SELL,600,138.53,83118.0,62.3385,False,False,True,5,6,
2026-06-23,2026-06-24,002008,NEW_BUY,300,136.73,41019.0,30.7643,False,False,True,5,6,
2026-06-23,2026-06-24,600392,NEW_BUY,1300,30.98,40274.0,30.2055,False,False,True,5,6,
2026-06-25,2026-06-26,600522,SELL,1100,65.66,72226.0,54.1695,False,False,True,6,5,
2026-06-25,2026-06-26,688146,SELL,100,406.5,40650.0,30.4875,False,False,True,6,5,
2026-06-25,2026-06-26,000021,NEW_BUY,1800,53.0,95400.0,71.55,False,False,True,6,5,
