trade_date,governed_return,full_position_return,opportunity_cost,governor_position,risk_decision,target_position_ratio,risk_governor_reasons
2023-11-30,0.0,0.0,0.0,0.6407063521024414,normal,0.7,normal_production_risk_budget
2023-12-01,-0.007816150104709596,-0.007816150104709596,0.0,0.6378759360621759,,,
2023-12-04,-0.006729313079388066,-0.006729313079388066,0.0,0.6354225804644458,normal,0.7,normal_production_risk_budget
2023-12-05,-0.011670969208024018,-0.011670969208024018,0.0,0.6311173625615266,,,
2023-12-06,0.01266743281427929,0.01266743281427929,0.0,0.6357317066933607,normal,0.7,normal_production_risk_budget
2023-12-07,-0.009654881685432048,-0.009654881685432048,0.0,0.6321804524804704,normal,0.7,normal_production_risk_budget
2023-12-08,0.009178722181445886,0.009178722181445886,0.0,0.6355258593597287,normal,0.7,normal_production_risk_budget
2023-12-11,0.0004551827137646569,0.0004551827137646569,0.0,0.6356916862066483,normal,0.7,normal_production_risk_budget
2023-12-12,-0.007071610090997771,-0.007071610090997771,0.0,0.633097091899307,normal,0.7,normal_production_risk_budget
2023-12-13,-0.01674750792519797,-0.01674750792519797,0.0,0.6268477211519943,normal,0.7,normal_production_risk_budget
2023-12-14,-0.00157216212482425,-0.00157216212482425,0.0,0.5076408149401612,normal,0.7,normal_production_risk_budget
2023-12-15,-0.0028552713497541626,-0.0028552713497541626,0.0,0.5062309703764813,reduce_position,0.45,negative_recent_champion
2023-12-18,0.002540704437551833,0.002540704437551833,0.0,0.507482312251317,reduce_position,0.45,negative_recent_champion
2023-12-19,0.0023885631031621557,0.0052390013446144135,0.0028504382414522578,0.5086559185951178,reduce_position,0.45,negative_recent_champion
2023-12-20,-0.0018740866293788239,-0.0024732158688931527,-0.0005991292395143288,0.5077333682825268,reduce_position,0.45,negative_recent_champion
2023-12-21,0.0009273893876162731,0.007469385676120099,0.006541996288503826,0.5081894681504819,reduce_position,0.45,negative_recent_champion
2023-12-22,-0.005665166577017544,-0.0035380562652492786,0.0021271103117682655,0.5053874054110445,reduce_position,0.45,negative_recent_champion
2023-12-25,-0.003251688617167625,-0.00184478565974322,0.0014069029574244052,0.5037738324304178,reduce_position,0.45,negative_recent_champion
2023-12-26,-0.0004323264912706737,-0.0019771705764801695,-0.0015448440852094958,0.5035592079246564,reduce_position,0.45,low_liquidity|negative_recent_champion
2023-12-27,0.0040246648806050445,0.001998672481784869,-0.0020259923988201756,0.5055492066677679,reduce_position,0.45,negative_recent_champion
2023-12-28,0.0031039584673548948,0.01129249441178981,0.008188535944434916,0.4168897512116331,reduce_position,0.45,negative_recent_champion
2023-12-29,0.0032491498021960386,0.003920835490535124,0.0006716856883390854,0.4401456688637133,reduce_position,0.45,negative_recent_champion
2024-01-02,-0.014711610825212995,-0.02387612089074509,-0.009164510065532094,0.4317863304923506,reduce_position,0.45,negative_recent_champion
2024-01-03,-0.0038447545291916407,-0.012605448172292255,-0.008760693643100614,0.4295932565821131,reduce_position,0.45,negative_recent_champion
2024-01-04,0.0052078427519635095,0.004551298951590788,-0.000656543800372722,0.432548454997843,reduce_position,0.45,negative_recent_champion
2024-01-05,-0.010713053420564944,-0.012747221408011433,-0.002034167987446489,0.4264034848896157,reduce_position,0.45,negative_recent_champion
2024-01-08,0.001880818968481579,-0.0031583366849178285,-0.0050391556533994075,0.4274802908184739,reduce_position,0.45,negative_recent_champion
2024-01-09,-0.0035107017490995096,-0.004785601185205546,-0.0012748994361060362,0.4254632636934003,reduce_position,0.45,negative_recent_champion
2024-01-10,-0.003697070634619437,-0.015748903314547924,-0.012051832679928487,0.4233312786979711,reduce_position,0.45,negative_recent_champion
2024-01-11,0.00284237561389733,0.005275700683317952,0.002433325069420622,0.4249657420499239,reduce_position,0.45,negative_recent_champion
2024-01-12,-0.001725944472346308,-0.00909205761867593,-0.0073661131463296226,0.4468986143162681,reduce_position,0.45,negative_recent_champion
2024-01-15,0.002688124124263558,0.007782424149905376,0.005094300025641818,0.4521006561663316,reduce_position,0.45,negative_recent_champion
2024-01-16,-0.00017696493334828922,0.002892657086269068,0.0030696220196173574,0.4520036800340938,reduce_position,0.45,negative_recent_champion
2024-01-17,-0.0021659842769128357,-0.004731241403837072,-0.0025652571269242364,0.450814152122488,reduce_position,0.45,negative_recent_champion
2024-01-18,0.01031738989482589,0.011296112009814285,0.0009787221149883951,0.4564224536067005,reduce_position,0.45,negative_recent_champion
2024-01-19,-0.01427828046516555,-0.021296864815392613,-0.007018584350227064,0.448548676953354,reduce_position,0.45,negative_recent_champion
2024-01-22,-0.018296537537861535,-0.024235331216860168,-0.005938793678998633,0.4382709808687122,reduce_position,0.45,negative_recent_champion
2024-01-23,0.0001618842803465803,0.0005033944426506842,0.0003415101623041039,0.4383619012481439,reduce_position,0.45,negative_recent_champion
2024-01-24,0.003351805616387482,0.011012952164235035,0.007661146547847553,0.4402381142805381,reduce_position,0.45,negative_recent_champion
2024-01-25,0.02789548829628008,0.039687174959586846,0.011791686663306766,0.4554291831290572,reduce_position,0.45,negative_recent_champion
2024-01-26,0.0012966630603372664,0.0026057189450698903,0.001309055884732624,0.4443829835128132,reduce_position,0.45,negative_recent_champion
2024-01-29,-0.01226302477196728,-0.017525353270061772,-0.005262328498094493,0.4423431315769185,reduce_position,0.45,negative_recent_champion
2024-01-30,-0.008577227441814439,-0.010543420661323966,-0.0019661932195095266,0.4375186006831882,reduce_position,0.45,negative_recent_champion
2024-01-31,-0.0042993940779386675,-0.0065841332918396,-0.0022847392139009326,0.4350898292404573,reduce_position,0.45,negative_recent_champion
2024-02-01,-0.002915357519675754,-0.007576191884877015,-0.004660834365201261,0.4334380987412609,reduce_position,0.45,negative_recent_champion
2024-02-02,-0.0026449152381072816,-0.005222549849894786,-0.002577634611787505,0.4319356165973732,reduce_position,0.45,negative_recent_champion
2024-02-05,-0.007675952023942001,-0.00727823562851071,0.0003977163954312912,0.4275414522491422,reduce_position,0.45,negative_recent_champion
2024-02-06,0.018144843485724982,0.020172709156466073,0.0020278656707410914,0.437743508290052,reduce_position,0.45,negative_recent_champion
2024-02-07,0.0022545878880622094,0.005316705945649369,0.00306211805758716,0.4390083133520721,reduce_position,0.45,negative_recent_champion
2024-02-08,0.013239186951163884,0.015625066333627924,0.00238587938246404,0.4463383435297725,reduce_position,0.45,negative_recent_champion
2024-02-19,-0.0004365877648223604,0.0074277474874704374,0.007864335252292798,0.4415741463668647,reduce_position,0.45,negative_recent_champion
2024-02-20,-0.0013481923643384741,-0.0009643905654571627,0.0003838017988813114,0.4443379355335569,reduce_position,0.45,high_volatility|negative_recent_champion
2024-02-21,-0.010740976847944061,-0.011920886756595639,-0.0011799099086515774,0.4383047801818897,reduce_position,0.45,high_volatility|negative_recent_champion
2024-02-22,0.005356418458802192,0.005904206218988461,0.0005477877601862691,0.4412974249677727,reduce_position,0.45,high_volatility|negative_recent_champion
2024-02-23,0.0021670709070844563,0.0006875390243152868,-0.0014795318827691695,0.442505554960479,reduce_position,0.45,high_volatility|negative_recent_champion
2024-02-26,0.0025819735926679854,0.015532525979020884,0.012950552386352898,0.4439412838814698,reduce_position,0.5,high_volatility
2024-02-27,0.013943717277645318,0.023403345694883226,0.009459628417237909,0.4515881832065574,reduce_position,0.5,high_volatility
2024-02-28,-0.016845629110087912,-0.03180083970146852,-0.014955210591380608,0.4421915489252801,reduce_position,0.5,high_volatility
2024-02-29,0.01111923443594498,0.019199944610116315,0.008080710174171335,0.4483257443066103,reduce_position,0.5,high_volatility
2024-03-01,0.007237721436466948,0.012289847077650462,0.005052125641183514,0.4522899173130429,reduce_position,0.5,high_volatility
2024-03-04,0.019918205009984646,0.0422168037453563,0.022298598735371655,0.4927680654907717,reduce_position,0.5,high_volatility
2024-03-05,-0.01201045015009461,-0.0203885024508087,-0.00837805230071409,0.4968016646776478,reduce_position,0.5,high_volatility
2024-03-06,0.0031870349828659883,0.0005138233600345821,-0.0026732116228314062,0.4984002805309913,reduce_position,0.5,high_volatility
2024-03-07,-0.014812196107929942,-0.020283628761558092,-0.00547143265362815,0.490858780947759,reduce_position,0.5,high_volatility
2024-03-08,0.024049668833771243,0.022067658066010187,-0.0019820107677610554,0.5028158940453822,reduce_position,0.5,high_volatility
2024-03-11,0.015902504786139193,0.018018899854278514,0.0021163950681393207,0.510598602117551,reduce_position,0.5,high_volatility
2024-03-12,-0.009332501789400371,-0.009254685449346711,7.781634005366023e-05,0.505988236450238,reduce_position,0.5,high_volatility
2024-03-13,-0.0050069899311541155,-0.012010228556867952,-0.007003238625713837,0.5035022773520991,normal,0.7,normal_production_risk_budget
2024-03-14,-0.005020399433238287,-0.003655947709936269,0.0013644517233020181,0.5009970833923779,normal,0.7,normal_production_risk_budget
2024-03-15,0.005327618409736612,0.008297697471460364,0.0029700790617237516,0.5036414921168058,normal,0.7999999999999999,adaptive_attack_non_low_liquidity
2024-03-18,0.003882723569344604,0.02433259233584595,0.020449868766501345,0.7726913938401713,normal,0.7999999999999999,adaptive_attack_non_low_liquidity
2024-03-19,-0.0024678557732219497,-0.005985153004593791,-0.003517297231371841,0.8006109057693904,normal,0.7999999999999999,adaptive_attack_non_low_liquidity
2024-03-20,-0.0022008527549123302,-0.0005018693926359674,0.0016989833622763628,0.800171111810307,normal,0.7999999999999999,adaptive_attack_non_low_liquidity
2024-03-21,0.008736627683621379,-0.004735612137511946,-0.013472239821133325,0.8019018218377145,normal,0.7999999999999999,adaptive_attack_non_low_liquidity
2024-03-22,-0.01128585936865989,-0.023874352511057628,-0.012588493142397739,0.7996405937556527,normal,0.7,normal_production_risk_budget
2024-03-25,0.01876323312404149,0.004168426233152056,-0.014594806890889434,0.8033307448385781,normal,0.7,normal_production_risk_budget
2024-03-26,-0.012591560059984963,-0.007198863828775881,0.005392696231209082,0.8008227930750019,normal,0.7,normal_production_risk_budget
2024-03-27,0.0018931879483705671,-0.011328816423681998,-0.013222004372052565,0.8011991604286045,normal,0.7,normal_production_risk_budget
2024-03-28,0.017911100810529934,0.016711112376021964,-0.0011999884345079703,0.8046972477133839,normal,0.7,normal_production_risk_budget
2024-03-29,0.017422754922686634,0.007544205420529915,-0.00987854950215672,0.8080416902986832,normal,0.7,normal_production_risk_budget
2024-04-01,0.003395751250197865,0.006354211250275021,0.0029584600000771566,0.6939644170259959,normal,0.7,normal_production_risk_budget
2024-04-02,-0.00667585191450093,-0.011051018572540872,-0.004375166658039942,0.6850392294667355,normal,0.7,normal_production_risk_budget
2024-04-03,-0.007109963897164007,-0.011523011136288175,-0.004413047239124168,0.6827838339787273,normal,0.7,normal_production_risk_budget
2024-04-08,0.009295873491665496,0.011172335784104481,0.001876462292438985,0.6857054761119143,normal,0.7,normal_production_risk_budget
2024-04-09,-0.00440173224490048,-0.004909371574169041,-0.000507639329268561,0.6843159193147603,normal,0.7,normal_production_risk_budget
2024-04-10,0.004446952996141729,0.007038622458886756,0.0025916694627450276,0.6857135364455108,normal,0.7,normal_production_risk_budget
2024-04-11,-0.005840943120518305,-0.005660888637337158,0.0001800544831811468,0.6838670217007449,normal,0.7,normal_production_risk_budget
2024-04-12,-0.004137876616100877,-0.0035429465848081376,0.0005949300312927397,0.6825534671154596,normal,0.7,normal_production_risk_budget
2024-04-15,0.011382785217888935,0.015703533130259517,0.004320747912370582,0.6861262248831428,normal,0.7,normal_production_risk_budget
2024-04-16,-0.0019580829581347103,0.0006537185362356368,0.002611801494370347,0.6855104282121138,normal,0.7,normal_production_risk_budget
2024-04-17,0.010092015864082926,0.007644333000733861,-0.0024476828633490655,0.6618709732255027,normal,0.7,normal_production_risk_budget
2024-04-18,0.0020813662932452903,-0.0033171811261788475,-0.005398547419424138,0.7003446471718093,normal,0.7,normal_production_risk_budget
2024-04-19,0.00017211857605636816,0.005168697137721834,0.004996578561665466,0.7003962145487423,normal,0.7,normal_production_risk_budget
2024-04-22,-0.002701426176397681,-0.00584153689186806,-0.003140110715470379,0.6995846646981666,normal,0.7,normal_production_risk_budget
2024-04-23,-0.010883553722086603,-0.012386750890097331,-0.0015031971680107281,0.696279101988134,normal,0.7,normal_production_risk_budget
2024-04-24,0.004057696970176439,0.001963638424472558,-0.0020940585457038807,0.6975065288296004,normal,0.7,normal_production_risk_budget
2024-04-25,0.002195367357026079,0.0026589793746361057,0.0004636120176100267,0.6981691584065782,normal,0.7,normal_production_risk_budget
2024-04-26,4.025001605789669e-06,0.00313658658709981,0.0031325615854940203,0.6981703732713106,normal,0.7,normal_production_risk_budget
2024-04-29,-0.0005707663769887183,0.009279705453994369,0.009850471830983087,0.6979980006843177,normal,0.7,normal_production_risk_budget
2024-04-30,-0.006338964634589828,-0.004681307230978704,0.0016576574036111236,0.6960714080887516,normal,0.7,normal_production_risk_budget
2024-05-06,0.006380920475258511,0.008828516344909554,0.0024475958696510425,0.6889412229958929,normal,0.7,normal_production_risk_budget
2024-05-07,-0.007903125582418014,-0.006811316274687784,0.0010918093077302293,0.6975672706107359,normal,0.7,normal_production_risk_budget
2024-05-08,-0.0035707585272024556,-0.007222154797193792,-0.003651396269991336,0.6964834864317654,normal,0.7,normal_production_risk_budget
2024-05-09,0.01572381579485871,0.012128257016541744,-0.003595558778316965,0.7011820449137383,normal,0.7,normal_production_risk_budget
2024-05-10,-0.0021976487156052382,-0.022742342390279724,-0.020544693674674486,0.7005239016508467,normal,0.7,normal_production_risk_budget
2024-05-13,0.012384481001892489,0.01315976385178419,0.0007752828498917008,0.7041873873325469,normal,0.7,normal_production_risk_budget
2024-05-14,-0.001073423299529086,-0.010280556336491276,-0.00920713303696219,0.7038695139691404,normal,0.7,normal_production_risk_budget
2024-05-15,0.002411565461488463,-0.0018098482385449088,-0.004221413700033372,0.7045819339738689,normal,0.7,normal_production_risk_budget
2024-05-16,-0.0035838920403927776,0.014234775662090193,0.01781866770248297,0.7035193794377049,normal,0.7,normal_production_risk_budget
2024-05-17,0.0034687634123937716,0.004549721779499638,0.0010809583671058665,0.7045442455487267,normal,0.7,normal_production_risk_budget
2024-05-20,0.0029617193173325784,0.00013603543045048738,-0.002825683886882091,0.6943351817158915,normal,0.7,normal_production_risk_budget
2024-05-21,-0.01687439383513778,-0.02427403405560946,-0.007399640220471682,0.6956906991584548,normal,0.7,normal_production_risk_budget
2024-05-22,-0.006001876728844557,-0.006315790672986377,-0.0003139139441418193,0.6938532440684178,normal,0.7,normal_production_risk_budget
2024-05-23,-0.004869367900605326,-0.0137609938567953,-0.008891625956189975,0.6923552083953901,normal,0.7,normal_production_risk_budget
2024-05-24,-0.012593889179759676,0.01001948111215123,0.022613370291910906,0.6884313473115447,normal,0.7,normal_production_risk_budget
2024-05-27,0.015027289690127343,0.019466154058848106,0.004438864368720763,0.6930440630974831,normal,0.7,normal_production_risk_budget
2024-05-28,-0.008506105456695723,-0.040658916925424116,-0.03215281146872839,0.6904106635533998,normal,0.7,normal_production_risk_budget
2024-05-29,0.008247259031078258,-0.0020590160038775895,-0.010306275034955847,0.692943041824766,normal,0.7,normal_production_risk_budget
2024-05-30,-0.020341106368436335,-0.028002782886978106,-0.007661676518541771,0.6865674775462062,normal,0.7,normal_production_risk_budget
2024-05-31,-0.0013090525515006002,0.004235507094213942,0.005544559645714542,0.6861566400951512,normal,0.7,normal_production_risk_budget
2024-06-03,-0.007213402347600262,-0.018280511016092293,-0.011067108668492032,0.6948771266923762,normal,0.7,normal_production_risk_budget
2024-06-04,0.011194151008937947,0.027624349730560382,0.016430198721622435,0.6969019955311649,normal,0.7,normal_production_risk_budget
2024-06-05,0.0016710762966565262,0.0037400704482621894,0.002068994151605663,0.6974076504340742,normal,0.7,normal_production_risk_budget
2024-06-06,0.0034279847733493796,0.005945916119094008,0.0025179313457446284,0.6984413887616715,normal,0.7,normal_production_risk_budget
2024-06-07,0.005730800012878179,-0.010826162276763807,-0.016556962289641985,0.7001597134795245,normal,0.7,normal_production_risk_budget
2024-06-11,-0.005784197722655926,-0.004509961169439247,0.0012742365532166788,0.6984152878744601,normal,0.7,normal_production_risk_budget
2024-06-12,0.01106490997350118,0.0010391632060609002,-0.01002574676744028,0.7017157759599786,normal,0.7,normal_production_risk_budget
2024-06-13,-0.005809388534221416,-0.0015363945662233425,0.004272993967998073,0.6999728013924333,normal,0.7,normal_production_risk_budget
2024-06-14,-0.01684994921736227,-0.0006768988624797911,0.01617305035488248,0.6948307144278436,normal,0.7,normal_production_risk_budget
2024-06-17,0.0032753500256483825,0.00208985438055187,-0.0011854956450965126,0.6958269875120975,normal,0.7,normal_production_risk_budget
2024-06-18,-0.0007309075794752484,0.021454543031268924,0.022185450610744173,0.3783178249819809,reduce_position,0.45,negative_recent_champion
2024-06-19,-0.002226460027775601,-0.005770411924715391,-0.00354395189693979,0.4385975584040163,reduce_position,0.45,negative_recent_champion
2024-06-20,-0.007994265010864088,-0.014040995571241388,-0.0060467305603773,0.4340733911158971,reduce_position,0.45,negative_recent_champion
2024-06-21,0.003924854083443785,0.002288888117783605,-0.00163596596566018,0.436285886755161,reduce_position,0.45,negative_recent_champion
2024-06-24,-0.006752277398610063,-0.008361656859951605,-0.0016093794613415424,0.4324536564066518,reduce_position,0.45,negative_recent_champion
2024-06-25,-0.0026194934799408376,-0.0015371418105034618,0.0010823516694373758,0.4309630678730999,reduce_position,0.45,negative_recent_champion
2024-06-26,0.02193736107409494,0.02199936820431958,6.200713022463944e-05,0.4431782672777315,reduce_position,0.45,negative_recent_champion
2024-06-27,-0.00734127634185977,-0.01311371935376937,-0.0057724430119096,0.4390602535881897,reduce_position,0.45,negative_recent_champion
2024-06-28,0.0015426170011632045,-0.0017149284875264126,-0.003257545488689617,0.4399242359837007,reduce_position,0.45,negative_recent_champion
2024-07-01,0.0020873693399277027,0.0017927130045130024,-0.00029465633541470027,0.4410908857326285,reduce_position,0.45,negative_recent_champion
2024-07-02,-0.0036042109979952386,-0.004881832443146106,-0.0012776214451508672,0.4448701870038465,reduce_position,0.45,negative_recent_champion
2024-07-03,-0.0030363157161983345,-0.0061736782380975574,-0.003137362521899223,0.4478789216035753,reduce_position,0.45,negative_recent_champion
2024-07-04,-0.0014081323121674094,-0.007660127117775417,-0.006251994805608008,0.4471003657632211,reduce_position,0.45,negative_recent_champion
2024-07-05,-0.0012193818556623937,0.0025829480212216094,0.003802329876884003,0.4464253468754463,reduce_position,0.45,negative_recent_champion
2024-07-08,0.007025604572512778,0.014785089942270124,0.007759485369757346,0.4502874101601928,reduce_position,0.45,negative_recent_champion
2024-07-09,0.005335288106406821,0.00863506035547168,0.0032997722490648584,0.4532047205114873,reduce_position,0.45,negative_recent_champion
2024-07-10,-0.004056972897637512,-0.011485844019799907,-0.007428871122162395,0.450977350502286,reduce_position,0.45,negative_recent_champion
2024-07-11,-0.0005500889451771629,0.0028328353352715663,0.003382924280448729,0.4506751729876351,reduce_position,0.45,negative_recent_champion
2024-07-12,0.00412825990018284,0.005003759732770341,0.0008754998325875007,0.4529336052478279,reduce_position,0.45,negative_recent_champion
2024-07-15,0.004251056094436656,0.004868904063623836,0.0006178479691871797,0.455249370730333,reduce_position,0.45,negative_recent_champion
2024-07-16,0.0021457733542586954,0.003452795135641784,0.0013070217813830887,0.44082504918893,reduce_position,0.45,negative_recent_champion
2024-07-17,-0.013045734685069643,0.012944694974242443,0.025990429659312086,0.449595981966353,reduce_position,0.45,negative_recent_champion
2024-07-18,0.0011900643113298415,0.0009039545165110408,-0.0002861097948188007,0.4445723964857416,reduce_position,0.45,negative_recent_champion
2024-07-19,-0.012208620247751822,-0.011657174388915226,0.0005514458588365967,0.4377075818847826,reduce_position,0.45,negative_recent_champion
2024-07-22,0.014814901262947933,0.013901960376003997,-0.0009129408869439359,0.4459162775246614,reduce_position,0.45,negative_recent_champion
2024-07-23,-0.014656722081977547,-0.019916648136207638,-0.005259926054230091,0.4376744278947254,reduce_position,0.45,negative_recent_champion
2024-07-24,-0.012248358342664578,-0.012863026220084839,-0.0006146678774202607,0.430701455315472,reduce_position,0.45,negative_recent_champion
2024-07-25,0.00665777967194825,0.0030387984410882307,-0.003618981230860019,0.4344666517452908,reduce_position,0.45,negative_recent_champion
2024-07-26,0.0002211636241238324,-0.0015008390143531614,-0.0017220026384769938,0.4345916994941404,reduce_position,0.45,negative_recent_champion
2024-07-29,-0.0022735518440603064,-0.004595286621055239,-0.0023217347769949326,0.4333032851330318,reduce_position,0.45,negative_recent_champion
2024-07-30,-0.0116248747120824,-0.008246697312630613,0.003378177399451787,0.4417855612251263,reduce_position,0.45,negative_recent_champion
2024-07-31,-0.003458127133112221,0.010312286576278584,0.013770413709390805,0.4130424667160658,reduce_position,0.45,negative_recent_champion
2024-08-01,0.0071995971982450335,0.0023912040923705913,-0.004808393105874442,0.45353041468046,reduce_position,0.45,negative_recent_champion
2024-08-02,-0.005661604470324488,-0.005990840829468436,-0.00032923635914394733,0.4504189038899173,reduce_position,0.45,negative_recent_champion
2024-08-05,-0.0055855002220870364,-0.008151979253890773,-0.0025664790318037367,0.4473319765220409,reduce_position,0.45,negative_recent_champion
2024-08-06,-0.005981294866017284,-0.009345610867179888,-0.003364316001162604,0.4440064149462201,reduce_position,0.45,negative_recent_champion
2024-08-07,0.004132638968605162,-0.0009732651430526262,-0.005105904111657789,0.4462946791323616,reduce_position,0.45,negative_recent_champion
2024-08-08,-0.0002276763082854627,-0.0054311460254189425,-0.00520346971713348,0.4461685848403456,reduce_position,0.45,negative_recent_champion
2024-08-09,0.004924479555227457,-0.0005207466427673557,-0.0054452261979948124,0.4488825514482677,reduce_position,0.45,negative_recent_champion
2024-08-12,-0.0065557168365019125,-0.0035058076047158604,0.003049909231786052,0.4452457396032636,reduce_position,0.45,negative_recent_champion
2024-08-13,0.0016864340027966662,-1.0358104813867897e-06,-0.001687469813278053,0.4497416058278496,reduce_position,0.45,low_liquidity|negative_recent_champion
2024-08-14,0.007472153209521215,0.006550986519153312,-0.0009211666903679028,0.4516642059763735,reduce_position,0.45,low_liquidity|negative_recent_champion
2024-08-15,-0.01752089987088823,-0.018013784473373873,-0.0004928846024856437,0.4480610363471568,reduce_position,0.45,low_liquidity|negative_recent_champion
2024-08-16,-0.015490515513834735,-0.023458607860964098,-0.007968092347129363,0.4393766923018411,reduce_position,0.45,negative_recent_champion
2024-08-19,0.019057678061434657,0.026020484995515236,0.006962806934080579,0.44986106305127,reduce_position,0.45,negative_recent_champion
2024-08-20,-0.003497449149259313,-0.009259541427286688,-0.005762092278027375,0.4479302270936869,reduce_position,0.45,negative_recent_champion
2024-08-21,-0.0018362683196065932,0.0019834534822098515,0.0038197218018164447,0.4469146139211931,reduce_position,0.45,negative_recent_champion
2024-08-22,-0.011953670625876156,-0.009585553040736605,0.002368117585139551,0.4402232267497438,reduce_position,0.45,negative_recent_champion
2024-08-23,-0.008220076780462549,-0.012916782798658266,-0.004696706018195718,0.4355836812736672,reduce_position,0.45,negative_recent_champion
2024-08-26,8.155529874120937e-05,0.0013135720028218945,0.001232016704080685,0.4356297086613781,reduce_position,0.45,negative_recent_champion
2024-08-27,-0.006453737033910278,-0.007929207879825428,-0.00147547084591515,0.3978940651672179,reduce_position,0.45,negative_recent_champion
2024-08-28,-0.0032007883689193495,-0.008617293461357423,-0.005416505092438073,0.4460668879547867,reduce_position,0.45,negative_recent_champion
2024-08-29,-0.018385107836930037,-0.02355555507415452,-0.005170447237224485,0.4427202078676611,reduce_position,0.45,negative_recent_champion
2024-08-30,-0.007103716071017563,0.0027457594496882454,0.009849475520705808,0.4387331273643898,reduce_position,0.45,negative_recent_champion
2024-09-02,0.0060324302026504295,0.0009803891440554047,-0.005052041058595025,0.4420986284482388,reduce_position,0.45,negative_recent_champion
2024-09-03,-0.012473113818179504,-0.010653203450300852,0.0018199103678786521,0.4350519673354572,reduce_position,0.45,negative_recent_champion
2024-09-04,-0.005618260605717906,-0.003201219318464399,0.0024170412872535074,0.43186000880439,reduce_position,0.45,negative_recent_champion
2024-09-05,-0.0050014307549133274,-0.007479921389094479,-0.002478490634181152,0.4290042129139318,reduce_position,0.45,negative_recent_champion
2024-09-06,-0.00015279519746747017,-0.004800426554340431,-0.004647631356872961,0.4289169541671735,reduce_position,0.45,negative_recent_champion
2024-09-09,-0.0060971831880748395,-0.009749393532583861,-0.0036522103445090215,0.4254135956021828,reduce_position,0.45,negative_recent_champion
2024-09-10,0.005810234954129134,0.008611026966547808,0.0028007920124186736,0.4433463869111654,reduce_position,0.45,negative_recent_champion
2024-09-11,-0.0038754860429195404,-0.009422561239547877,-0.005547075196628337,0.4194503347604078,reduce_position,0.45,negative_recent_champion
2024-09-12,-0.0004909150148698638,-0.0023681998937392645,-0.0018772848788694008,0.4324454933078952,reduce_position,0.45,negative_recent_champion
2024-09-13,-0.007638329341495664,-0.006375589880541543,0.001262739460954121,0.4428342476623669,reduce_position,0.45,negative_recent_champion
2024-09-18,-0.0018483206616051184,-0.0008341628488124364,0.001014157812792682,0.441802519726321,reduce_position,0.45,negative_recent_champion
2024-09-19,0.002631926682467034,-0.006327776870159729,-0.008959703552626763,0.4432677980635863,reduce_position,0.45,negative_recent_champion
2024-09-20,-0.004804894148059402,-0.006535288230125835,-0.0017303940820664332,0.4405798434269619,reduce_position,0.45,negative_recent_champion
2024-09-23,0.0016403992487155072,0.0010199977420177753,-0.000620401506697732,0.4414960129477271,reduce_position,0.45,negative_recent_champion
2024-09-24,0.020057360209604358,0.03734429001798456,0.017286929808380203,0.4524778616983755,reduce_position,0.45,negative_recent_champion
2024-09-25,0.005797279497609553,0.007550731734403904,0.0017534522367943506,0.4556337052580725,reduce_position,0.45,negative_recent_champion
2024-09-26,0.01034911880015521,0.01932058707885842,0.00897146827870321,0.4612097099778815,reduce_position,0.45,negative_recent_champion
2024-09-27,0.01913142710311777,0.03177277944380563,0.012641352340687861,0.4476347339857912,reduce_position,0.45,negative_recent_champion
2024-09-30,0.032118949430828936,0.058725186184402034,0.026606236753573098,0.4527967615199967,reduce_position,0.45,negative_recent_champion
2024-10-08,0.02404626980594804,0.057992934336149826,0.03394666453020179,0.4317772789716703,reduce_position,0.45,negative_recent_champion
2024-10-09,-0.034548715744171066,-0.06346237330574334,-0.02891365756157227,0.4114434044527513,reduce_position,0.45,negative_recent_champion
2024-10-10,0.003305721531254191,-0.0010206462065693866,-0.004326367737823578,0.413382598228396,reduce_position,0.45,high_volatility|negative_recent_champion
2024-10-11,-0.013625416894209819,-0.02516571065277584,-0.011540293758566023,0.4052792804894403,reduce_position,0.45,high_volatility|negative_recent_champion
2024-10-14,0.009394443485780668,0.017739566085795966,0.008345122600015298,0.4108143517644226,reduce_position,0.45,high_volatility|negative_recent_champion
2024-10-15,-0.009117334832828838,-0.013941529544548414,-0.004824194711719576,0.4053931217616201,reduce_position,0.45,high_volatility|negative_recent_champion
2024-10-16,-0.0018412069835495037,-0.005216433630238937,-0.003375226646689433,0.4042963079637167,reduce_position,0.45,high_volatility|negative_recent_champion
2024-10-17,-0.002148483389161293,-0.0024519853856906915,-0.00030350199652939835,0.4030136927991389,reduce_position,0.45,high_volatility|negative_recent_champion
2024-10-18,0.013335820513393548,0.049257234077550116,0.03592141356415657,0.4552834368637127,reduce_position,0.45,high_volatility|negative_recent_champion
2024-10-21,0.025563664074155446,0.02766202725035649,0.0020983631762010457,0.4583304970321613,reduce_position,0.45,high_volatility|negative_recent_champion
2024-10-22,-0.011780969696458699,-0.010907769146971225,0.0008732005494874739,0.4372679957039651,reduce_position,0.45,high_volatility|negative_recent_champion
2024-10-23,-0.021271389645721617,-0.029575142204919525,-0.008303752559197908,0.4250377496450849,reduce_position,0.45,high_volatility|negative_recent_champion
2024-10-24,0.010153985900853701,0.007635944768265235,-0.0025180411325884666,0.430817223532346,reduce_position,0.45,high_volatility|negative_recent_champion
2024-10-25,-0.0009086502207520386,-0.0022177373947709356,-0.001309087174018897,0.4302995651064176,reduce_position,0.45,high_volatility|negative_recent_champion
2024-10-28,0.01502275483133686,0.00647553475361895,-0.00854722007771791,0.438731366186714,reduce_position,0.45,high_volatility|negative_recent_champion
2024-10-29,0.011491395501958879,0.036514420971948125,0.025023025469989246,0.4451078513280353,reduce_position,0.45,high_volatility|negative_recent_champion
2024-10-30,0.01687872421791714,0.013301213839941761,-0.003577510377975379,0.4543182628796436,reduce_position,0.45,high_volatility|negative_recent_champion
2024-10-31,-0.013506520636412,-0.015805675157670285,-0.0022991545212582842,0.4468470917087163,reduce_position,0.45,high_volatility|negative_recent_champion
2024-11-01,-0.029928901443131095,-0.06157968234047684,-0.03165078089734574,0.4290189020332162,reduce_position,0.45,high_volatility|negative_recent_champion
2024-11-04,-0.004996442444113458,0.006666119155479766,0.011662561599593224,0.453446485113038,reduce_position,0.45,high_volatility|negative_recent_champion
2024-11-05,0.024451480460608188,0.036130015201500276,0.011678534740892088,0.4608923480989261,reduce_position,0.45,high_volatility|negative_recent_champion
2024-11-06,0.011827706121028791,0.015379738325188796,0.003552032204160005,0.4671942183044065,reduce_position,0.45,negative_recent_champion
2024-11-07,0.009524331859618762,0.0021200983123894623,-0.0074042335472293,0.4722209610202009,reduce_position,0.45,negative_recent_champion
2024-11-08,0.0005346554360012856,-0.014071172275412769,-0.014605827711414054,0.472502990163984,reduce_position,0.45,negative_recent_champion
2024-11-11,0.009841007455826167,0.04436506003295304,0.034524052577126874,0.4776435043324475,normal,0.7,normal_production_risk_budget
2024-11-12,-0.014278896908909489,-0.02549887511228144,-0.01121997820337195,0.470076785381269,normal,0.7,normal_production_risk_budget
2024-11-13,-0.0023802479866210646,-0.014606288991822258,-0.012226041005201194,0.4688124272306665,normal,0.7,normal_production_risk_budget
2024-11-14,-0.016970554202167976,-0.01600812345959357,0.000962430742574405,0.4596422568621852,normal,0.7,normal_production_risk_budget
2024-11-15,0.0019746950914731887,-0.006872193399255155,-0.008846888490728344,0.6811981345692091,normal,0.7,normal_production_risk_budget
2024-11-18,-0.03266931563409092,-0.04606356307155701,-0.01339424743746609,0.6738907520510714,normal,0.7,normal_production_risk_budget
2024-11-19,0.0007388157090046921,-0.0020761006169432994,-0.0028149163259479915,0.7017962769020128,normal,0.7,normal_production_risk_budget
2024-11-20,0.008633618177285696,0.03512180185892633,0.02648818368164063,0.7043488163354353,reduce_position,0.5,low_liquidity
2024-11-21,-0.0003882615644225096,0.009126914724631119,0.009515176289053628,0.7042339817584898,reduce_position,0.5,low_liquidity
2024-11-22,-0.015152959532243715,-0.019626085785624414,-0.004473126253380699,0.6996832948789335,reduce_position,0.5,low_liquidity
2024-11-25,-0.011459782912406014,0.010862584481803994,0.022322367394210008,0.6962018338456173,normal,0.7,normal_production_risk_budget
2024-11-26,-0.010270088618167472,-0.027009305074562007,-0.016739216456394534,0.6930494242310729,reduce_position,0.5,low_liquidity
2024-11-27,0.024141460095102207,0.013509427558338727,-0.01063203253676348,0.7002849823691117,reduce_position,0.5,low_liquidity
2024-11-28,-0.0061218284667856615,-0.016416478760795106,-0.010294650294009444,0.6984388769012501,reduce_position,0.5,low_liquidity
2024-11-29,0.006558441409922011,0.008385598080916878,0.0018271566709948672,0.498988327678968,reduce_position,0.5,low_liquidity
2024-12-02,0.01664347091627838,0.024860473991757503,0.008217003075479123,0.7031311619324326,normal,0.7,normal_production_risk_budget
2024-12-03,0.003833687084922488,0.003635225485578486,-0.00019846159934400198,0.6980459839132219,normal,0.7,normal_production_risk_budget
2024-12-04,0.005151907870466044,0.004627038364266811,-0.0005248695061992326,0.6995936497533954,normal,0.7,normal_production_risk_budget
2024-12-05,0.010350983965798255,0.03405559416201975,0.0237046101962215,0.7026712944174519,normal,0.7,normal_production_risk_budget
2024-12-06,-0.000910773740950388,0.009834903002934103,0.010745676743884491,0.7024002483783615,normal,0.7,normal_production_risk_budget
2024-12-09,-0.019423668756305856,-0.027783860653424197,-0.008360191897118341,0.6965052672195506,normal,0.7,normal_production_risk_budget
2024-12-10,-0.007354945211781594,-0.018441738270503216,-0.011086793058721622,0.6942565408284835,normal,0.7,normal_production_risk_budget
2024-12-11,-0.021245285292647575,-0.013338248607170922,0.007907036685476654,0.6876199372761809,normal,0.7,normal_production_risk_budget
2024-12-12,0.019852827336359846,-0.001590449857215681,-0.021443277193575527,0.6937008415815349,normal,0.7,normal_production_risk_budget
2024-12-13,-0.030928505027728925,-0.023678796597887186,0.007249708429841739,0.6849854677951536,normal,0.7,normal_production_risk_budget
2024-12-16,-0.010400587397495165,-0.018693421370090557,-0.008292833972595393,0.6638071959898343,normal,0.7,normal_production_risk_budget
2024-12-17,0.0023888604148007975,-0.012878335909853988,-0.015267196324654786,0.6985395997340976,normal,0.7,normal_production_risk_budget
2024-12-18,-0.009693410614348363,-0.000672210051313793,0.00902120056303457,0.6955888171430659,normal,0.7,normal_production_risk_budget
2024-12-19,0.012054511340528151,0.014972677262221401,0.00291816592169325,0.6992146377039287,normal,0.7,normal_production_risk_budget
2024-12-20,0.013807605224664066,0.02377207137718962,0.009964466152525553,0.703311199535324,normal,0.7,normal_production_risk_budget
2024-12-23,-0.012394362160952799,-0.0007475677105447387,0.01164679445040806,0.6995877817041904,normal,0.7,normal_production_risk_budget
2024-12-24,-0.006477986834134142,0.0143781216620813,0.020856108496215442,0.697629026518956,normal,0.7,normal_production_risk_budget
2024-12-25,-0.0020252918868581826,-0.03758232491142666,-0.035557033024568474,0.6970153942550978,reduce_position,0.5,low_liquidity
2024-12-26,0.02641976212044006,0.0074141299120420445,-0.019005632208398016,0.7048141346002749,reduce_position,0.5,low_liquidity
2024-12-27,-0.008551003347449404,-0.02228155112714325,-0.013730547779693847,0.489943421225714,reduce_position,0.5,low_liquidity
2024-12-30,0.013970351248186574,-0.009237182613422101,-0.023207533861608676,0.696195799731306,normal,0.7,normal_production_risk_budget
2024-12-31,-0.025497122636212288,-0.022920006729114872,0.002577115907097416,0.5362108693678557,reduce_position,0.5,low_liquidity
2025-01-02,-0.037179574127509385,-0.029050835601431513,0.008128738526077872,0.6885408489753585,normal,0.7,normal_production_risk_budget
2025-01-03,-0.025154337791227555,-0.023318970589900734,0.0018353672013268207,0.6805041422465297,normal,0.7,normal_production_risk_budget
2025-01-06,-0.00650460203927028,0.014168618315887338,0.020673220355157618,0.6784123425138411,normal,0.7,normal_production_risk_budget
2025-01-07,0.023438082097400725,0.006925025232211723,-0.016513056865189002,0.6857771240766147,reduce_position,0.5,low_liquidity
2025-01-08,-0.003410495296141791,-0.004355303632334606,-0.000944808336192815,0.6847018010522213,reduce_position,0.5,low_liquidity
2025-01-09,0.00743830272591639,0.003598119657368448,-0.003840183068547942,0.6870297683792169,normal,0.7,normal_production_risk_budget
2025-01-10,0.02810848828446222,-0.0057834728407653024,-0.03389196112522752,0.6955863751859338,reduce_position,0.5,low_liquidity
2025-01-13,-0.017711227107063077,-0.01703253635135249,0.000678690755710587,0.6408286061245262,reduce_position,0.45,negative_recent_champion
2025-01-14,0.010329734018981185,0.012318565307195328,0.0019888312882141435,0.4099904634449794,reduce_position,0.45,low_liquidity|negative_recent_champion
2025-01-15,-0.006535072102856643,-0.01450479308686392,-0.007969720984007278,0.440608195172134,reduce_position,0.45,negative_recent_champion
2025-01-16,-0.012953580024208433,-0.012498693671456063,0.00045488635275237055,0.4361474777942108,reduce_position,0.45,negative_recent_champion
2025-01-17,0.007135292043052299,0.008765812930740635,0.001630520887688336,0.4401422265106304,reduce_position,0.45,negative_recent_champion
2025-01-20,0.008602321507896749,0.006587461085211688,-0.002014860422685061,0.4449172269875783,reduce_position,0.45,negative_recent_champion
2025-01-21,0.002482998370024525,-0.0006560228491525599,-0.003139021219177085,0.4462920828433478,reduce_position,0.45,negative_recent_champion
2025-01-22,-0.007771934868793462,-0.01110615453928876,-0.0033342196704952975,0.4419549933981831,reduce_position,0.45,negative_recent_champion
2025-01-23,-0.008963440277827806,-0.007817975158590063,0.001145465119237743,0.4369077496411842,reduce_position,0.45,negative_recent_champion
2025-01-24,0.01071767639629928,0.007720302803496004,-0.0029973735928032763,0.442878794435936,reduce_position,0.45,negative_recent_champion
2025-01-27,-0.014268845588771395,-0.0051330687861360635,0.009135776802635331,0.4348142461857876,reduce_position,0.45,negative_recent_champion
2025-02-05,-0.0017825153417049266,0.018731741595829687,0.020514256937534614,0.4183139742173878,reduce_position,0.45,negative_recent_champion
2025-02-06,0.01338477987733211,0.026983346549312337,0.013598566671980228,0.4311080680172369,reduce_position,0.45,negative_recent_champion
2025-02-07,0.02000510834816538,0.01100650847342699,-0.008998599874738389,0.4562540907495627,reduce_position,0.45,negative_recent_champion
2025-02-10,0.005635288578356601,0.002546661274136941,-0.00308862730421966,0.4593010851686416,reduce_position,0.45,negative_recent_champion
2025-02-11,-0.010358368974720533,-0.01591740562763,-0.005559036652909466,0.4536417043498985,reduce_position,0.45,negative_recent_champion
2025-02-12,0.008805093299540712,0.012290427915162772,0.00348533461562206,0.4584104508601311,reduce_position,0.45,negative_recent_champion
2025-02-13,-0.02743808758610511,-0.03939740953370574,-0.011959321947600632,0.4431310313236041,reduce_position,0.45,negative_recent_champion
2025-02-14,0.0038439495963311643,0.006726011870376913,0.002882062274045749,0.4452634108116847,reduce_position,0.45,negative_recent_champion
2025-02-17,0.019055668252796254,0.015026769937589668,-0.004028898315206586,0.455636618812563,reduce_position,0.45,negative_recent_champion
2025-02-18,-0.011102271894014692,-0.02554401220327418,-0.014441740309259488,0.4495250967660281,reduce_position,0.45,negative_recent_champion
2025-02-19,0.02664078076697196,0.03424638886559106,0.007605608098619099,0.4511836576416741,reduce_position,0.45,negative_recent_champion
2025-02-20,-0.010571392990581074,-0.01408318394455299,-0.003511790953971916,0.4289419055857379,reduce_position,0.45,negative_recent_champion
2025-02-21,0.01713294115182218,0.02568559438459972,0.00855265323277754,0.4553595627912866,reduce_position,0.45,negative_recent_champion
2025-02-24,-0.010689877075012899,-0.021550867609960722,-0.010860990534947823,0.4494745130086879,reduce_position,0.45,adaptive_attack_non_low_liquidity|negative_recent_champion
2025-02-25,-0.015370045407687605,-0.01617809191970132,-0.0008080465120137159,0.4408808259146879,reduce_position,0.45,adaptive_attack_non_low_liquidity|negative_recent_champion
2025-02-26,-0.0021322439419928507,-0.0016189584967684079,0.0005132854452244429,0.4396860999957895,reduce_position,0.45,adaptive_attack_non_low_liquidity|negative_recent_champion
2025-02-27,-0.00907868848643023,-0.015260315855545326,-0.006181627369115095,0.4345525790051217,reduce_position,0.45,adaptive_attack_non_low_liquidity|negative_recent_champion
2025-02-28,-0.019485594566427622,-0.03301360251824148,-0.013528007951813859,0.4233155394133717,reduce_position,0.45,adaptive_attack_non_low_liquidity|negative_recent_champion
2025-03-03,-0.0027251811745293564,-0.005917683725835343,-0.003192502551305987,0.4217396752624195,reduce_position,0.45,negative_recent_champion
2025-03-04,0.0025513698917718486,0.012708086857590839,0.01015671696581899,0.4232112766451008,reduce_position,0.45,negative_recent_champion
2025-03-05,0.0018196412399054118,0.003584798496458319,0.0017651572565529072,0.4150015490139346,reduce_position,0.45,negative_recent_champion
2025-03-06,0.005051441214706243,0.0010236768651026296,-0.004027764349603613,0.4483841808298337,reduce_position,0.45,negative_recent_champion
2025-03-07,-0.0048580291936627384,-0.006272411483631335,-0.0014143822899685965,0.4399893635167371,reduce_position,0.45,negative_recent_champion
2025-03-10,0.007059540500284012,0.014985322980534121,0.00792578248025011,0.4439150676184822,reduce_position,0.45,negative_recent_champion
2025-03-11,0.0069262951444486465,0.010129263259796017,0.003202968115347371,0.447740182113583,reduce_position,0.45,negative_recent_champion
2025-03-12,-0.004976985191937344,-0.006324329797054329,-0.0013473446051169846,0.4449778450672858,reduce_position,0.45,negative_recent_champion
2025-03-13,-0.016778463029362367,-0.019952162095284165,-0.003173699065921798,0.4355065119476842,reduce_position,0.45,negative_recent_champion
2025-03-14,0.022383231127732328,0.038846141571572845,0.016462910443840517,0.4478650755747869,reduce_position,0.45,negative_recent_champion
2025-03-17,0.024103129122906797,0.036917631841458354,0.012814502718551557,0.4608600357484609,reduce_position,0.45,negative_recent_champion
2025-03-18,0.006672686305289055,0.010333631898132856,0.0036609455928438006,0.4644337016530152,reduce_position,0.45,negative_recent_champion
2025-03-19,-0.011266423651778656,-0.015913053017662437,-0.004646629365883781,0.4312963953224652,reduce_position,0.45,negative_recent_champion
2025-03-20,0.011190148899397068,0.00886416083367525,-0.002325988065721818,0.4375898486585091,reduce_position,0.45,negative_recent_champion
2025-03-21,-0.007402019909170443,-0.009196081369239328,-0.0017940614600688853,0.4426564010236073,reduce_position,0.45,negative_recent_champion
2025-03-24,-0.0014532258807384846,-0.005896977990610619,-0.004443752109872134,0.4457502106471069,reduce_position,0.45,negative_recent_champion
2025-03-25,-0.002340105915505486,0.006751453769560989,0.009091559685066475,0.4444501651923153,reduce_position,0.45,negative_recent_champion
2025-03-26,0.014802988273888706,0.0143682193326653,-0.0004347689412234068,0.4525540018830282,reduce_position,0.45,low_liquidity|negative_recent_champion
2025-03-27,-0.016748886880498137,-0.017661400041592334,-0.0009125131610941972,0.4432287024012385,reduce_position,0.45,low_liquidity|negative_recent_champion
2025-03-28,-0.015308054063770449,-0.016520732043495467,-0.0012126779797250187,0.4345731171088312,reduce_position,0.45,low_liquidity|negative_recent_champion
2025-03-31,-0.011697220153163657,-0.013096437818516105,-0.001399217665352448,0.4278809142085013,reduce_position,0.45,low_liquidity|negative_recent_champion
2025-04-01,0.0036467667927222447,-0.0026957918138719172,-0.006342558606594162,0.429959718178761,reduce_position,0.45,negative_recent_champion
2025-04-02,-0.00014340444015159548,-0.0023604825298652043,-0.002217078089713609,0.4916097614586109,reduce_position,0.5,low_liquidity
2025-04-03,-0.013373818176387942,-0.020817237582657855,-0.007443419406269913,0.48471848010184,reduce_position,0.5,low_liquidity
2025-04-07,-0.04606976383295491,-0.054123532558193355,-0.008053768725238442,0.6742031913343917,normal,0.7,normal_production_risk_budget
2025-04-08,-0.002918248585443206,-0.016066887024761667,-0.01314863843931846,0.5772219292394254,reduce_position,0.45,negative_recent_champion
2025-04-09,-0.001440230338210724,-0.0028583157242559887,-0.0014180853860452647,0.5766121532176597,reduce_position,0.45,negative_recent_champion
2025-04-10,0.005615037093459341,0.010217761038576523,0.004602723945117182,0.5789762173743314,reduce_position,0.45,negative_recent_champion
2025-04-11,-0.00046932933875998284,0.004892936381482471,0.005362265720242454,0.5787785257783635,reduce_position,0.45,negative_recent_champion
2025-04-14,0.007753167300192487,0.006406544398519287,-0.0013466229016732,0.5820192008424997,reduce_position,0.45,negative_recent_champion
2025-04-15,-0.0027610292175402895,0.0024860374345543335,0.005247066652094623,0.5808619484359485,reduce_position,0.45,negative_recent_champion
2025-04-16,0.0005846834068155005,0.0028042820359754916,0.002219598629159991,0.5811068682992829,reduce_position,0.45,negative_recent_champion
2025-04-17,0.008477197477408271,-0.003370337459042916,-0.011847534936451187,0.4399521379187569,reduce_position,0.45,negative_recent_champion
2025-04-18,-0.009218950797739267,-0.014214628803936091,-0.004995678006196824,0.434741043409972,reduce_position,0.45,low_liquidity|negative_recent_champion
2025-04-21,0.017557036608177867,0.0385950216194193,0.021037985011241433,0.4567914581184402,reduce_position,0.45,low_liquidity|negative_recent_champion
2025-04-22,-0.016922284660062403,-0.010621804553916259,0.006300480106146145,0.4474408956633462,reduce_position,0.45,negative_recent_champion
2025-04-23,-0.006867700836662549,-0.028659433781562105,-0.021791732944899556,0.4436198431949538,reduce_position,0.45,negative_recent_champion
2025-04-24,-0.014997081614321561,-0.02332136853848532,-0.00832428692416376,0.4351487224861244,reduce_position,0.45,negative_recent_champion
2025-04-25,0.03174721086450072,0.006366250837481102,-0.025380960027019617,0.452529387464409,reduce_position,0.45,negative_recent_champion
2025-04-28,0.010299195890528745,-0.004849887944709419,-0.015149083835238164,0.4581104144569544,reduce_position,0.45,negative_recent_champion
2025-04-29,0.005955378130340749,-0.0008851221366003026,-0.006840500266941052,0.4613184666797085,reduce_position,0.45,negative_recent_champion
2025-04-30,0.014845123078555789,0.010549393350457459,-0.00429572972809833,0.4691982834915847,reduce_position,0.45,negative_recent_champion
2025-05-06,0.025628513079123838,0.03432352549854878,0.008695012419424941,0.4341248717585596,reduce_position,0.45,negative_recent_champion
2025-05-07,-0.012567186211539294,-0.013796230081861927,-0.0012290438703226325,0.4372716105693734,reduce_position,0.45,negative_recent_champion
2025-05-08,-0.011234244755397249,-0.007816906881051744,0.003417337874345505,0.4441294873206975,reduce_position,0.45,negative_recent_champion
2025-05-09,0.006224436250314103,-0.005357747496814502,-0.011582183747128605,0.4475680646847053,reduce_position,0.45,negative_recent_champion
2025-05-12,0.01371394944507709,0.013163859329600847,-0.0005500901154762428,0.4550415966775393,reduce_position,0.45,negative_recent_champion
2025-05-13,-0.009978608461654215,-0.013636115207004806,-0.0036575067453505916,0.449548860276972,reduce_position,0.45,negative_recent_champion
2025-05-14,0.013413814309592098,0.019303993835815048,0.0058901795262229495,0.4568347777082222,reduce_position,0.45,negative_recent_champion
2025-05-15,-0.02222687059963102,-0.022427018568564883,-0.00020014796893386144,0.4444874726462565,reduce_position,0.45,negative_recent_champion
2025-05-16,-0.0010512420997808025,-0.004430882675132586,-0.0033796405753517833,0.4439028799420848,reduce_position,0.45,negative_recent_champion
2025-05-19,-0.00624825555204056,-0.0038819319087350923,0.002366323643305468,0.4404063960996278,reduce_position,0.45,negative_recent_champion
2025-05-20,-0.006636547330616693,-0.005631712389276511,0.0010048349413401825,0.407268895357602,reduce_position,0.45,negative_recent_champion
2025-05-21,0.0015242901490766236,0.005680785548655365,0.004156495399578741,0.4117511694067775,reduce_position,0.45,negative_recent_champion
2025-05-22,-0.011242225171905651,-0.007658219794174803,0.003584005377730848,0.2043521083239551,reduce_position,0.45,negative_recent_champion
2025-05-23,0.010297718010338963,0.004969032430686804,-0.005328685579652159,0.455310127750171,reduce_position,0.45,negative_recent_champion
2025-05-26,-0.004830804080254825,-0.008353651888957425,-0.0035228478087026005,0.4526660647424669,reduce_position,0.45,negative_recent_champion
2025-05-27,-0.003010938651189954,-0.007415232927393989,-0.004404294276204035,0.451013098862836,reduce_position,0.45,negative_recent_champion
2025-05-28,-0.013182207108936805,-0.007731568221302831,0.005450638887633974,0.4436795677053953,reduce_position,0.45,negative_recent_champion
2025-05-29,0.004635644906678671,0.003362847086194831,-0.0012727978204838397,0.4462465719636279,reduce_position,0.45,negative_recent_champion
2025-05-30,-0.014417782502040288,0.00113480185204895,0.015552584354089238,0.4381458814850031,reduce_position,0.45,negative_recent_champion
2025-06-03,-0.016680962591750004,-0.010793515291089517,0.005887447300660487,0.4286146233923378,reduce_position,0.45,negative_recent_champion
2025-06-04,-0.0014766711358709106,0.007762080328936216,0.009238751464807127,0.4425636268241055,reduce_position,0.45,negative_recent_champion
2025-06-05,0.004822163177930383,0.020167652088451726,0.015345488910521343,0.4510510714154078,reduce_position,0.45,negative_recent_champion
2025-06-06,0.000997204258920359,-0.006546421595059582,-0.0075436258539799406,0.4393393019187094,reduce_position,0.45,negative_recent_champion
2025-06-09,0.04422405591441292,0.033492446024006695,-0.010731609890406224,0.4619402693446039,reduce_position,0.45,negative_recent_champion
2025-06-10,-0.003412718027567596,-0.01287770276049438,-0.009464984732926784,0.4600977351522333,reduce_position,0.45,negative_recent_champion
2025-06-11,-0.0004359661559714123,-0.009765330760603819,-0.009329364604632406,0.4598622533751422,reduce_position,0.45,negative_recent_champion
2025-06-12,0.016827348853693413,0.015737615567548158,-0.0010897332861452558,0.4688009255123058,reduce_position,0.45,negative_recent_champion
2025-06-13,0.0050418235350417895,0.007098336894514334,0.002056513359472545,0.4714657021741609,reduce_position,0.45,negative_recent_champion
2025-06-16,0.005552994706980563,0.01780947472241068,0.012256480015430116,0.4743844425824074,reduce_position,0.45,negative_recent_champion
2025-06-17,0.0007303037383057376,-0.007089594552137202,-0.00781989829044294,0.4747680214598131,reduce_position,0.45,negative_recent_champion
2025-06-18,0.03249588978863338,0.013202828469449424,-0.019293061319183957,0.4672332385519971,reduce_position,0.45,negative_recent_champion
2025-06-19,-0.05990116847223359,-0.04873187607850393,0.011169292393729657,0.4175242994876899,reduce_position,0.45,negative_recent_champion
2025-06-20,0.00150837347726962,0.0032659735312439153,0.0017576000539742953,0.4542711320051287,reduce_position,0.45,negative_recent_champion
2025-06-23,0.009981140988618797,0.011354812184149798,0.001373671195531001,0.4518642078753435,reduce_position,0.45,negative_recent_champion
2025-06-24,0.007251396175331992,0.022595636972856825,0.015344240797524833,0.4558103426751245,reduce_position,0.45,negative_recent_champion
2025-06-25,-0.0003119458187141877,0.034572356399425574,0.03488430221813976,0.455640532015209,reduce_position,0.45,negative_recent_champion
2025-06-26,-0.0005066507209704474,-0.01025986400716683,-0.009753213286196383,0.4553645920931269,reduce_position,0.45,negative_recent_champion
2025-06-27,-0.01603928370619212,-0.022305660516163006,-0.006266376809970886,0.4464866341836289,reduce_position,0.45,negative_recent_champion
2025-06-30,0.00146752924480964,0.003260736676800935,0.001793207431991295,0.4472977409125123,reduce_position,0.45,negative_recent_champion
2025-07-01,0.0002163270867518996,-0.009931420027720184,-0.010147747114472083,0.4474172795226225,reduce_position,0.45,negative_recent_champion
2025-07-02,-0.0028850259253553334,-0.02121390429470682,-0.018328878369351487,0.4280596333622588,reduce_position,0.45,negative_recent_champion
2025-07-03,-0.00201840866180647,-0.005945350412197237,-0.003926941750390767,0.4430655031745266,reduce_position,0.45,negative_recent_champion
2025-07-04,0.0030539018241333427,-0.0034260118957287755,-0.006479913719862118,0.4421737966157921,reduce_position,0.45,negative_recent_champion
2025-07-07,0.0016635032478236056,0.013107194371001274,0.011443691123177668,0.443586632516537,reduce_position,0.45,negative_recent_champion
2025-07-08,0.026951581722874707,0.01590347108646517,-0.011048110636409536,0.4581892881941026,reduce_position,0.45,negative_recent_champion
2025-07-09,-0.0005046972590930787,-0.0024778223414296807,-0.001973125082336602,0.4579156997335607,reduce_position,0.45,negative_recent_champion
2025-07-10,-0.004774523678748643,-0.002463299106339134,0.0023112245724095093,0.4553150887272318,reduce_position,0.45,negative_recent_champion
2025-07-11,-0.006305260612942898,0.006714655856234764,0.013019916469177661,0.4518589163421079,reduce_position,0.45,negative_recent_champion
2025-07-14,-0.0004338850484245649,-0.0023000327648921015,-0.0018661477164675366,0.4516209828857123,reduce_position,0.45,negative_recent_champion
2025-07-15,0.01313251858452591,0.0034438065682724783,-0.009688712016253431,0.4587292313147321,reduce_position,0.45,negative_recent_champion
2025-07-16,-0.00790851249437563,-0.007889980643050909,1.8531851324721238e-05,0.4544144612648949,reduce_position,0.45,negative_recent_champion
2025-07-17,0.023669323868741543,0.032460978323167744,0.008791654454426201,0.4598688600665669,reduce_position,0.45,negative_recent_champion
2025-07-18,-1.3457300015007334e-05,-0.0020807107511238154,-0.002067253451108808,0.4099709374855628,reduce_position,0.45,negative_recent_champion
2025-07-21,-0.0008897288576088513,-0.006576759217898909,-0.005687030360290057,0.4241733274749316,reduce_position,0.45,negative_recent_champion
2025-07-22,-0.0016597306620032004,-0.0025700932893379935,-0.0009103626273347931,0.4232160214203307,reduce_position,0.45,negative_recent_champion
2025-07-23,0.004029944428113552,0.011743111567375175,0.007713167139261623,0.4255310991663697,reduce_position,0.45,negative_recent_champion
2025-07-24,0.008115165548924885,-0.0020464419378055654,-0.01016160748673045,0.4301554817689619,reduce_position,0.45,negative_recent_champion
2025-07-25,-0.004563454364527653,-0.004659005490171841,-9.555112564418877e-05,0.4275431008339587,reduce_position,0.45,negative_recent_champion
2025-07-28,0.0019146691322722287,0.0006769692284962492,-0.0012376999037759795,0.4286370717959157,reduce_position,0.45,negative_recent_champion
2025-07-29,0.010124314571209325,0.025769254016843934,0.01564493944563461,0.4343637511125313,reduce_position,0.45,negative_recent_champion
2025-07-30,-0.012875119399539003,-0.017150631063293176,-0.004275511663754172,0.4269861291071944,reduce_position,0.45,negative_recent_champion
2025-07-31,-0.0013734282186905755,0.00203518387524948,0.0034086120939400555,0.4450695185839911,reduce_position,0.45,negative_recent_champion
2025-08-01,-0.004727626108195437,-0.006459948795713655,-0.0017323226875182174,0.4439970326391256,reduce_position,0.45,negative_recent_champion
2025-08-04,-0.0012158735483619454,0.004484519835760148,0.005700393384122093,0.4342730198942255,reduce_position,0.45,negative_recent_champion
2025-08-05,-0.0005702209053202179,-0.001070330507643602,-0.0005001096023233842,0.4339502464913236,reduce_position,0.45,negative_recent_champion
2025-08-06,0.0013428650421680732,0.006714164519064703,0.005371299476896629,0.4347093555364384,reduce_position,0.45,negative_recent_champion
2025-08-07,-0.003436282699583626,-0.003282950192570633,0.00015333250701299317,0.4327601590845862,reduce_position,0.45,negative_recent_champion
2025-08-08,-0.002296550139809894,-0.013900629919182284,-0.01160407977937239,0.4314544657584354,reduce_position,0.45,negative_recent_champion
2025-08-11,0.0049170553942325945,0.006940211086054582,0.0020231556918219873,0.4342363569314463,reduce_position,0.45,negative_recent_champion
2025-08-12,0.005951983090705548,0.006253031752162519,0.00030104866145697073,0.4375838483559713,reduce_position,0.45,negative_recent_champion
2025-08-13,-0.0015557394419367654,0.0009725879472730625,0.002528327389209828,0.4367075120150664,reduce_position,0.45,negative_recent_champion
2025-08-14,-0.0033124524188810067,0.007643518582246767,0.010955971001127773,0.4449245591021643,reduce_position,0.45,negative_recent_champion
2025-08-15,0.01099625814926286,0.029035588042302996,0.018039329893040135,0.4375806835970965,reduce_position,0.45,negative_recent_champion
2025-08-18,0.026902560944378928,0.0250995169393482,-0.0018030440050307295,0.441537733557255,reduce_position,0.45,negative_recent_champion
2025-08-19,-0.007684409855180152,-0.014594176679220472,-0.00690976682404032,0.437213047956606,reduce_position,0.45,adaptive_attack_non_low_liquidity|negative_recent_champion
2025-08-20,-0.002922791319724505,-0.01073521068564487,-0.0078124193659203645,0.4355633173199347,reduce_position,0.45,adaptive_attack_non_low_liquidity|negative_recent_champion
2025-08-21,-0.001372599758769022,-0.015970524466434544,-0.014597924707665522,0.4347875067880988,reduce_position,0.45,adaptive_attack_non_low_liquidity|negative_recent_champion
2025-08-22,0.020037551670589515,0.010780341672807392,-0.009257209997782123,0.4458905044366144,reduce_position,0.45,adaptive_attack_non_low_liquidity|negative_recent_champion
2025-08-25,0.016979998906691884,0.0400791265296645,0.023099127622972615,0.4551421894638212,normal,0.7999999999999999,adaptive_attack_non_low_liquidity
2025-08-26,0.01286489571465843,0.011478256712543988,-0.0013866390021144426,0.4620626967708883,normal,0.7999999999999999,adaptive_attack_non_low_liquidity
2025-08-27,-0.02577635716110316,-0.035017862155747204,-0.009241504994644045,0.4478297594363885,normal,0.7999999999999999,adaptive_attack_non_low_liquidity
2025-08-28,0.040141847163591926,0.013158377062809867,-0.02698347010078206,0.7701803320558104,normal,0.7999999999999999,adaptive_attack_non_low_liquidity
2025-08-29,-0.028910846577766436,-0.004600912063697171,0.024309934514069265,0.7233086933362921,normal,0.7999999999999999,adaptive_attack_non_low_liquidity
2025-09-01,0.015645371810475872,0.02041046390187473,0.004765092091398859,0.7401258207453765,normal,0.7999999999999999,adaptive_attack_non_low_liquidity
2025-09-02,-0.021477982052716338,-0.024841417403008825,-0.0033634353502924874,0.7344217355478824,normal,0.7999999999999999,adaptive_attack_non_low_liquidity
2025-09-03,-0.011869435339794343,0.004778530870213515,0.01664796621000786,0.7312316064796117,normal,0.7999999999999999,adaptive_attack_non_low_liquidity
2025-09-04,-0.04415375756543294,-0.04343405455426752,0.0007197030111654179,0.7188162890761304,normal,0.7999999999999999,adaptive_attack_non_low_liquidity
2025-09-05,0.02777993574719484,0.028216238245434955,0.00043630249824011536,0.7264164232594701,normal,0.7,normal_production_risk_budget
2025-09-08,0.023448101232733,0.0069051411115099715,-0.016542960121223027,0.7326844649855706,normal,0.7,normal_production_risk_budget
2025-09-09,-0.022985532402862052,-0.0059183253665692215,0.01706720703629283,0.7263955203530781,normal,0.7,normal_production_risk_budget
2025-09-10,0.008908041919817089,0.00602589682893151,-0.0028821450908855795,0.7288112808316116,normal,0.7,normal_production_risk_budget
2025-09-11,0.01955788291565108,0.05250339325390807,0.03294551033825699,0.4432386760827049,reduce_position,0.5,low_liquidity
2025-09-12,-0.0026473933878284894,-0.012553531312794242,-0.009906137924965752,0.6235922016998634,normal,0.7,normal_production_risk_budget
2025-09-15,-0.008647798914765858,-0.00813487281694314,0.000512926097822719,0.6794676845827503,normal,0.7,normal_production_risk_budget
2025-09-16,0.00028410467048423094,0.002269850468139323,0.001985745797655092,0.6795587234460352,normal,0.7,normal_production_risk_budget
2025-09-17,0.0005543562673699931,0.005475921862790223,0.00492156559542023,0.6797362636554891,normal,0.7,normal_production_risk_budget
2025-09-18,0.01025147915199831,0.011401451923803263,0.0011499727718049524,0.6829861247881179,normal,0.7,normal_production_risk_budget
2025-09-19,0.011969110409368433,0.019939330092294094,0.007970219682925661,0.6867356207309119,normal,0.7,normal_production_risk_budget
2025-09-22,0.025178856194088883,0.028810527012860465,0.003631670818771582,0.6944295355133814,normal,0.7,normal_production_risk_budget
2025-09-23,0.03306799769690727,0.01926210548239604,-0.013805892214511228,0.7042106955516493,normal,0.7,normal_production_risk_budget
2025-09-24,0.022301168296249507,-0.006090390872855345,-0.028391559169104852,0.7106632432580426,normal,0.7,normal_production_risk_budget
2025-09-25,0.010255368651528096,-0.004534490347373632,-0.014789858998901728,0.6850496051185018,normal,0.7,normal_production_risk_budget
2025-09-26,-0.028848616728458287,-0.02785260463039907,0.000996012098059218,0.6822224298404187,normal,0.7,normal_production_risk_budget
2025-09-29,0.013772818271115428,0.022283396335778693,0.008510578064663266,0.6661894806449095,normal,0.7,normal_production_risk_budget
2025-09-30,0.017047111158009054,0.0103843895259903,-0.006662721632018753,0.6717846049677931,normal,0.7,normal_production_risk_budget
2025-10-09,0.02711069530530641,0.01160871511109085,-0.015501980194215559,0.6804478849919429,normal,0.7,normal_production_risk_budget
2025-10-10,-0.03046373698170357,-0.04791920152526297,-0.017455464543559396,0.6704072584007857,normal,0.7,normal_production_risk_budget
2025-10-13,0.010984883181353267,-0.00531292011192408,-0.016297803293277346,0.6739884571151487,normal,0.7,normal_production_risk_budget
2025-10-14,-0.02853720617779465,-0.03244250861924891,-0.0039053024414542614,0.6644117047425318,normal,0.7,normal_production_risk_budget
2025-10-15,-0.002014468956733406,0.00861493640639921,0.010629405363132616,0.6637343079446718,normal,0.7,normal_production_risk_budget
2025-10-16,-0.010092224592616605,-0.00804711362939392,0.002045110963222685,0.660306040209713,normal,0.7,normal_production_risk_budget
2025-10-17,-0.030770654706229528,-0.020112488632731074,0.010658166073498454,0.6894068747174513,normal,0.7,normal_production_risk_budget
2025-10-20,0.007791996553872638,0.001804707443799236,-0.005987289110073402,0.6944211787864579,normal,0.7,normal_production_risk_budget
2025-10-21,0.005996795044775682,0.004148169552397052,-0.0018486254923786305,0.4223354186429497,reduce_position,0.5,low_liquidity
2025-10-22,0.0068820090867236505,-0.006208358567687533,-0.013090367654411184,0.700994082513907,normal,0.7,normal_production_risk_budget
2025-10-23,-0.004851024506703716,-0.006629849698798762,-0.001778825192095046,0.6995365268422494,reduce_position,0.5,low_liquidity
2025-10-24,0.03204773876614975,0.013260692224488668,-0.01878704654166108,0.7088666910728708,reduce_position,0.5,low_liquidity
2025-10-27,0.01362007087588668,0.010951111797301571,-0.002668959078585109,0.7127786659990308,normal,0.7,normal_production_risk_budget
2025-10-28,0.0015064183942947729,-0.010860820011945216,-0.012367238406239989,0.7132106906898628,normal,0.7,normal_production_risk_budget
2025-10-29,0.004187059347952715,0.01035188136196541,0.006164822014012694,0.7144064876753563,normal,0.7,normal_production_risk_budget
2025-10-30,-0.006703021063760639,-0.010981294587698254,-0.004278273523937615,0.7124792298970877,normal,0.7,normal_production_risk_budget
2025-10-31,-0.03095737844757407,-0.027415690207597376,0.0035416882399766925,0.6639389181242578,normal,0.7,normal_production_risk_budget
2025-11-03,0.002207829958692953,0.0006145798671888247,-0.001593250091504128,0.6865078154155339,normal,0.7,normal_production_risk_budget
2025-11-04,-0.012841256402634227,-0.016951839637253552,-0.004110583234619325,0.6941917322404942,normal,0.7,normal_production_risk_budget
2025-11-05,-0.0012842167218723999,0.003760919465755297,0.005045136187627697,0.7028137791670662,normal,0.7,normal_production_risk_budget
2025-11-06,-0.026922244483647773,0.010721016798886485,0.03764326128253426,0.6945914967758816,normal,0.7,normal_production_risk_budget
2025-11-07,0.03434982601855374,0.028055998777048785,-0.006293827241504957,0.7047338380674314,normal,0.7,normal_production_risk_budget
2025-11-10,0.010720785651571862,0.014977323995396974,0.004256538343825111,0.7078657467777096,normal,0.7,normal_production_risk_budget
2025-11-11,0.020712622775477252,-0.007139708696254132,-0.027852331471731384,0.7137938272694898,normal,0.7,normal_production_risk_budget
2025-11-12,-0.014017279611695854,0.016437085890873115,0.03045436550256897,0.7097249608818751,normal,0.7,normal_production_risk_budget
2025-11-13,0.04493332964498231,0.0535556309167593,0.008622301271776989,0.7222071199348704,normal,0.7,normal_production_risk_budget
2025-11-14,-0.026321681128586127,0.00540963851261389,0.03173131964120002,0.6904052167751118,normal,0.7,normal_production_risk_budget
2025-11-17,-0.006100116326870242,0.0022043058676248783,0.00830442219449512,0.6972203537514627,normal,0.7,normal_production_risk_budget
2025-11-18,-0.0476144039457449,-0.0207379331097457,0.0268764708359992,0.6820829215572379,normal,0.7,normal_production_risk_budget
2025-11-19,-0.013634957866288544,0.005605328085974914,0.01924028595226346,0.6937471953860319,normal,0.7,normal_production_risk_budget
2025-11-20,-0.016046990032621666,-0.012840024184727516,0.00320696584789415,0.6887526116474592,normal,0.7,normal_production_risk_budget
2025-11-21,-0.04685764356239219,-0.04621122371856934,0.0006464198438228541,0.6901292121431293,normal,0.7,normal_production_risk_budget
2025-11-24,-0.019067249619455495,-0.042232277191743495,-0.023165027572288,0.6841059820495757,normal,0.7,normal_production_risk_budget
2025-11-25,0.012855862866391066,0.01723398847480828,0.004378125608417216,0.6881155260764928,normal,0.7,normal_production_risk_budget
2025-11-26,-0.009970669182712055,-0.0019400329211726186,0.008030636261539437,0.6849745111429774,normal,0.7,normal_production_risk_budget
2025-11-27,-0.008313981819177418,-0.004470515361471028,0.0038434664577063904,0.6823334371145875,normal,0.7,normal_production_risk_budget
2025-11-28,0.023452691354852062,0.024383405132851976,0.0009307137779999142,0.6590006528206984,normal,0.7,normal_production_risk_budget
2025-12-01,-0.0031811822874728835,-0.01785828360135877,-0.014677101313885887,0.5979011040998784,normal,0.7,normal_production_risk_budget
2025-12-02,-0.014452876568643913,-0.018227378990959386,-0.0037745024223154733,0.5920043939653099,reduce_position,0.45,negative_recent_champion
2025-12-03,-0.01370025970189881,-0.024714714095830703,-0.011014454393931894,0.438353217814577,reduce_position,0.45,negative_recent_champion
2025-12-04,-0.008267979892062738,-0.01291363250529931,-0.004645652613236573,0.4336708195382308,reduce_position,0.45,negative_recent_champion
2025-12-05,0.010268536415865892,0.02062275152808657,0.010354215112220677,0.4486243311322704,reduce_position,0.45,negative_recent_champion
2025-12-08,0.017499555975641456,0.01800540890975255,0.0005058529341110951,0.4581072142689669,reduce_position,0.45,negative_recent_champion
2025-12-09,-0.0029108903218999505,-0.006916846446931024,-0.004005956125031074,0.4565252187881407,reduce_position,0.45,negative_recent_champion
2025-12-10,0.008823874728932424,0.014281664591620169,0.005457789862687745,0.4612788269331064,reduce_position,0.45,negative_recent_champion
2025-12-11,-0.015771965962522505,-0.026621680530530045,-0.01084971456800754,0.4526459779275297,reduce_position,0.45,negative_recent_champion
2025-12-12,0.010780042635891274,0.01096045434369608,0.0001804117078048062,0.4584835483642002,reduce_position,0.45,negative_recent_champion
2025-12-15,-0.013283333447777323,-0.011719394763116786,0.0015639386846605374,0.3641851160751929,reduce_position,0.45,negative_recent_champion
2025-12-16,-0.010623246439775524,-0.02514346515075927,-0.014520218710983746,0.434303139782521,reduce_position,0.45,negative_recent_champion
2025-12-17,0.018725771551156845,0.035005548930344466,0.01627977737918762,0.4556286366119124,reduce_position,0.45,negative_recent_champion
2025-12-18,-0.0035746927871749268,-0.0008317455681957631,0.0027429472189791637,0.4536756950595836,reduce_position,0.45,negative_recent_champion
2025-12-19,-0.001085006468482308,-0.004842781930349482,-0.0037577754618671744,0.4453238502143244,reduce_position,0.45,negative_recent_champion
2025-12-22,0.027704125536462954,0.04609159778120331,0.018387472244740355,0.4602764200288347,reduce_position,0.45,negative_recent_champion
2025-12-23,0.00864873937046351,0.015541716162229102,0.006892976791765593,0.4649043230768051,reduce_position,0.45,negative_recent_champion
2025-12-24,0.004340295498534319,-0.011265070529920762,-0.015605366028455081,0.4672167597760437,reduce_position,0.45,negative_recent_champion
2025-12-25,0.0008065985907341755,-0.0011146303340215935,-0.001921228924755769,0.4676461556366792,reduce_position,0.45,negative_recent_champion
2025-12-26,0.009793604125074351,0.019020221754183053,0.009226617629108702,0.4728092531101208,reduce_position,0.45,negative_recent_champion
2025-12-29,0.012394986538183828,0.002720592246017839,-0.009674394292165989,0.4490209160800694,reduce_position,0.45,negative_recent_champion
2025-12-30,0.010935160337828043,0.010879486634962632,-5.5673702865410846e-05,0.4557970171159074,reduce_position,0.45,negative_recent_champion
2025-12-31,0.030170102591196235,0.026277563420276318,-0.0038925391709199175,0.4590366308546999,reduce_position,0.45,negative_recent_champion
2026-01-05,0.009633578970745349,0.012656332105842383,0.003022753135097034,0.4641983186645035,reduce_position,0.45,negative_recent_champion
2026-01-06,0.01985479119217759,0.029654568316850094,0.009799777124672504,0.4561000871286133,reduce_position,0.45,negative_recent_champion
2026-01-07,0.0031186330743835367,0.0030716584704020278,-4.697460398150888e-05,0.4577910379309491,reduce_position,0.45,negative_recent_champion
2026-01-08,0.019649391733144173,0.02743615738663885,0.007786765653494676,0.4682398023624241,reduce_position,0.45,negative_recent_champion
2026-01-09,0.02437198846930988,0.005870359612761389,-0.01850162885654849,0.4808915085308314,reduce_position,0.45,negative_recent_champion
2026-01-12,0.03971275889491932,0.04659464328971685,0.006881884394797533,0.5007193217279414,reduce_position,0.45,negative_recent_champion
2026-01-13,-0.003658225088792544,0.020271322729715324,0.023929547818507868,0.4988861344125075,reduce_position,0.45,negative_recent_champion
2026-01-14,0.04254696220868648,0.06063905902736133,0.018092096818674852,0.7869674150639346,normal,0.7999999999999999,adaptive_attack_non_low_liquidity
2026-01-15,-0.029800670410223606,-0.03661301369092096,-0.006812343280697353,0.7963694277562368,normal,0.7999999999999999,adaptive_attack_non_low_liquidity
2026-01-16,-0.029146407207983116,-0.051399301173359224,-0.022252893965376108,0.7969628655604059,normal,0.7999999999999999,adaptive_attack_non_low_liquidity
2026-01-19,-0.0018937377977531478,-0.02394259152162559,-0.02204885372387244,0.7965776369425758,normal,0.7999999999999999,adaptive_attack_non_low_liquidity
2026-01-20,-0.0012428780625263203,0.011694247340828134,0.012937125403354455,0.7765243797898272,normal,0.7999999999999999,adaptive_attack_non_low_liquidity
2026-01-21,-0.009887740784835009,-0.0061056532476810865,0.003782087537153922,0.774292643960074,normal,0.7,normal_production_risk_budget
2026-01-22,0.003168939587287589,-0.004428896422957629,-0.007597836010245218,0.7750056375023094,normal,0.7,normal_production_risk_budget
2026-01-23,0.0004056441254736143,-0.0006942371853772,-0.0010998813108508143,0.7750968681365504,normal,0.7,normal_production_risk_budget
2026-01-26,0.0076649364784182605,-0.003234637348312308,-0.010899573826730569,0.7768076235247009,normal,0.7,normal_production_risk_budget
2026-01-27,-0.0020566871427762923,0.004431662392552882,0.006488349535329174,0.7763476405926562,normal,0.7,normal_production_risk_budget
2026-01-28,0.0201539114680942,0.02508974923178453,0.004935837763690332,0.6973106577392816,normal,0.7,normal_production_risk_budget
2026-01-29,0.009549883384301738,-0.0023711002944017956,-0.011920983678703534,0.6967328480118044,normal,0.7,normal_production_risk_budget
2026-01-30,-0.048677467044344835,-0.0354194009931853,0.013258066051159534,0.6946716431740719,normal,0.7,normal_production_risk_budget
2026-02-02,-0.06670936157429341,-0.06821511391491841,-0.0015057523406249995,0.6728475093878987,normal,0.7,normal_production_risk_budget
2026-02-03,0.02568902150002339,0.01953923514929512,-0.00614978635072827,0.6771512790315305,normal,0.7,normal_production_risk_budget
2026-02-04,-0.006581805588530498,-0.004954324775366614,0.001627480813163884,0.6750122729937168,normal,0.7,normal_production_risk_budget
2026-02-05,-0.033302682224821245,-0.03216761950937019,0.0011350627154510518,0.6638164593709316,normal,0.7,normal_production_risk_budget
2026-02-06,-0.005649023222681238,-0.007759714004954565,-0.002110690782273328,0.6619065616864623,reduce_position,0.5,low_liquidity
2026-02-09,0.03367996972869336,0.01978987669599319,-0.013890093032700168,0.6729225212690578,reduce_position,0.5,low_liquidity
2026-02-10,-0.0046101680818879665,-0.0024962374731768433,0.002113930608711123,0.671407655329706,reduce_position,0.5,low_liquidity
2026-02-11,0.002839379757057614,0.011723283907784099,0.008883904150726485,0.4793699640368736,reduce_position,0.5,low_liquidity
2026-02-12,0.019580590202242343,-0.003106711507934734,-0.022687301710177077,0.495750240042908,reduce_position,0.5,low_liquidity
2026-02-13,0.001484535166897949,-0.010437356781982654,-0.011921891948880603,0.6779129333521373,normal,0.7,normal_production_risk_budget
2026-02-24,8.050977313800445e-05,0.0009364905246911359,0.0008559807515531315,0.6779388624212603,reduce_position,0.5,low_liquidity
2026-02-25,0.017776629565519064,0.0277956118066065,0.010018982241087437,0.7064536892150479,normal,0.7,normal_production_risk_budget
2026-02-26,0.037717200384501215,0.048241637014788896,0.010524436630287681,0.7171230170645861,normal,0.7,normal_production_risk_budget
2026-02-27,0.03785317557452483,0.03143765442674651,-0.006415521147778325,0.7274402684379497,normal,0.7,normal_production_risk_budget
2026-03-02,-0.006862146609787456,0.009471360466492662,0.016333507076280118,0.725557000338241,normal,0.7,normal_production_risk_budget
2026-03-03,-0.07258641762128148,-0.05570297670939506,0.016883440911886427,0.7040770106495081,normal,0.7,normal_production_risk_budget
2026-03-04,-0.0053976231988394074,0.017810275577024415,0.023207898775863822,0.702471061548999,normal,0.7,normal_production_risk_budget
2026-03-05,0.008701689219174025,-0.010201090451974482,-0.018902779671148506,0.6917707725320318,normal,0.7,normal_production_risk_budget
2026-03-06,0.01246197079368705,0.02623641272451538,0.01377444193082833,0.6629388444364794,normal,0.7,normal_production_risk_budget
2026-03-09,0.005324857792166293,0.011051085985312792,0.005726228193146499,0.7052629566445281,normal,0.7,normal_production_risk_budget
2026-03-10,0.009480521880958381,0.03454595905816893,0.025065437177210548,0.7080309753710846,normal,0.7,normal_production_risk_budget
2026-03-11,-0.014702686489228345,-0.009983645583106271,0.004719040906122074,0.6843050263228037,normal,0.7,normal_production_risk_budget
2026-03-12,-0.017877294530258325,-0.010102529858498133,0.007774764671760193,0.6785585223526608,normal,0.7,normal_production_risk_budget
2026-03-13,-0.012950226907041062,-0.04138344970937047,-0.028433222802329405,0.6743411665654004,normal,0.7,normal_production_risk_budget
2026-03-16,0.025824847386577865,0.0071378975116036525,-0.018686949874974212,0.6825395346347306,normal,0.7,normal_production_risk_budget
2026-03-17,-0.009583837767423553,-0.0068846207407585736,0.0026992170266649795,0.6794676041537363,normal,0.7,normal_production_risk_budget
2026-03-18,0.04490906150724028,0.03172312269641653,-0.01318593881082375,0.6932437399060275,normal,0.7,normal_production_risk_budget
2026-03-19,-0.025640969930914914,-0.015766819716811376,0.009874150214103539,0.682836518298782,normal,0.7,normal_production_risk_budget
2026-03-20,-0.02731291952588788,-0.030297566590223757,-0.002984647064335877,0.6739306113260757,normal,0.7,normal_production_risk_budget
2026-03-23,-0.032996815667790114,-0.020014312662037237,0.012982503005752877,0.535901109474098,normal,0.7,normal_production_risk_budget
2026-03-24,0.004583989773279562,0.011845938112035936,0.007261948338756374,0.538018826449103,normal,0.7,normal_production_risk_budget
2026-03-25,0.014572648845220026,0.0033741259184520977,-0.011198522926767929,0.6558450324234814,normal,0.7,normal_production_risk_budget
2026-03-26,-0.007387494909611658,-0.001050427844584756,0.006337067065026902,0.6532836672804363,normal,0.7,normal_production_risk_budget
2026-03-27,-0.0006002129605107154,0.010506323350048863,0.011106536310559578,0.653075438662402,normal,0.7,normal_production_risk_budget
2026-03-30,-0.0007116875386302679,-0.003445164163991099,-0.002733476625360831,0.6528283609331124,reduce_position,0.5,low_liquidity
2026-03-31,-0.011887769943005222,0.00410686889109213,0.015994638834097352,0.6486516121282473,normal,0.7,normal_production_risk_budget
2026-04-01,0.030066572855602436,0.017405576485256757,-0.012660996370345678,0.6589071064623261,normal,0.7,normal_production_risk_budget
2026-04-02,-0.014270379541174383,-0.007670470022834053,0.00659990951834033,0.6843761193312745,normal,0.7,normal_production_risk_budget
2026-04-03,-0.0021942403732663207,-0.01769286471085696,-0.015498624337590639,0.6836820416963755,normal,0.7,normal_production_risk_budget
2026-04-07,0.0071723277404902586,0.006669879655774702,-0.0005024480847155566,0.4922404225930775,reduce_position,0.5,low_liquidity
2026-04-08,0.013259234059378677,0.014604253338237339,0.0013450192788586612,0.4988848259761657,reduce_position,0.5,low_liquidity
2026-04-09,0.018102820320193835,0.009177318647373589,-0.008925501672820246,0.6703488473222385,normal,0.7,normal_production_risk_budget
2026-04-10,-0.004967382275484766,-0.007885367232856266,-0.0029179849573715,0.6687031693175824,normal,0.7,normal_production_risk_budget
2026-04-13,-0.015941913599415103,-0.01483030510018235,0.0011116084992327524,0.6633361025524309,normal,0.7,normal_production_risk_budget
2026-04-14,0.008165419348808767,0.010912471355033482,0.002747052006224715,0.666062839504031,normal,0.7,normal_production_risk_budget
2026-04-15,-0.003647455630082619,0.000394017286631243,0.004041472916713862,0.6648403595866287,normal,0.7,normal_production_risk_budget
2026-04-16,-0.04005415654162647,-0.0345518124165024,0.00550234412512407,0.65085567826837,normal,0.7,normal_production_risk_budget
2026-04-17,0.007839483901087352,0.012250803120862575,0.004411319219775223,0.6650219164806899,normal,0.7,normal_production_risk_budget
2026-04-20,0.02518540604606012,0.026871722670926967,0.001686316624866846,0.6732512172493216,normal,0.7,normal_production_risk_budget
2026-04-21,-0.011086884594043278,-0.012875005131443018,-0.00178812053739974,0.6925392168694863,normal,0.7,normal_production_risk_budget
2026-04-22,0.02316014293703672,0.020776447628168215,-0.0023836953088685053,0.6994988660837287,normal,0.7,normal_production_risk_budget
2026-04-23,-0.00593672365578668,0.005292496372064637,0.011229220027851317,0.6949401031518079,normal,0.7,normal_production_risk_budget
2026-04-24,-0.004901100961278049,0.005130846720349247,0.010031947681627296,0.6934376099271301,reduce_position,0.45,negative_recent_champion
2026-04-27,0.0038478437969304835,0.006990960301392679,0.0031431165044621956,0.6946126925836335,reduce_position,0.45,negative_recent_champion
2026-04-28,-0.006882994821020949,-0.011490677809154692,-0.004607682988133743,0.6924961451432102,reduce_position,0.45,negative_recent_champion
2026-04-29,0.011526824439003436,0.003164416894125166,-0.00836240754487827,0.6960002963566165,reduce_position,0.45,negative_recent_champion
2026-04-30,0.003066980117594653,-0.01579753470112888,-0.018864514818723532,0.6969298066139671,reduce_position,0.45,negative_recent_champion
2026-05-06,0.011584303885104452,0.024271246771552235,0.012686942886447783,0.5481454071875802,reduce_position,0.45,negative_recent_champion
2026-05-07,0.00925680259109285,0.002919179575865183,-0.006337623015227667,0.5522897723826473,reduce_position,0.45,adaptive_attack_non_low_liquidity|negative_recent_champion
2026-05-08,-0.003599970797993235,-0.012794080879295455,-0.00919411008130222,0.4632959898089162,reduce_position,0.45,adaptive_attack_non_low_liquidity|negative_recent_champion
2026-05-11,0.0032826046763596572,0.005952569600324198,0.0026699649239645407,0.4650520125740498,reduce_position,0.45,adaptive_attack_non_low_liquidity|negative_recent_champion
2026-05-12,-0.007739175769902129,0.004676011052970663,0.012415186822872792,0.6756306241649981,normal,0.7999999999999999,adaptive_attack_non_low_liquidity
2026-05-13,0.02410974713103009,0.008169919389605873,-0.015939827741424217,0.801431757550359,normal,0.7999999999999999,adaptive_attack_non_low_liquidity
2026-05-14,-0.01563088426302539,-0.024360551012404197,-0.008729666749378806,0.7982786748637705,normal,0.7999999999999999,adaptive_attack_non_low_liquidity
2026-05-15,-0.01891633673099713,0.005262648709453366,0.024178985440450496,0.7943892731185763,normal,0.7999999999999999,adaptive_attack_non_low_liquidity
2026-05-18,0.011603127422222581,0.0032564784243753753,-0.008346648997847206,0.7967476361946775,normal,0.7,normal_production_risk_budget
2026-05-19,0.015650555823847556,0.019568923104746894,0.0039183672808993375,0.7998796311981006,normal,0.7,normal_production_risk_budget
2026-05-20,0.015239551325687772,-0.03372457728557765,-0.04896412861126542,0.8028835967426755,normal,0.7,normal_production_risk_budget
2026-05-21,-0.002899029621572735,0.02718844957050459,0.030087479192077327,0.802310488994396,normal,0.7,normal_production_risk_budget
2026-05-22,0.028458747888103986,0.03924806354945365,0.010789315661349663,0.8077808065597664,normal,0.7,normal_production_risk_budget
2026-05-25,0.028974406287216148,0.05150472142207807,0.022530315134861922,0.8131934164098348,normal,0.7,normal_production_risk_budget
2026-05-26,0.008830644058263948,0.03141093371251524,0.022580289654251295,0.6206704568000004,normal,0.7,normal_production_risk_budget
2026-05-27,0.0007505904197608881,0.007702067535960921,0.006951477116200033,0.6697525198719816,normal,0.7,normal_production_risk_budget
2026-05-28,0.0032433067742245747,-0.001598713103466931,-0.004842019877691506,0.7014154664921474,normal,0.7,normal_production_risk_budget
2026-05-29,-0.006440218056394387,-0.007660251714296629,-0.001220033657902242,0.6835525555427914,normal,0.7,normal_production_risk_budget
2026-06-01,-0.021811411122015012,-0.01274269669625161,0.009068714425763402,0.6916848321425662,normal,0.7,normal_production_risk_budget
2026-06-02,0.027380387650181248,0.021403902038596545,-0.005976485611584703,0.6916086779452991,normal,0.7,normal_production_risk_budget
2026-06-03,0.009191768822660373,0.011261729695641876,0.0020699608729815022,0.6944175214444374,normal,0.7,normal_production_risk_budget
2026-06-04,0.015880608386388495,0.010677693639301822,-0.005202914747086673,0.699194495856215,normal,0.7,normal_production_risk_budget
2026-06-05,-0.020156962004466372,-0.013962394131683986,0.006194567872782386,0.6930064382973591,normal,0.7,normal_production_risk_budget
2026-06-08,-0.030620512719902848,-0.025138702385933742,0.005481810333969106,0.6833092037422732,normal,0.7,normal_production_risk_budget
2026-06-09,0.041309806132004745,0.03582128510561011,-0.005488521026394633,0.6014807350083338,normal,0.7,normal_production_risk_budget
2026-06-10,-0.010537166414240628,-0.023213814975803215,-0.012676648561562587,0.6367263047521236,normal,0.7,normal_production_risk_budget
2026-06-11,0.01580955892944802,0.017511532567563215,0.001701973638115195,0.6981097619983958,normal,0.7,normal_production_risk_budget
2026-06-12,-0.020992204098360445,-0.027585978038874526,-0.0065937739405140805,0.6916365331661414,normal,0.7,normal_production_risk_budget
2026-06-15,0.048963766241680196,0.058192316743392425,0.00922855050171223,0.706030392318802,normal,0.7,normal_production_risk_budget
2026-06-16,0.03859357140049391,0.043239158344490214,0.004645586943996305,0.6987334357565501,normal,0.7,normal_production_risk_budget
2026-06-17,0.017435558269964346,0.008532819629989419,-0.008902738639974928,0.7038961713155376,normal,0.7,normal_production_risk_budget
