strategy,event_type,mark_price_basis,order_status,event_timestamp,symbol,side,planned_shares,planned_price,planned_notional,planned_fee,signal_date,execution_date,order_id,cost_rate,lot_size,filled_shares,filled_price,filled_notional,fee,reject_reason,remaining_shares,event_date,source_reason,cash_delta,share_delta,cancelled_shares,cancel_reason
vls_mom_contrarian_v1_frozen,order,raw,PLANNED,2023-01-03T15:00:00+08:00,000568,BUY,200.0,241.84600000000003,48369.200000000004,36.276900000000005,2023-01-03,2023-01-04,2023-01-03:000568:BUY,0.00075,100.0,,,,,,,,,,,,
vls_mom_contrarian_v1_frozen,order,raw,FILLED,2023-01-04T09:30:00+08:00,000568,BUY,200.0,,,,2023-01-03,2023-01-04,2023-01-03:000568:BUY,,,200.0,220.21999999999997,44043.99999999999,33.032999999999994,,0.0,,,,,,
vls_mom_contrarian_v1_frozen,order,raw,PLANNED,2023-01-03T15:00:00+08:00,000596,BUY,100.0,289.795,28979.5,21.734625,2023-01-03,2023-01-04,2023-01-03:000596:BUY,0.00075,100.0,,,,,,,,,,,,
vls_mom_contrarian_v1_frozen,order,raw,FILLED,2023-01-04T09:30:00+08:00,000596,BUY,100.0,,,,2023-01-03,2023-01-04,2023-01-03:000596:BUY,,,100.0,263.25298999999995,26325.298999999995,19.743974249999997,,0.0,,,,,,
vls_mom_contrarian_v1_frozen,order,raw,PLANNED,2023-01-03T15:00:00+08:00,002410,BUY,700.0,69.10000000000001,48370.00000000001,36.2775,2023-01-03,2023-01-04,2023-01-03:002410:BUY,0.00075,100.0,,,,,,,,,,,,
vls_mom_contrarian_v1_frozen,order,raw,FILLED,2023-01-04T09:30:00+08:00,002410,BUY,700.0,,,,2023-01-03,2023-01-04,2023-01-03:002410:BUY,,,700.0,63.36329999999999,44354.30999999999,33.26573249999999,,0.0,,,,,,
vls_mom_contrarian_v1_frozen,order,raw,PLANNED,2023-01-03T15:00:00+08:00,600436,BUY,100.0,312.26800000000003,31226.800000000003,23.4201,2023-01-03,2023-01-04,2023-01-03:600436:BUY,0.00075,100.0,,,,,,,,,,,,
vls_mom_contrarian_v1_frozen,order,raw,FILLED,2023-01-04T09:30:00+08:00,600436,BUY,100.0,,,,2023-01-03,2023-01-04,2023-01-03:600436:BUY,,,100.0,283.28299999999996,28328.299999999996,21.246224999999995,,0.0,,,,,,
vls_mom_contrarian_v1_frozen,order,raw,PLANNED,2023-01-03T15:00:00+08:00,600570,BUY,1000.0,46.09,46090.0,34.5675,2023-01-03,2023-01-04,2023-01-03:600570:BUY,0.00075,100.0,,,,,,,,,,,,
vls_mom_contrarian_v1_frozen,order,raw,FILLED,2023-01-04T09:30:00+08:00,600570,BUY,1000.0,,,,2023-01-03,2023-01-04,2023-01-03:600570:BUY,,,1000.0,42.112069999999996,42112.06999999999,31.584052499999995,,0.0,,,,,,
vls_mom_contrarian_v1_frozen,order,raw,PLANNED,2023-01-03T15:00:00+08:00,600763,BUY,300.0,161.678,48503.4,36.37755,2023-01-03,2023-01-04,2023-01-03:600763:BUY,0.00075,100.0,,,,,,,,,,,,
vls_mom_contrarian_v1_frozen,order,raw,FILLED,2023-01-04T09:30:00+08:00,600763,BUY,300.0,,,,2023-01-03,2023-01-04,2023-01-03:600763:BUY,,,300.0,147.16702,44150.106,33.1125795,,0.0,,,,,,
vls_mom_contrarian_v1_frozen,order,raw,PLANNED,2023-01-03T15:00:00+08:00,600779,BUY,500.0,90.78,45390.0,34.042500000000004,2023-01-03,2023-01-04,2023-01-03:600779:BUY,0.00075,100.0,,,,,,,,,,,,
vls_mom_contrarian_v1_frozen,order,raw,FILLED,2023-01-04T09:30:00+08:00,600779,BUY,500.0,,,,2023-01-03,2023-01-04,2023-01-03:600779:BUY,,,500.0,82.51243,41256.215,30.942161249999998,,0.0,,,,,,
vls_mom_contrarian_v1_frozen,order,raw,PLANNED,2023-01-03T15:00:00+08:00,600809,BUY,100.0,303.42,30342.0,22.7565,2023-01-03,2023-01-04,2023-01-03:600809:BUY,0.00075,100.0,,,,,,,,,,,,
vls_mom_contrarian_v1_frozen,order,raw,FILLED,2023-01-04T09:30:00+08:00,600809,BUY,100.0,,,,2023-01-03,2023-01-04,2023-01-03:600809:BUY,,,100.0,276.06579,27606.578999999998,20.704934249999997,,0.0,,,,,,
vls_mom_contrarian_v1_frozen,order,raw,PLANNED,2023-01-03T15:00:00+08:00,601888,BUY,200.0,235.51,47102.0,35.3265,2023-01-03,2023-01-04,2023-01-03:601888:BUY,0.00075,100.0,,,,,,,,,,,,
vls_mom_contrarian_v1_frozen,order,raw,FILLED,2023-01-04T09:30:00+08:00,601888,BUY,200.0,,,,2023-01-03,2023-01-04,2023-01-03:601888:BUY,,,200.0,214.01379999999997,42802.759999999995,32.10207,,0.0,,,,,,
vls_mom_contrarian_v1_frozen,order,raw,PLANNED,2023-01-04T15:00:00+08:00,600588,BUY,5800.0,27.368000000000002,158734.40000000002,119.05080000000002,2023-01-04,2023-01-05,2023-01-04:600588:BUY,0.00075,100.0,,,,,,,,,,,,
vls_mom_contrarian_v1_frozen,order,raw,FILLED,2023-01-05T09:30:00+08:00,600588,BUY,5800.0,,,,2023-01-04,2023-01-05,2023-01-04:600588:BUY,,,5800.0,24.8248,143983.84,107.98788,,0.0,,,,,,
vls_mom_contrarian_v1_frozen,corporate_action,raw,CORPORATE_ACTION_FREEZE,2023-01-11T09:25:00+08:00,,,,,,,,,,,,,,,,,,2023-01-11,unknown_corporate_action_type,0.0,0.0,,
vls_mom_contrarian_v1_frozen,corporate_action,raw,CORPORATE_ACTION_FREEZE,2023-01-11T09:25:00+08:00,,,,,,,,,,,,,,,,,,2023-01-11,CORPORATE_ACTION_UNKNOWN_FAIL_CLOSED,0.0,0.0,,
vls_mom_contrarian_v1_frozen,corporate_action,raw,CORPORATE_ACTION_FREEZE,2023-01-16T09:25:00+08:00,,,,,,,,,,,,,,,,,,2023-01-16,unknown_corporate_action_type,0.0,0.0,,
vls_mom_contrarian_v1_frozen,corporate_action,raw,CORPORATE_ACTION_FREEZE,2023-01-16T09:25:00+08:00,,,,,,,,,,,,,,,,,,2023-01-16,CORPORATE_ACTION_UNKNOWN_FAIL_CLOSED,0.0,0.0,,
vls_mom_contrarian_v1_frozen,corporate_action,raw,CORPORATE_ACTION_FREEZE,2023-01-20T09:25:00+08:00,,,,,,,,,,,,,,,,,,2023-01-20,unknown_corporate_action_type,0.0,0.0,,
vls_mom_contrarian_v1_frozen,corporate_action,raw,CORPORATE_ACTION_FREEZE,2023-01-20T09:25:00+08:00,,,,,,,,,,,,,,,,,,2023-01-20,CORPORATE_ACTION_UNKNOWN_FAIL_CLOSED,0.0,0.0,,
vls_mom_contrarian_v1_frozen,order,raw,PLANNED,2023-02-07T15:00:00+08:00,002410,SELL,700.0,63.64,44548.0,33.411,2023-02-07,2023-02-08,2023-02-07:002410:SELL,0.00075,100.0,,,,,,,,,,,,
vls_mom_contrarian_v1_frozen,order,raw,FILLED,2023-02-08T09:30:00+08:00,002410,SELL,700.0,,,,2023-02-07,2023-02-08,2023-02-07:002410:SELL,,,700.0,63.57636,44503.452,33.377589,,0.0,,,,,,
vls_mom_contrarian_v1_frozen,order,raw,PLANNED,2023-02-07T15:00:00+08:00,600779,SELL,500.0,77.4,38700.0,29.025000000000002,2023-02-07,2023-02-08,2023-02-07:600779:SELL,0.00075,100.0,,,,,,,,,,,,
vls_mom_contrarian_v1_frozen,order,raw,FILLED,2023-02-08T09:30:00+08:00,600779,SELL,500.0,,,,2023-02-07,2023-02-08,2023-02-07:600779:SELL,,,500.0,77.32260000000001,38661.3,28.995975,,0.0,,,,,,
vls_mom_contrarian_v1_frozen,order,raw,PLANNED,2023-02-07T15:00:00+08:00,601888,SELL,200.0,206.01,41202.0,30.901500000000002,2023-02-07,2023-02-08,2023-02-07:601888:SELL,0.00075,100.0,,,,,,,,,,,,
vls_mom_contrarian_v1_frozen,order,raw,FILLED,2023-02-08T09:30:00+08:00,601888,SELL,200.0,,,,2023-02-07,2023-02-08,2023-02-07:601888:SELL,,,200.0,205.80399,41160.798,30.870598500000003,,0.0,,,,,,
vls_mom_contrarian_v1_frozen,order,raw,PLANNED,2023-02-07T15:00:00+08:00,002230,BUY,900.0,51.359,46223.1,34.667325,2023-02-07,2023-02-08,2023-02-07:002230:BUY,0.00075,100.0,,,,,,,,,,,,
vls_mom_contrarian_v1_frozen,order,raw,FILLED,2023-02-08T09:30:00+08:00,002230,BUY,900.0,,,,2023-02-07,2023-02-08,2023-02-07:002230:BUY,,,900.0,46.71666999999999,42045.003,31.53375225,,0.0,,,,,,
vls_mom_contrarian_v1_frozen,order,raw,PLANNED,2023-02-07T15:00:00+08:00,002607,BUY,7200.0,6.42,46224.0,34.668,2023-02-07,2023-02-08,2023-02-07:002607:BUY,0.00075,100.0,,,,,,,,,,,,
vls_mom_contrarian_v1_frozen,order,raw,FILLED,2023-02-08T09:30:00+08:00,002607,BUY,7200.0,,,,2023-02-07,2023-02-08,2023-02-07:002607:BUY,,,7200.0,5.845839999999999,42090.047999999995,31.567535999999997,,0.0,,,,,,
vls_mom_contrarian_v1_frozen,order,raw,PLANNED,2023-02-07T15:00:00+08:00,600536,BUY,500.0,85.27,42635.0,31.97625,2023-02-07,2023-02-08,2023-02-07:600536:BUY,0.00075,100.0,,,,,,,,,,,,
vls_mom_contrarian_v1_frozen,order,raw,FILLED,2023-02-08T09:30:00+08:00,600536,BUY,500.0,,,,2023-02-07,2023-02-08,2023-02-07:600536:BUY,,,500.0,77.08700999999999,38543.505,28.907628749999997,,0.0,,,,,,
vls_mom_contrarian_v1_frozen,order,raw,PLANNED,2023-02-08T15:00:00+08:00,600588,SELL,5800.0,24.99,144942.0,108.7065,2023-02-08,2023-02-09,2023-02-08:600588:SELL,0.00075,100.0,,,,,,,,,,,,
vls_mom_contrarian_v1_frozen,order,raw,FILLED,2023-02-09T09:30:00+08:00,600588,SELL,5800.0,,,,2023-02-08,2023-02-09,2023-02-08:600588:SELL,,,5800.0,24.96501,144797.058,108.5977935,,0.0,,,,,,
vls_mom_contrarian_v1_frozen,order,raw,PLANNED,2023-02-08T15:00:00+08:00,000831,BUY,3400.0,46.56,158304.0,118.72800000000001,2023-02-08,2023-02-09,2023-02-08:000831:BUY,0.00075,100.0,,,,,,,,,,,,
vls_mom_contrarian_v1_frozen,order,raw,FILLED,2023-02-09T09:30:00+08:00,000831,BUY,3400.0,,,,2023-02-08,2023-02-09,2023-02-08:000831:BUY,,,3400.0,42.36232,144031.88799999998,108.02391599999999,,0.0,,,,,,
vls_mom_contrarian_v1_frozen,order,raw,PLANNED,2023-02-09T15:00:00+08:00,000596,SELL,100.0,278.0,27800.0,20.85,2023-02-09,2023-02-10,2023-02-09:000596:SELL,0.00075,100.0,,,,,,,,,,,,
vls_mom_contrarian_v1_frozen,order,raw,FILLED,2023-02-10T09:30:00+08:00,000596,SELL,100.0,,,,2023-02-09,2023-02-10,2023-02-09:000596:SELL,,,100.0,277.722,27772.199999999997,20.82915,,0.0,,,,,,
vls_mom_contrarian_v1_frozen,order,raw,PLANNED,2023-02-09T15:00:00+08:00,002050,BUY,1400.0,29.810000000000002,41734.0,31.3005,2023-02-09,2023-02-10,2023-02-09:002050:BUY,0.00075,100.0,,,,,,,,,,,,
vls_mom_contrarian_v1_frozen,order,raw,FILLED,2023-02-10T09:30:00+08:00,002050,BUY,1400.0,,,,2023-02-09,2023-02-10,2023-02-09:002050:BUY,,,1400.0,27.30728,38230.191999999995,28.672644,,0.0,,,,,,
vls_mom_contrarian_v1_frozen,order,raw,PLANNED,2023-02-10T15:00:00+08:00,600809,SELL,100.0,283.44,28344.0,21.258,2023-02-10,2023-02-13,2023-02-10:600809:SELL,0.00075,100.0,,,,,,,,,,,,
vls_mom_contrarian_v1_frozen,order,raw,FILLED,2023-02-13T09:30:00+08:00,600809,SELL,100.0,,,,2023-02-10,2023-02-13,2023-02-10:600809:SELL,,,100.0,283.15656,28315.656000000003,21.236742000000003,,0.0,,,,,,
vls_mom_contrarian_v1_frozen,order,raw,PLANNED,2023-02-10T15:00:00+08:00,600702,BUY,100.0,216.97500000000002,21697.500000000004,16.273125000000004,2023-02-10,2023-02-13,2023-02-10:600702:BUY,0.00075,100.0,,,,,,,,,,,,
vls_mom_contrarian_v1_frozen,order,raw,FILLED,2023-02-13T09:30:00+08:00,600702,BUY,100.0,,,,2023-02-10,2023-02-13,2023-02-10:600702:BUY,,,100.0,196.6965,19669.649999999998,14.752237499999998,,0.0,,,,,,
vls_mom_contrarian_v1_frozen,order,raw,PLANNED,2023-02-14T15:00:00+08:00,600763,SELL,300.0,160.55,48165.0,36.12375,2023-02-14,2023-02-15,2023-02-14:600763:SELL,0.00075,100.0,,,,,,,,,,,,
vls_mom_contrarian_v1_frozen,order,raw,FILLED,2023-02-15T09:30:00+08:00,600763,SELL,300.0,,,,2023-02-14,2023-02-15,2023-02-14:600763:SELL,,,300.0,160.38945,48116.83500000001,36.08762625000001,,0.0,,,,,,
vls_mom_contrarian_v1_frozen,order,raw,PLANNED,2023-02-14T15:00:00+08:00,600276,BUY,1200.0,49.74,59688.0,44.766,2023-02-14,2023-02-15,2023-02-14:600276:BUY,0.00075,100.0,,,,,,,,,,,,
vls_mom_contrarian_v1_frozen,order,raw,FILLED,2023-02-15T09:30:00+08:00,600276,BUY,1200.0,,,,2023-02-14,2023-02-15,2023-02-14:600276:BUY,,,1200.0,45.2452,54294.24,40.72068,,0.0,,,,,,
vls_mom_contrarian_v1_frozen,corporate_action,raw,CORPORATE_ACTION_FREEZE,2023-02-20T09:25:00+08:00,,,,,,,,,,,,,,,,,,2023-02-20,unknown_corporate_action_type,0.0,0.0,,
vls_mom_contrarian_v1_frozen,corporate_action,raw,CORPORATE_ACTION_FREEZE,2023-02-20T09:25:00+08:00,,,,,,,,,,,,,,,,,,2023-02-20,CORPORATE_ACTION_UNKNOWN_FAIL_CLOSED,0.0,0.0,,
vls_mom_contrarian_v1_frozen,order,raw,PLANNED,2023-02-22T15:00:00+08:00,600570,SELL,1000.0,44.36,44360.0,33.27,2023-02-22,2023-02-23,2023-02-22:600570:SELL,0.00075,100.0,,,,,,,,,,,,
vls_mom_contrarian_v1_frozen,order,raw,FILLED,2023-02-23T09:30:00+08:00,600570,SELL,1000.0,,,,2023-02-22,2023-02-23,2023-02-22:600570:SELL,,,1000.0,44.31564,44315.64,33.23673,,0.0,,,,,,
vls_mom_contrarian_v1_frozen,order,raw,PLANNED,2023-02-22T15:00:00+08:00,600559,BUY,1200.0,41.29,49548.0,37.161,2023-02-22,2023-02-23,2023-02-22:600559:BUY,0.00075,100.0,,,,,,,,,,,,
vls_mom_contrarian_v1_frozen,order,raw,FILLED,2023-02-23T09:30:00+08:00,600559,BUY,1200.0,,,,2023-02-22,2023-02-23,2023-02-22:600559:BUY,,,1200.0,37.7377,45285.24,33.96393,,0.0,,,,,,
vls_mom_contrarian_v1_frozen,corporate_action,raw,CORPORATE_ACTION_FREEZE,2023-02-27T09:25:00+08:00,,,,,,,,,,,,,,,,,,2023-02-27,unknown_corporate_action_type,0.0,0.0,,
vls_mom_contrarian_v1_frozen,corporate_action,raw,CORPORATE_ACTION_FREEZE,2023-02-27T09:25:00+08:00,,,,,,,,,,,,,,,,,,2023-02-27,CORPORATE_ACTION_UNKNOWN_FAIL_CLOSED,0.0,0.0,,
vls_mom_contrarian_v1_frozen,order,raw,PLANNED,2023-02-27T15:00:00+08:00,600436,SELL,100.0,307.26,30726.0,23.0445,2023-02-27,2023-02-28,2023-02-27:600436:SELL,0.00075,100.0,,,,,,,,,,,,
vls_mom_contrarian_v1_frozen,order,raw,FILLED,2023-02-28T09:30:00+08:00,600436,SELL,100.0,,,,2023-02-27,2023-02-28,2023-02-27:600436:SELL,,,100.0,306.95274,30695.274,23.021455500000002,,0.0,,,,,,
vls_mom_contrarian_v1_frozen,order,raw,PLANNED,2023-02-27T15:00:00+08:00,603605,BUY,100.0,200.36,20036.0,15.027000000000001,2023-02-27,2023-02-28,2023-02-27:603605:BUY,0.00075,100.0,,,,,,,,,,,,
vls_mom_contrarian_v1_frozen,order,raw,FILLED,2023-02-28T09:30:00+08:00,603605,BUY,100.0,,,,2023-02-27,2023-02-28,2023-02-27:603605:BUY,,,100.0,182.35216999999997,18235.216999999997,13.676412749999997,,0.0,,,,,,
vls_mom_contrarian_v1_frozen,order,raw,PLANNED,2023-03-07T15:00:00+08:00,002607,SELL,7200.0,5.08,36576.0,27.432000000000002,2023-03-07,2023-03-08,2023-03-07:002607:SELL,0.00075,100.0,,,,,,,,,,,,
vls_mom_contrarian_v1_frozen,order,raw,FILLED,2023-03-08T09:30:00+08:00,002607,SELL,7200.0,,,,2023-03-07,2023-03-08,2023-03-07:002607:SELL,,,7200.0,5.07492,36539.424,27.404568,,0.0,,,,,,
vls_mom_contrarian_v1_frozen,order,raw,PLANNED,2023-03-07T15:00:00+08:00,603688,BUY,300.0,153.89000000000001,46167.00000000001,34.62525000000001,2023-03-07,2023-03-08,2023-03-07:603688:BUY,0.00075,100.0,,,,,,,,,,,,
vls_mom_contrarian_v1_frozen,order,raw,FILLED,2023-03-08T09:30:00+08:00,603688,BUY,300.0,,,,2023-03-07,2023-03-08,2023-03-07:603688:BUY,,,300.0,141.12097999999997,42336.293999999994,31.752220499999996,,0.0,,,,,,
vls_mom_contrarian_v1_frozen,order,raw,PLANNED,2023-03-08T15:00:00+08:00,000831,SELL,3400.0,37.4,127160.0,95.37,2023-03-08,2023-03-09,2023-03-08:000831:SELL,0.00075,100.0,,,,,,,,,,,,
vls_mom_contrarian_v1_frozen,order,raw,FILLED,2023-03-09T09:30:00+08:00,000831,SELL,3400.0,,,,2023-03-08,2023-03-09,2023-03-08:000831:SELL,,,3400.0,37.3626,127032.84,95.27463,,0.0,,,,,,
vls_mom_contrarian_v1_frozen,order,raw,PLANNED,2023-03-08T15:00:00+08:00,600132,BUY,900.0,143.88,129492.0,97.119,2023-03-08,2023-03-09,2023-03-08:600132:BUY,0.00075,100.0,,,,,,,,,,,,
vls_mom_contrarian_v1_frozen,order,raw,FILLED,2023-03-09T09:30:00+08:00,600132,BUY,900.0,,,,2023-03-08,2023-03-09,2023-03-08:600132:BUY,,,900.0,130.96083,117864.74699999999,88.39856024999999,,0.0,,,,,,
vls_mom_contrarian_v1_frozen,corporate_action,raw,CORPORATE_ACTION_FREEZE,2023-03-10T09:25:00+08:00,,,,,,,,,,,,,,,,,,2023-03-10,unknown_corporate_action_type,0.0,0.0,,
vls_mom_contrarian_v1_frozen,corporate_action,raw,CORPORATE_ACTION_FREEZE,2023-03-10T09:25:00+08:00,,,,,,,,,,,,,,,,,,2023-03-10,CORPORATE_ACTION_UNKNOWN_FAIL_CLOSED,0.0,0.0,,
vls_mom_contrarian_v1_frozen,order,raw,PLANNED,2023-03-10T15:00:00+08:00,002050,SELL,1400.0,23.1,32340.000000000004,24.255000000000003,2023-03-10,2023-03-13,2023-03-10:002050:SELL,0.00075,100.0,,,,,,,,,,,,
vls_mom_contrarian_v1_frozen,order,raw,FILLED,2023-03-13T09:30:00+08:00,002050,SELL,1400.0,,,,2023-03-10,2023-03-13,2023-03-10:002050:SELL,,,1400.0,23.076900000000002,32307.660000000003,24.230745000000002,,0.0,,,,,,
vls_mom_contrarian_v1_frozen,order,raw,PLANNED,2023-03-10T15:00:00+08:00,002371,BUY,100.0,287.28700000000003,28728.700000000004,21.546525000000003,2023-03-10,2023-03-13,2023-03-10:002371:BUY,0.00075,100.0,,,,,,,,,,,,
vls_mom_contrarian_v1_frozen,order,raw,FILLED,2023-03-13T09:30:00+08:00,002371,BUY,100.0,,,,2023-03-10,2023-03-13,2023-03-10:002371:BUY,,,100.0,261.25099,26125.099000000002,19.59382425,,0.0,,,,,,
vls_mom_contrarian_v1_frozen,corporate_action,raw,CORPORATE_ACTION_FREEZE,2023-03-14T09:25:00+08:00,,,,,,,,,,,,,,,,,,2023-03-14,unknown_corporate_action_type,0.0,0.0,,
vls_mom_contrarian_v1_frozen,corporate_action,raw,CORPORATE_ACTION_FREEZE,2023-03-14T09:25:00+08:00,,,,,,,,,,,,,,,,,,2023-03-14,CORPORATE_ACTION_UNKNOWN_FAIL_CLOSED,0.0,0.0,,
vls_mom_contrarian_v1_frozen,order,raw,PLANNED,2023-03-14T15:00:00+08:00,600702,SELL,100.0,183.82,18382.0,13.7865,2023-03-14,2023-03-15,2023-03-14:600702:SELL,0.00075,100.0,,,,,,,,,,,,
vls_mom_contrarian_v1_frozen,order,raw,FILLED,2023-03-15T09:30:00+08:00,600702,SELL,100.0,,,,2023-03-14,2023-03-15,2023-03-14:600702:SELL,,,100.0,183.63618,18363.618,13.7727135,,0.0,,,,,,
vls_mom_contrarian_v1_frozen,order,raw,PLANNED,2023-03-14T15:00:00+08:00,600588,BUY,1500.0,30.830000000000002,46245.0,34.68375,2023-03-14,2023-03-15,2023-03-14:600588:BUY,0.00075,100.0,,,,,,,,,,,,
vls_mom_contrarian_v1_frozen,order,raw,FILLED,2023-03-15T09:30:00+08:00,600588,BUY,1500.0,,,,2023-03-14,2023-03-15,2023-03-14:600588:BUY,,,1500.0,28.21819,42327.284999999996,31.74546375,,0.0,,,,,,
vls_mom_contrarian_v1_frozen,order,raw,PLANNED,2023-03-16T15:00:00+08:00,600536,SELL,500.0,69.32,34660.0,25.995,2023-03-16,2023-03-17,2023-03-16:600536:SELL,0.00075,100.0,,,,,,,,,,,,
vls_mom_contrarian_v1_frozen,order,raw,FILLED,2023-03-17T09:30:00+08:00,600536,SELL,500.0,,,,2023-03-16,2023-03-17,2023-03-16:600536:SELL,,,500.0,69.25067999999999,34625.34,25.969005,,0.0,,,,,,
vls_mom_contrarian_v1_frozen,order,raw,PLANNED,2023-03-16T15:00:00+08:00,000032,BUY,1000.0,38.478,38478.0,28.8585,2023-03-16,2023-03-17,2023-03-16:000032:BUY,0.00075,100.0,,,,,,,,,,,,
vls_mom_contrarian_v1_frozen,order,raw,FILLED,2023-03-17T09:30:00+08:00,000032,BUY,1000.0,,,,2023-03-16,2023-03-17,2023-03-16:000032:BUY,,,1000.0,34.844809999999995,34844.81,26.1336075,,0.0,,,,,,
vls_mom_contrarian_v1_frozen,order,raw,PLANNED,2023-03-17T15:00:00+08:00,600276,SELL,1200.0,40.88,49056.0,36.792,2023-03-17,2023-03-20,2023-03-17:600276:SELL,0.00075,100.0,,,,,,,,,,,,
vls_mom_contrarian_v1_frozen,order,raw,FILLED,2023-03-20T09:30:00+08:00,600276,SELL,1200.0,,,,2023-03-17,2023-03-20,2023-03-17:600276:SELL,,,1200.0,40.83912,49006.944,36.755208,,0.0,,,,,,
vls_mom_contrarian_v1_frozen,order,raw,PLANNED,2023-03-17T15:00:00+08:00,600570,BUY,1000.0,51.975,51975.0,38.98125,2023-03-17,2023-03-20,2023-03-17:600570:BUY,0.00075,100.0,,,,,,,,,,,,
vls_mom_contrarian_v1_frozen,order,raw,FILLED,2023-03-20T09:30:00+08:00,600570,BUY,1000.0,,,,2023-03-17,2023-03-20,2023-03-17:600570:BUY,,,1000.0,47.09704999999999,47097.04999999999,35.32278749999999,,0.0,,,,,,
vls_mom_contrarian_v1_frozen,order,raw,PLANNED,2023-03-20T15:00:00+08:00,000568,SELL,200.0,232.0,46400.0,34.800000000000004,2023-03-20,2023-03-21,2023-03-20:000568:SELL,0.00075,100.0,,,,,,,,,,,,
vls_mom_contrarian_v1_frozen,order,raw,FILLED,2023-03-21T09:30:00+08:00,000568,SELL,200.0,,,,2023-03-20,2023-03-21,2023-03-20:000568:SELL,,,200.0,231.768,46353.6,34.7652,,0.0,,,,,,
vls_mom_contrarian_v1_frozen,order,raw,PLANNED,2023-03-20T15:00:00+08:00,002415,BUY,1100.0,45.386,49924.600000000006,37.443450000000006,2023-03-20,2023-03-21,2023-03-20:002415:BUY,0.00075,100.0,,,,,,,,,,,,
vls_mom_contrarian_v1_frozen,order,raw,FILLED,2023-03-21T09:30:00+08:00,002415,BUY,1100.0,,,,2023-03-20,2023-03-21,2023-03-20:002415:BUY,,,1100.0,41.05100999999999,45156.11099999999,33.86708324999999,,0.0,,,,,,
vls_mom_contrarian_v1_frozen,corporate_action,raw,CORPORATE_ACTION_FREEZE,2023-03-22T09:25:00+08:00,,,,,,,,,,,,,,,,,,2023-03-22,unknown_corporate_action_type,0.0,0.0,,
vls_mom_contrarian_v1_frozen,corporate_action,raw,CORPORATE_ACTION_FREEZE,2023-03-22T09:25:00+08:00,,,,,,,,,,,,,,,,,,2023-03-22,CORPORATE_ACTION_UNKNOWN_FAIL_CLOSED,0.0,0.0,,
vls_mom_contrarian_v1_frozen,corporate_action,raw,CORPORATE_ACTION_FREEZE,2023-03-23T09:25:00+08:00,,,,,,,,,,,,,,,,,,2023-03-23,unknown_corporate_action_type,0.0,0.0,,
vls_mom_contrarian_v1_frozen,corporate_action,raw,CORPORATE_ACTION_FREEZE,2023-03-23T09:25:00+08:00,,,,,,,,,,,,,,,,,,2023-03-23,CORPORATE_ACTION_UNKNOWN_FAIL_CLOSED,0.0,0.0,,
vls_mom_contrarian_v1_frozen,order,raw,PLANNED,2023-03-24T15:00:00+08:00,600559,SELL,1200.0,35.21,42252.0,31.689,2023-03-24,2023-03-27,2023-03-24:600559:SELL,0.00075,100.0,,,,,,,,,,,,
vls_mom_contrarian_v1_frozen,order,raw,FILLED,2023-03-27T09:30:00+08:00,600559,SELL,1200.0,,,,2023-03-24,2023-03-27,2023-03-24:600559:SELL,,,1200.0,35.17479,42209.748,31.657311,,0.0,,,,,,
vls_mom_contrarian_v1_frozen,order,raw,PLANNED,2023-03-24T15:00:00+08:00,002268,BUY,1200.0,40.61,48732.0,36.549,2023-03-24,2023-03-27,2023-03-24:002268:BUY,0.00075,100.0,,,,,,,,,,,,
vls_mom_contrarian_v1_frozen,order,raw,FILLED,2023-03-27T09:30:00+08:00,002268,BUY,1200.0,,,,2023-03-24,2023-03-27,2023-03-24:002268:BUY,,,1200.0,36.586549999999995,43903.85999999999,32.92789499999999,,0.0,,,,,,
vls_mom_contrarian_v1_frozen,corporate_action,raw,CORPORATE_ACTION_FREEZE,2023-03-29T09:25:00+08:00,,,,,,,,,,,,,,,,,,2023-03-29,unknown_corporate_action_type,0.0,0.0,,
vls_mom_contrarian_v1_frozen,corporate_action,raw,CORPORATE_ACTION_FREEZE,2023-03-29T09:25:00+08:00,,,,,,,,,,,,,,,,,,2023-03-29,CORPORATE_ACTION_UNKNOWN_FAIL_CLOSED,0.0,0.0,,
vls_mom_contrarian_v1_frozen,corporate_action,raw,CORPORATE_ACTION_FREEZE,2023-03-30T09:25:00+08:00,,,,,,,,,,,,,,,,,,2023-03-30,unknown_corporate_action_type,0.0,0.0,,
vls_mom_contrarian_v1_frozen,corporate_action,raw,CORPORATE_ACTION_FREEZE,2023-03-30T09:25:00+08:00,,,,,,,,,,,,,,,,,,2023-03-30,CORPORATE_ACTION_UNKNOWN_FAIL_CLOSED,0.0,0.0,,
vls_mom_contrarian_v1_frozen,corporate_action,raw,CORPORATE_ACTION_FREEZE,2023-04-03T09:25:00+08:00,,,,,,,,,,,,,,,,,,2023-04-03,unknown_corporate_action_type,0.0,0.0,,
vls_mom_contrarian_v1_frozen,corporate_action,raw,CORPORATE_ACTION_FREEZE,2023-04-03T09:25:00+08:00,,,,,,,,,,,,,,,,,,2023-04-03,CORPORATE_ACTION_UNKNOWN_FAIL_CLOSED,0.0,0.0,,
vls_mom_contrarian_v1_frozen,corporate_action,raw,CORPORATE_ACTION_FREEZE,2023-04-04T09:25:00+08:00,,,,,,,,,,,,,,,,,,2023-04-04,unknown_corporate_action_type,0.0,0.0,,
vls_mom_contrarian_v1_frozen,corporate_action,raw,CORPORATE_ACTION_FREEZE,2023-04-04T09:25:00+08:00,,,,,,,,,,,,,,,,,,2023-04-04,CORPORATE_ACTION_UNKNOWN_FAIL_CLOSED,0.0,0.0,,
vls_mom_contrarian_v1_frozen,corporate_action,raw,CORPORATE_ACTION_FREEZE,2023-04-06T09:25:00+08:00,,,,,,,,,,,,,,,,,,2023-04-06,unknown_corporate_action_type,0.0,0.0,,
vls_mom_contrarian_v1_frozen,corporate_action,raw,CORPORATE_ACTION_FREEZE,2023-04-06T09:25:00+08:00,,,,,,,,,,,,,,,,,,2023-04-06,CORPORATE_ACTION_UNKNOWN_FAIL_CLOSED,0.0,0.0,,
vls_mom_contrarian_v1_frozen,corporate_action,raw,CORPORATE_ACTION_FREEZE,2023-04-07T09:25:00+08:00,,,,,,,,,,,,,,,,,,2023-04-07,unknown_corporate_action_type,0.0,0.0,,
vls_mom_contrarian_v1_frozen,corporate_action,raw,CORPORATE_ACTION_FREEZE,2023-04-07T09:25:00+08:00,,,,,,,,,,,,,,,,,,2023-04-07,CORPORATE_ACTION_UNKNOWN_FAIL_CLOSED,0.0,0.0,,
vls_mom_contrarian_v1_frozen,corporate_action,raw,CORPORATE_ACTION_FREEZE,2023-04-10T09:25:00+08:00,,,,,,,,,,,,,,,,,,2023-04-10,unknown_corporate_action_type,0.0,0.0,,
vls_mom_contrarian_v1_frozen,corporate_action,raw,CORPORATE_ACTION_FREEZE,2023-04-10T09:25:00+08:00,,,,,,,,,,,,,,,,,,2023-04-10,CORPORATE_ACTION_UNKNOWN_FAIL_CLOSED,0.0,0.0,,
vls_mom_contrarian_v1_frozen,corporate_action,raw,CORPORATE_ACTION_FREEZE,2023-04-11T09:25:00+08:00,,,,,,,,,,,,,,,,,,2023-04-11,unknown_corporate_action_type,0.0,0.0,,
vls_mom_contrarian_v1_frozen,corporate_action,raw,CORPORATE_ACTION_FREEZE,2023-04-11T09:25:00+08:00,,,,,,,,,,,,,,,,,,2023-04-11,CORPORATE_ACTION_UNKNOWN_FAIL_CLOSED,0.0,0.0,,
vls_mom_contrarian_v1_frozen,corporate_action,raw,CORPORATE_ACTION_FREEZE,2023-04-12T09:25:00+08:00,,,,,,,,,,,,,,,,,,2023-04-12,unknown_corporate_action_type,0.0,0.0,,
vls_mom_contrarian_v1_frozen,corporate_action,raw,CORPORATE_ACTION_FREEZE,2023-04-12T09:25:00+08:00,,,,,,,,,,,,,,,,,,2023-04-12,CORPORATE_ACTION_UNKNOWN_FAIL_CLOSED,0.0,0.0,,
vls_mom_contrarian_v1_frozen,corporate_action,raw,CORPORATE_ACTION_FREEZE,2023-04-13T09:25:00+08:00,,,,,,,,,,,,,,,,,,2023-04-13,unknown_corporate_action_type,0.0,0.0,,
vls_mom_contrarian_v1_frozen,corporate_action,raw,CORPORATE_ACTION_FREEZE,2023-04-13T09:25:00+08:00,,,,,,,,,,,,,,,,,,2023-04-13,CORPORATE_ACTION_UNKNOWN_FAIL_CLOSED,0.0,0.0,,
vls_mom_contrarian_v1_frozen,corporate_action,raw,CORPORATE_ACTION_FREEZE,2023-04-14T09:25:00+08:00,,,,,,,,,,,,,,,,,,2023-04-14,unknown_corporate_action_type,0.0,0.0,,
vls_mom_contrarian_v1_frozen,corporate_action,raw,CORPORATE_ACTION_FREEZE,2023-04-14T09:25:00+08:00,,,,,,,,,,,,,,,,,,2023-04-14,CORPORATE_ACTION_UNKNOWN_FAIL_CLOSED,0.0,0.0,,
vls_mom_contrarian_v1_frozen,corporate_action,raw,CORPORATE_ACTION_FREEZE,2023-04-17T09:25:00+08:00,,,,,,,,,,,,,,,,,,2023-04-17,unknown_corporate_action_type,0.0,0.0,,
vls_mom_contrarian_v1_frozen,corporate_action,raw,CORPORATE_ACTION_FREEZE,2023-04-17T09:25:00+08:00,,,,,,,,,,,,,,,,,,2023-04-17,CORPORATE_ACTION_UNKNOWN_FAIL_CLOSED,0.0,0.0,,
vls_mom_contrarian_v1_frozen,corporate_action,raw,CORPORATE_ACTION_FREEZE,2023-04-18T09:25:00+08:00,,,,,,,,,,,,,,,,,,2023-04-18,unknown_corporate_action_type,0.0,0.0,,
vls_mom_contrarian_v1_frozen,corporate_action,raw,CORPORATE_ACTION_FREEZE,2023-04-18T09:25:00+08:00,,,,,,,,,,,,,,,,,,2023-04-18,CORPORATE_ACTION_UNKNOWN_FAIL_CLOSED,0.0,0.0,,
vls_mom_contrarian_v1_frozen,corporate_action,raw,CORPORATE_ACTION_FREEZE,2023-04-19T09:25:00+08:00,,,,,,,,,,,,,,,,,,2023-04-19,unknown_corporate_action_type,0.0,0.0,,
vls_mom_contrarian_v1_frozen,corporate_action,raw,CORPORATE_ACTION_FREEZE,2023-04-19T09:25:00+08:00,,,,,,,,,,,,,,,,,,2023-04-19,CORPORATE_ACTION_UNKNOWN_FAIL_CLOSED,0.0,0.0,,
vls_mom_contrarian_v1_frozen,corporate_action,raw,CORPORATE_ACTION_FREEZE,2023-04-20T09:25:00+08:00,,,,,,,,,,,,,,,,,,2023-04-20,unknown_corporate_action_type,0.0,0.0,,
vls_mom_contrarian_v1_frozen,corporate_action,raw,CORPORATE_ACTION_FREEZE,2023-04-20T09:25:00+08:00,,,,,,,,,,,,,,,,,,2023-04-20,CORPORATE_ACTION_UNKNOWN_FAIL_CLOSED,0.0,0.0,,
vls_mom_contrarian_v1_frozen,corporate_action,raw,CORPORATE_ACTION_FREEZE,2023-04-21T09:25:00+08:00,,,,,,,,,,,,,,,,,,2023-04-21,unknown_corporate_action_type,0.0,0.0,,
vls_mom_contrarian_v1_frozen,corporate_action,raw,CORPORATE_ACTION_FREEZE,2023-04-21T09:25:00+08:00,,,,,,,,,,,,,,,,,,2023-04-21,CORPORATE_ACTION_UNKNOWN_FAIL_CLOSED,0.0,0.0,,
vls_mom_contrarian_v1_frozen,corporate_action,raw,CORPORATE_ACTION_FREEZE,2023-04-24T09:25:00+08:00,,,,,,,,,,,,,,,,,,2023-04-24,unknown_corporate_action_type,0.0,0.0,,
vls_mom_contrarian_v1_frozen,corporate_action,raw,CORPORATE_ACTION_FREEZE,2023-04-24T09:25:00+08:00,,,,,,,,,,,,,,,,,,2023-04-24,CORPORATE_ACTION_UNKNOWN_FAIL_CLOSED,0.0,0.0,,
vls_mom_contrarian_v1_frozen,corporate_action,raw,CORPORATE_ACTION_FREEZE,2023-04-25T09:25:00+08:00,,,,,,,,,,,,,,,,,,2023-04-25,unknown_corporate_action_type,0.0,0.0,,
vls_mom_contrarian_v1_frozen,corporate_action,raw,CORPORATE_ACTION_FREEZE,2023-04-25T09:25:00+08:00,,,,,,,,,,,,,,,,,,2023-04-25,CORPORATE_ACTION_UNKNOWN_FAIL_CLOSED,0.0,0.0,,
vls_mom_contrarian_v1_frozen,corporate_action,raw,CORPORATE_ACTION_FREEZE,2023-04-26T09:25:00+08:00,,,,,,,,,,,,,,,,,,2023-04-26,unknown_corporate_action_type,0.0,0.0,,
vls_mom_contrarian_v1_frozen,corporate_action,raw,CORPORATE_ACTION_FREEZE,2023-04-26T09:25:00+08:00,,,,,,,,,,,,,,,,,,2023-04-26,CORPORATE_ACTION_UNKNOWN_FAIL_CLOSED,0.0,0.0,,
vls_mom_contrarian_v1_frozen,corporate_action,raw,CORPORATE_ACTION_FREEZE,2023-04-27T09:25:00+08:00,,,,,,,,,,,,,,,,,,2023-04-27,unknown_corporate_action_type,0.0,0.0,,
vls_mom_contrarian_v1_frozen,corporate_action,raw,CORPORATE_ACTION_FREEZE,2023-04-27T09:25:00+08:00,,,,,,,,,,,,,,,,,,2023-04-27,CORPORATE_ACTION_UNKNOWN_FAIL_CLOSED,0.0,0.0,,
vls_mom_contrarian_v1_frozen,corporate_action,raw,CORPORATE_ACTION_FREEZE,2023-04-28T09:25:00+08:00,,,,,,,,,,,,,,,,,,2023-04-28,unknown_corporate_action_type,0.0,0.0,,
vls_mom_contrarian_v1_frozen,corporate_action,raw,CORPORATE_ACTION_FREEZE,2023-04-28T09:25:00+08:00,,,,,,,,,,,,,,,,,,2023-04-28,CORPORATE_ACTION_UNKNOWN_FAIL_CLOSED,0.0,0.0,,
vls_mom_contrarian_v1_frozen,corporate_action,raw,CORPORATE_ACTION_FREEZE,2023-05-04T09:25:00+08:00,,,,,,,,,,,,,,,,,,2023-05-04,unknown_corporate_action_type,0.0,0.0,,
vls_mom_contrarian_v1_frozen,corporate_action,raw,CORPORATE_ACTION_FREEZE,2023-05-04T09:25:00+08:00,,,,,,,,,,,,,,,,,,2023-05-04,CORPORATE_ACTION_UNKNOWN_FAIL_CLOSED,0.0,0.0,,
vls_mom_contrarian_v1_frozen,corporate_action,raw,CORPORATE_ACTION_FREEZE,2023-05-05T09:25:00+08:00,,,,,,,,,,,,,,,,,,2023-05-05,unknown_corporate_action_type,0.0,0.0,,
vls_mom_contrarian_v1_frozen,corporate_action,raw,CORPORATE_ACTION_FREEZE,2023-05-05T09:25:00+08:00,,,,,,,,,,,,,,,,,,2023-05-05,CORPORATE_ACTION_UNKNOWN_FAIL_CLOSED,0.0,0.0,,
vls_mom_contrarian_v1_frozen,corporate_action,raw,CORPORATE_ACTION_FREEZE,2023-05-08T09:25:00+08:00,,,,,,,,,,,,,,,,,,2023-05-08,unknown_corporate_action_type,0.0,0.0,,
vls_mom_contrarian_v1_frozen,corporate_action,raw,CORPORATE_ACTION_FREEZE,2023-05-08T09:25:00+08:00,,,,,,,,,,,,,,,,,,2023-05-08,CORPORATE_ACTION_UNKNOWN_FAIL_CLOSED,0.0,0.0,,
vls_mom_contrarian_v1_frozen,corporate_action,raw,CORPORATE_ACTION_FREEZE,2023-05-09T09:25:00+08:00,,,,,,,,,,,,,,,,,,2023-05-09,unknown_corporate_action_type,0.0,0.0,,
vls_mom_contrarian_v1_frozen,corporate_action,raw,CORPORATE_ACTION_FREEZE,2023-05-09T09:25:00+08:00,,,,,,,,,,,,,,,,,,2023-05-09,CORPORATE_ACTION_UNKNOWN_FAIL_CLOSED,0.0,0.0,,
vls_mom_contrarian_v1_frozen,corporate_action,raw,CORPORATE_ACTION_FREEZE,2023-05-10T09:25:00+08:00,,,,,,,,,,,,,,,,,,2023-05-10,unknown_corporate_action_type,0.0,0.0,,
vls_mom_contrarian_v1_frozen,corporate_action,raw,CORPORATE_ACTION_FREEZE,2023-05-10T09:25:00+08:00,,,,,,,,,,,,,,,,,,2023-05-10,CORPORATE_ACTION_UNKNOWN_FAIL_CLOSED,0.0,0.0,,
vls_mom_contrarian_v1_frozen,corporate_action,raw,CORPORATE_ACTION_FREEZE,2023-05-11T09:25:00+08:00,,,,,,,,,,,,,,,,,,2023-05-11,unknown_corporate_action_type,0.0,0.0,,
vls_mom_contrarian_v1_frozen,corporate_action,raw,CORPORATE_ACTION_FREEZE,2023-05-11T09:25:00+08:00,,,,,,,,,,,,,,,,,,2023-05-11,CORPORATE_ACTION_UNKNOWN_FAIL_CLOSED,0.0,0.0,,
vls_mom_contrarian_v1_frozen,corporate_action,raw,CORPORATE_ACTION_FREEZE,2023-05-12T09:25:00+08:00,,,,,,,,,,,,,,,,,,2023-05-12,unknown_corporate_action_type,0.0,0.0,,
vls_mom_contrarian_v1_frozen,corporate_action,raw,CORPORATE_ACTION_FREEZE,2023-05-12T09:25:00+08:00,,,,,,,,,,,,,,,,,,2023-05-12,CORPORATE_ACTION_UNKNOWN_FAIL_CLOSED,0.0,0.0,,
vls_mom_contrarian_v1_frozen,corporate_action,raw,CORPORATE_ACTION_FREEZE,2023-05-15T09:25:00+08:00,,,,,,,,,,,,,,,,,,2023-05-15,unknown_corporate_action_type,0.0,0.0,,
vls_mom_contrarian_v1_frozen,corporate_action,raw,CORPORATE_ACTION_FREEZE,2023-05-15T09:25:00+08:00,,,,,,,,,,,,,,,,,,2023-05-15,CORPORATE_ACTION_UNKNOWN_FAIL_CLOSED,0.0,0.0,,
vls_mom_contrarian_v1_frozen,corporate_action,raw,CORPORATE_ACTION_FREEZE,2023-05-16T09:25:00+08:00,,,,,,,,,,,,,,,,,,2023-05-16,unknown_corporate_action_type,0.0,0.0,,
vls_mom_contrarian_v1_frozen,corporate_action,raw,CORPORATE_ACTION_FREEZE,2023-05-16T09:25:00+08:00,,,,,,,,,,,,,,,,,,2023-05-16,CORPORATE_ACTION_UNKNOWN_FAIL_CLOSED,0.0,0.0,,
vls_mom_contrarian_v1_frozen,corporate_action,raw,CORPORATE_ACTION_FREEZE,2023-05-17T09:25:00+08:00,,,,,,,,,,,,,,,,,,2023-05-17,unknown_corporate_action_type,0.0,0.0,,
vls_mom_contrarian_v1_frozen,corporate_action,raw,CORPORATE_ACTION_FREEZE,2023-05-17T09:25:00+08:00,,,,,,,,,,,,,,,,,,2023-05-17,CORPORATE_ACTION_UNKNOWN_FAIL_CLOSED,0.0,0.0,,
vls_mom_contrarian_v1_frozen,corporate_action,raw,CORPORATE_ACTION_FREEZE,2023-05-18T09:25:00+08:00,,,,,,,,,,,,,,,,,,2023-05-18,unknown_corporate_action_type,0.0,0.0,,
vls_mom_contrarian_v1_frozen,corporate_action,raw,CORPORATE_ACTION_FREEZE,2023-05-18T09:25:00+08:00,,,,,,,,,,,,,,,,,,2023-05-18,CORPORATE_ACTION_UNKNOWN_FAIL_CLOSED,0.0,0.0,,
vls_mom_contrarian_v1_frozen,corporate_action,raw,CORPORATE_ACTION_FREEZE,2023-05-19T09:25:00+08:00,,,,,,,,,,,,,,,,,,2023-05-19,unknown_corporate_action_type,0.0,0.0,,
vls_mom_contrarian_v1_frozen,corporate_action,raw,CORPORATE_ACTION_FREEZE,2023-05-19T09:25:00+08:00,,,,,,,,,,,,,,,,,,2023-05-19,CORPORATE_ACTION_UNKNOWN_FAIL_CLOSED,0.0,0.0,,
vls_mom_contrarian_v1_frozen,corporate_action,raw,CORPORATE_ACTION_FREEZE,2023-05-22T09:25:00+08:00,,,,,,,,,,,,,,,,,,2023-05-22,unknown_corporate_action_type,0.0,0.0,,
vls_mom_contrarian_v1_frozen,corporate_action,raw,CORPORATE_ACTION_FREEZE,2023-05-22T09:25:00+08:00,,,,,,,,,,,,,,,,,,2023-05-22,CORPORATE_ACTION_UNKNOWN_FAIL_CLOSED,0.0,0.0,,
vls_mom_contrarian_v1_frozen,corporate_action,raw,CORPORATE_ACTION_FREEZE,2023-05-23T09:25:00+08:00,,,,,,,,,,,,,,,,,,2023-05-23,unknown_corporate_action_type,0.0,0.0,,
vls_mom_contrarian_v1_frozen,corporate_action,raw,CORPORATE_ACTION_FREEZE,2023-05-23T09:25:00+08:00,,,,,,,,,,,,,,,,,,2023-05-23,CORPORATE_ACTION_UNKNOWN_FAIL_CLOSED,0.0,0.0,,
vls_mom_contrarian_v1_frozen,corporate_action,raw,CORPORATE_ACTION_FREEZE,2023-05-24T09:25:00+08:00,,,,,,,,,,,,,,,,,,2023-05-24,unknown_corporate_action_type,0.0,0.0,,
vls_mom_contrarian_v1_frozen,corporate_action,raw,CORPORATE_ACTION_FREEZE,2023-05-24T09:25:00+08:00,,,,,,,,,,,,,,,,,,2023-05-24,CORPORATE_ACTION_UNKNOWN_FAIL_CLOSED,0.0,0.0,,
vls_mom_contrarian_v1_frozen,corporate_action,raw,CORPORATE_ACTION_FREEZE,2023-05-25T09:25:00+08:00,,,,,,,,,,,,,,,,,,2023-05-25,unknown_corporate_action_type,0.0,0.0,,
vls_mom_contrarian_v1_frozen,corporate_action,raw,CORPORATE_ACTION_FREEZE,2023-05-25T09:25:00+08:00,,,,,,,,,,,,,,,,,,2023-05-25,CORPORATE_ACTION_UNKNOWN_FAIL_CLOSED,0.0,0.0,,
vls_mom_contrarian_v1_frozen,corporate_action,raw,CORPORATE_ACTION_FREEZE,2023-05-26T09:25:00+08:00,,,,,,,,,,,,,,,,,,2023-05-26,unknown_corporate_action_type,0.0,0.0,,
vls_mom_contrarian_v1_frozen,corporate_action,raw,CORPORATE_ACTION_FREEZE,2023-05-26T09:25:00+08:00,,,,,,,,,,,,,,,,,,2023-05-26,CORPORATE_ACTION_UNKNOWN_FAIL_CLOSED,0.0,0.0,,
vls_mom_contrarian_v1_frozen,corporate_action,raw,CORPORATE_ACTION_FREEZE,2023-05-29T09:25:00+08:00,,,,,,,,,,,,,,,,,,2023-05-29,unknown_corporate_action_type,0.0,0.0,,
vls_mom_contrarian_v1_frozen,corporate_action,raw,CORPORATE_ACTION_FREEZE,2023-05-29T09:25:00+08:00,,,,,,,,,,,,,,,,,,2023-05-29,CORPORATE_ACTION_UNKNOWN_FAIL_CLOSED,0.0,0.0,,
vls_mom_contrarian_v1_frozen,corporate_action,raw,CORPORATE_ACTION_FREEZE,2023-05-30T09:25:00+08:00,,,,,,,,,,,,,,,,,,2023-05-30,unknown_corporate_action_type,0.0,0.0,,
vls_mom_contrarian_v1_frozen,corporate_action,raw,CORPORATE_ACTION_FREEZE,2023-05-30T09:25:00+08:00,,,,,,,,,,,,,,,,,,2023-05-30,CORPORATE_ACTION_UNKNOWN_FAIL_CLOSED,0.0,0.0,,
vls_mom_contrarian_v1_frozen,corporate_action,raw,CORPORATE_ACTION_FREEZE,2023-05-31T09:25:00+08:00,,,,,,,,,,,,,,,,,,2023-05-31,unknown_corporate_action_type,0.0,0.0,,
vls_mom_contrarian_v1_frozen,corporate_action,raw,CORPORATE_ACTION_FREEZE,2023-05-31T09:25:00+08:00,,,,,,,,,,,,,,,,,,2023-05-31,CORPORATE_ACTION_UNKNOWN_FAIL_CLOSED,0.0,0.0,,
vls_mom_contrarian_v1_frozen,corporate_action,raw,CORPORATE_ACTION_FREEZE,2023-06-01T09:25:00+08:00,,,,,,,,,,,,,,,,,,2023-06-01,unknown_corporate_action_type,0.0,0.0,,
vls_mom_contrarian_v1_frozen,corporate_action,raw,CORPORATE_ACTION_FREEZE,2023-06-01T09:25:00+08:00,,,,,,,,,,,,,,,,,,2023-06-01,CORPORATE_ACTION_UNKNOWN_FAIL_CLOSED,0.0,0.0,,
vls_mom_contrarian_v1_frozen,corporate_action,raw,CORPORATE_ACTION_FREEZE,2023-06-02T09:25:00+08:00,,,,,,,,,,,,,,,,,,2023-06-02,unknown_corporate_action_type,0.0,0.0,,
vls_mom_contrarian_v1_frozen,corporate_action,raw,CORPORATE_ACTION_FREEZE,2023-06-02T09:25:00+08:00,,,,,,,,,,,,,,,,,,2023-06-02,CORPORATE_ACTION_UNKNOWN_FAIL_CLOSED,0.0,0.0,,
vls_mom_contrarian_v1_frozen,corporate_action,raw,CORPORATE_ACTION_FREEZE,2023-06-05T09:25:00+08:00,,,,,,,,,,,,,,,,,,2023-06-05,unknown_corporate_action_type,0.0,0.0,,
vls_mom_contrarian_v1_frozen,corporate_action,raw,CORPORATE_ACTION_FREEZE,2023-06-05T09:25:00+08:00,,,,,,,,,,,,,,,,,,2023-06-05,CORPORATE_ACTION_UNKNOWN_FAIL_CLOSED,0.0,0.0,,
vls_mom_contrarian_v1_frozen,corporate_action,raw,CORPORATE_ACTION_FREEZE,2023-06-06T09:25:00+08:00,,,,,,,,,,,,,,,,,,2023-06-06,unknown_corporate_action_type,0.0,0.0,,
vls_mom_contrarian_v1_frozen,corporate_action,raw,CORPORATE_ACTION_FREEZE,2023-06-06T09:25:00+08:00,,,,,,,,,,,,,,,,,,2023-06-06,CORPORATE_ACTION_UNKNOWN_FAIL_CLOSED,0.0,0.0,,
vls_mom_contrarian_v1_frozen,corporate_action,raw,CORPORATE_ACTION_FREEZE,2023-06-07T09:25:00+08:00,,,,,,,,,,,,,,,,,,2023-06-07,unknown_corporate_action_type,0.0,0.0,,
vls_mom_contrarian_v1_frozen,corporate_action,raw,CORPORATE_ACTION_FREEZE,2023-06-07T09:25:00+08:00,,,,,,,,,,,,,,,,,,2023-06-07,CORPORATE_ACTION_UNKNOWN_FAIL_CLOSED,0.0,0.0,,
vls_mom_contrarian_v1_frozen,corporate_action,raw,CORPORATE_ACTION_FREEZE,2023-06-08T09:25:00+08:00,,,,,,,,,,,,,,,,,,2023-06-08,unknown_corporate_action_type,0.0,0.0,,
vls_mom_contrarian_v1_frozen,corporate_action,raw,CORPORATE_ACTION_FREEZE,2023-06-08T09:25:00+08:00,,,,,,,,,,,,,,,,,,2023-06-08,CORPORATE_ACTION_UNKNOWN_FAIL_CLOSED,0.0,0.0,,
vls_mom_contrarian_v1_frozen,corporate_action,raw,CORPORATE_ACTION_FREEZE,2023-06-09T09:25:00+08:00,,,,,,,,,,,,,,,,,,2023-06-09,unknown_corporate_action_type,0.0,0.0,,
vls_mom_contrarian_v1_frozen,corporate_action,raw,CORPORATE_ACTION_FREEZE,2023-06-09T09:25:00+08:00,,,,,,,,,,,,,,,,,,2023-06-09,CORPORATE_ACTION_UNKNOWN_FAIL_CLOSED,0.0,0.0,,
vls_mom_contrarian_v1_frozen,corporate_action,raw,CORPORATE_ACTION_FREEZE,2023-06-12T09:25:00+08:00,,,,,,,,,,,,,,,,,,2023-06-12,unknown_corporate_action_type,0.0,0.0,,
vls_mom_contrarian_v1_frozen,corporate_action,raw,CORPORATE_ACTION_FREEZE,2023-06-12T09:25:00+08:00,,,,,,,,,,,,,,,,,,2023-06-12,CORPORATE_ACTION_UNKNOWN_FAIL_CLOSED,0.0,0.0,,
vls_mom_contrarian_v1_frozen,corporate_action,raw,CORPORATE_ACTION_FREEZE,2023-06-13T09:25:00+08:00,,,,,,,,,,,,,,,,,,2023-06-13,unknown_corporate_action_type,0.0,0.0,,
vls_mom_contrarian_v1_frozen,corporate_action,raw,CORPORATE_ACTION_FREEZE,2023-06-13T09:25:00+08:00,,,,,,,,,,,,,,,,,,2023-06-13,CORPORATE_ACTION_UNKNOWN_FAIL_CLOSED,0.0,0.0,,
vls_mom_contrarian_v1_frozen,corporate_action,raw,CORPORATE_ACTION_FREEZE,2023-06-14T09:25:00+08:00,,,,,,,,,,,,,,,,,,2023-06-14,unknown_corporate_action_type,0.0,0.0,,
vls_mom_contrarian_v1_frozen,corporate_action,raw,CORPORATE_ACTION_FREEZE,2023-06-14T09:25:00+08:00,,,,,,,,,,,,,,,,,,2023-06-14,CORPORATE_ACTION_UNKNOWN_FAIL_CLOSED,0.0,0.0,,
vls_mom_contrarian_v1_frozen,corporate_action,raw,CORPORATE_ACTION_FREEZE,2023-06-15T09:25:00+08:00,,,,,,,,,,,,,,,,,,2023-06-15,unknown_corporate_action_type,0.0,0.0,,
vls_mom_contrarian_v1_frozen,corporate_action,raw,CORPORATE_ACTION_FREEZE,2023-06-15T09:25:00+08:00,,,,,,,,,,,,,,,,,,2023-06-15,CORPORATE_ACTION_UNKNOWN_FAIL_CLOSED,0.0,0.0,,
vls_mom_contrarian_v1_frozen,corporate_action,raw,CORPORATE_ACTION_FREEZE,2023-06-16T09:25:00+08:00,,,,,,,,,,,,,,,,,,2023-06-16,unknown_corporate_action_type,0.0,0.0,,
vls_mom_contrarian_v1_frozen,corporate_action,raw,CORPORATE_ACTION_FREEZE,2023-06-16T09:25:00+08:00,,,,,,,,,,,,,,,,,,2023-06-16,CORPORATE_ACTION_UNKNOWN_FAIL_CLOSED,0.0,0.0,,
vls_mom_contrarian_v1_frozen,corporate_action,raw,CORPORATE_ACTION_FREEZE,2023-06-19T09:25:00+08:00,,,,,,,,,,,,,,,,,,2023-06-19,unknown_corporate_action_type,0.0,0.0,,
vls_mom_contrarian_v1_frozen,corporate_action,raw,CORPORATE_ACTION_FREEZE,2023-06-19T09:25:00+08:00,,,,,,,,,,,,,,,,,,2023-06-19,CORPORATE_ACTION_UNKNOWN_FAIL_CLOSED,0.0,0.0,,
vls_mom_contrarian_v1_frozen,corporate_action,raw,CORPORATE_ACTION_FREEZE,2023-06-20T09:25:00+08:00,,,,,,,,,,,,,,,,,,2023-06-20,unknown_corporate_action_type,0.0,0.0,,
vls_mom_contrarian_v1_frozen,corporate_action,raw,CORPORATE_ACTION_FREEZE,2023-06-20T09:25:00+08:00,,,,,,,,,,,,,,,,,,2023-06-20,CORPORATE_ACTION_UNKNOWN_FAIL_CLOSED,0.0,0.0,,
vls_mom_contrarian_v1_frozen,corporate_action,raw,CORPORATE_ACTION_FREEZE,2023-06-21T09:25:00+08:00,,,,,,,,,,,,,,,,,,2023-06-21,unknown_corporate_action_type,0.0,0.0,,
vls_mom_contrarian_v1_frozen,corporate_action,raw,CORPORATE_ACTION_FREEZE,2023-06-21T09:25:00+08:00,,,,,,,,,,,,,,,,,,2023-06-21,CORPORATE_ACTION_UNKNOWN_FAIL_CLOSED,0.0,0.0,,
vls_mom_contrarian_v1_frozen,corporate_action,raw,CORPORATE_ACTION_FREEZE,2023-06-26T09:25:00+08:00,,,,,,,,,,,,,,,,,,2023-06-26,unknown_corporate_action_type,0.0,0.0,,
vls_mom_contrarian_v1_frozen,corporate_action,raw,CORPORATE_ACTION_FREEZE,2023-06-26T09:25:00+08:00,,,,,,,,,,,,,,,,,,2023-06-26,CORPORATE_ACTION_UNKNOWN_FAIL_CLOSED,0.0,0.0,,
vls_mom_contrarian_v1_frozen,corporate_action,raw,CORPORATE_ACTION_FREEZE,2023-06-27T09:25:00+08:00,,,,,,,,,,,,,,,,,,2023-06-27,unknown_corporate_action_type,0.0,0.0,,
vls_mom_contrarian_v1_frozen,corporate_action,raw,CORPORATE_ACTION_FREEZE,2023-06-27T09:25:00+08:00,,,,,,,,,,,,,,,,,,2023-06-27,CORPORATE_ACTION_UNKNOWN_FAIL_CLOSED,0.0,0.0,,
vls_mom_contrarian_v1_frozen,corporate_action,raw,CORPORATE_ACTION_FREEZE,2023-06-28T09:25:00+08:00,,,,,,,,,,,,,,,,,,2023-06-28,unknown_corporate_action_type,0.0,0.0,,
vls_mom_contrarian_v1_frozen,corporate_action,raw,CORPORATE_ACTION_FREEZE,2023-06-28T09:25:00+08:00,,,,,,,,,,,,,,,,,,2023-06-28,CORPORATE_ACTION_UNKNOWN_FAIL_CLOSED,0.0,0.0,,
vls_mom_contrarian_v1_frozen,corporate_action,raw,CORPORATE_ACTION_FREEZE,2023-06-29T09:25:00+08:00,,,,,,,,,,,,,,,,,,2023-06-29,unknown_corporate_action_type,0.0,0.0,,
vls_mom_contrarian_v1_frozen,corporate_action,raw,CORPORATE_ACTION_FREEZE,2023-06-29T09:25:00+08:00,,,,,,,,,,,,,,,,,,2023-06-29,CORPORATE_ACTION_UNKNOWN_FAIL_CLOSED,0.0,0.0,,
vls_mom_contrarian_v1_frozen,corporate_action,raw,CORPORATE_ACTION_FREEZE,2023-06-30T09:25:00+08:00,,,,,,,,,,,,,,,,,,2023-06-30,unknown_corporate_action_type,0.0,0.0,,
vls_mom_contrarian_v1_frozen,corporate_action,raw,CORPORATE_ACTION_FREEZE,2023-06-30T09:25:00+08:00,,,,,,,,,,,,,,,,,,2023-06-30,CORPORATE_ACTION_UNKNOWN_FAIL_CLOSED,0.0,0.0,,
vls_mom_contrarian_v1_frozen,corporate_action,raw,CORPORATE_ACTION_FREEZE,2023-07-03T09:25:00+08:00,,,,,,,,,,,,,,,,,,2023-07-03,unknown_corporate_action_type,0.0,0.0,,
vls_mom_contrarian_v1_frozen,corporate_action,raw,CORPORATE_ACTION_FREEZE,2023-07-03T09:25:00+08:00,,,,,,,,,,,,,,,,,,2023-07-03,CORPORATE_ACTION_UNKNOWN_FAIL_CLOSED,0.0,0.0,,
vls_mom_contrarian_v1_frozen,corporate_action,raw,CORPORATE_ACTION_FREEZE,2023-07-04T09:25:00+08:00,,,,,,,,,,,,,,,,,,2023-07-04,unknown_corporate_action_type,0.0,0.0,,
vls_mom_contrarian_v1_frozen,corporate_action,raw,CORPORATE_ACTION_FREEZE,2023-07-04T09:25:00+08:00,,,,,,,,,,,,,,,,,,2023-07-04,CORPORATE_ACTION_UNKNOWN_FAIL_CLOSED,0.0,0.0,,
vls_mom_contrarian_v1_frozen,corporate_action,raw,CORPORATE_ACTION_FREEZE,2023-07-05T09:25:00+08:00,,,,,,,,,,,,,,,,,,2023-07-05,unknown_corporate_action_type,0.0,0.0,,
vls_mom_contrarian_v1_frozen,corporate_action,raw,CORPORATE_ACTION_FREEZE,2023-07-05T09:25:00+08:00,,,,,,,,,,,,,,,,,,2023-07-05,CORPORATE_ACTION_UNKNOWN_FAIL_CLOSED,0.0,0.0,,
vls_mom_contrarian_v1_frozen,corporate_action,raw,CORPORATE_ACTION_FREEZE,2023-07-06T09:25:00+08:00,,,,,,,,,,,,,,,,,,2023-07-06,unknown_corporate_action_type,0.0,0.0,,
vls_mom_contrarian_v1_frozen,corporate_action,raw,CORPORATE_ACTION_FREEZE,2023-07-06T09:25:00+08:00,,,,,,,,,,,,,,,,,,2023-07-06,CORPORATE_ACTION_UNKNOWN_FAIL_CLOSED,0.0,0.0,,
vls_mom_contrarian_v1_frozen,corporate_action,raw,CORPORATE_ACTION_FREEZE,2023-07-07T09:25:00+08:00,,,,,,,,,,,,,,,,,,2023-07-07,unknown_corporate_action_type,0.0,0.0,,
vls_mom_contrarian_v1_frozen,corporate_action,raw,CORPORATE_ACTION_FREEZE,2023-07-07T09:25:00+08:00,,,,,,,,,,,,,,,,,,2023-07-07,CORPORATE_ACTION_UNKNOWN_FAIL_CLOSED,0.0,0.0,,
vls_mom_contrarian_v1_frozen,corporate_action,raw,CORPORATE_ACTION_FREEZE,2023-07-10T09:25:00+08:00,,,,,,,,,,,,,,,,,,2023-07-10,unknown_corporate_action_type,0.0,0.0,,
vls_mom_contrarian_v1_frozen,corporate_action,raw,CORPORATE_ACTION_FREEZE,2023-07-10T09:25:00+08:00,,,,,,,,,,,,,,,,,,2023-07-10,CORPORATE_ACTION_UNKNOWN_FAIL_CLOSED,0.0,0.0,,
vls_mom_contrarian_v1_frozen,corporate_action,raw,CORPORATE_ACTION_FREEZE,2023-07-11T09:25:00+08:00,,,,,,,,,,,,,,,,,,2023-07-11,unknown_corporate_action_type,0.0,0.0,,
vls_mom_contrarian_v1_frozen,corporate_action,raw,CORPORATE_ACTION_FREEZE,2023-07-11T09:25:00+08:00,,,,,,,,,,,,,,,,,,2023-07-11,CORPORATE_ACTION_UNKNOWN_FAIL_CLOSED,0.0,0.0,,
vls_mom_contrarian_v1_frozen,corporate_action,raw,CORPORATE_ACTION_FREEZE,2023-07-12T09:25:00+08:00,,,,,,,,,,,,,,,,,,2023-07-12,unknown_corporate_action_type,0.0,0.0,,
vls_mom_contrarian_v1_frozen,corporate_action,raw,CORPORATE_ACTION_FREEZE,2023-07-12T09:25:00+08:00,,,,,,,,,,,,,,,,,,2023-07-12,CORPORATE_ACTION_UNKNOWN_FAIL_CLOSED,0.0,0.0,,
vls_mom_contrarian_v1_frozen,corporate_action,raw,CORPORATE_ACTION_FREEZE,2023-07-13T09:25:00+08:00,,,,,,,,,,,,,,,,,,2023-07-13,unknown_corporate_action_type,0.0,0.0,,
vls_mom_contrarian_v1_frozen,corporate_action,raw,CORPORATE_ACTION_FREEZE,2023-07-13T09:25:00+08:00,,,,,,,,,,,,,,,,,,2023-07-13,CORPORATE_ACTION_UNKNOWN_FAIL_CLOSED,0.0,0.0,,
vls_mom_contrarian_v1_frozen,corporate_action,raw,CORPORATE_ACTION_FREEZE,2023-07-14T09:25:00+08:00,,,,,,,,,,,,,,,,,,2023-07-14,unknown_corporate_action_type,0.0,0.0,,
vls_mom_contrarian_v1_frozen,corporate_action,raw,CORPORATE_ACTION_FREEZE,2023-07-14T09:25:00+08:00,,,,,,,,,,,,,,,,,,2023-07-14,CORPORATE_ACTION_UNKNOWN_FAIL_CLOSED,0.0,0.0,,
vls_mom_contrarian_v1_frozen,corporate_action,raw,CORPORATE_ACTION_FREEZE,2023-07-17T09:25:00+08:00,,,,,,,,,,,,,,,,,,2023-07-17,unknown_corporate_action_type,0.0,0.0,,
vls_mom_contrarian_v1_frozen,corporate_action,raw,CORPORATE_ACTION_FREEZE,2023-07-17T09:25:00+08:00,,,,,,,,,,,,,,,,,,2023-07-17,CORPORATE_ACTION_UNKNOWN_FAIL_CLOSED,0.0,0.0,,
vls_mom_contrarian_v1_frozen,corporate_action,raw,CORPORATE_ACTION_FREEZE,2023-07-18T09:25:00+08:00,,,,,,,,,,,,,,,,,,2023-07-18,unknown_corporate_action_type,0.0,0.0,,
vls_mom_contrarian_v1_frozen,corporate_action,raw,CORPORATE_ACTION_FREEZE,2023-07-18T09:25:00+08:00,,,,,,,,,,,,,,,,,,2023-07-18,CORPORATE_ACTION_UNKNOWN_FAIL_CLOSED,0.0,0.0,,
vls_mom_contrarian_v1_frozen,corporate_action,raw,CORPORATE_ACTION_FREEZE,2023-07-19T09:25:00+08:00,,,,,,,,,,,,,,,,,,2023-07-19,unknown_corporate_action_type,0.0,0.0,,
vls_mom_contrarian_v1_frozen,corporate_action,raw,CORPORATE_ACTION_FREEZE,2023-07-19T09:25:00+08:00,,,,,,,,,,,,,,,,,,2023-07-19,CORPORATE_ACTION_UNKNOWN_FAIL_CLOSED,0.0,0.0,,
vls_mom_contrarian_v1_frozen,corporate_action,raw,CORPORATE_ACTION_FREEZE,2023-07-20T09:25:00+08:00,,,,,,,,,,,,,,,,,,2023-07-20,unknown_corporate_action_type,0.0,0.0,,
vls_mom_contrarian_v1_frozen,corporate_action,raw,CORPORATE_ACTION_FREEZE,2023-07-20T09:25:00+08:00,,,,,,,,,,,,,,,,,,2023-07-20,CORPORATE_ACTION_UNKNOWN_FAIL_CLOSED,0.0,0.0,,
vls_mom_contrarian_v1_frozen,corporate_action,raw,CORPORATE_ACTION_FREEZE,2023-07-21T09:25:00+08:00,,,,,,,,,,,,,,,,,,2023-07-21,unknown_corporate_action_type,0.0,0.0,,
vls_mom_contrarian_v1_frozen,corporate_action,raw,CORPORATE_ACTION_FREEZE,2023-07-21T09:25:00+08:00,,,,,,,,,,,,,,,,,,2023-07-21,CORPORATE_ACTION_UNKNOWN_FAIL_CLOSED,0.0,0.0,,
vls_mom_contrarian_v1_frozen,corporate_action,raw,CORPORATE_ACTION_FREEZE,2023-07-24T09:25:00+08:00,,,,,,,,,,,,,,,,,,2023-07-24,unknown_corporate_action_type,0.0,0.0,,
vls_mom_contrarian_v1_frozen,corporate_action,raw,CORPORATE_ACTION_FREEZE,2023-07-24T09:25:00+08:00,,,,,,,,,,,,,,,,,,2023-07-24,CORPORATE_ACTION_UNKNOWN_FAIL_CLOSED,0.0,0.0,,
vls_mom_contrarian_v1_frozen,corporate_action,raw,CORPORATE_ACTION_FREEZE,2023-07-25T09:25:00+08:00,,,,,,,,,,,,,,,,,,2023-07-25,unknown_corporate_action_type,0.0,0.0,,
vls_mom_contrarian_v1_frozen,corporate_action,raw,CORPORATE_ACTION_FREEZE,2023-07-25T09:25:00+08:00,,,,,,,,,,,,,,,,,,2023-07-25,CORPORATE_ACTION_UNKNOWN_FAIL_CLOSED,0.0,0.0,,
vls_mom_contrarian_v1_frozen,corporate_action,raw,CORPORATE_ACTION_FREEZE,2023-07-26T09:25:00+08:00,,,,,,,,,,,,,,,,,,2023-07-26,unknown_corporate_action_type,0.0,0.0,,
vls_mom_contrarian_v1_frozen,corporate_action,raw,CORPORATE_ACTION_FREEZE,2023-07-26T09:25:00+08:00,,,,,,,,,,,,,,,,,,2023-07-26,CORPORATE_ACTION_UNKNOWN_FAIL_CLOSED,0.0,0.0,,
vls_mom_contrarian_v1_frozen,corporate_action,raw,CORPORATE_ACTION_FREEZE,2023-07-27T09:25:00+08:00,,,,,,,,,,,,,,,,,,2023-07-27,unknown_corporate_action_type,0.0,0.0,,
vls_mom_contrarian_v1_frozen,corporate_action,raw,CORPORATE_ACTION_FREEZE,2023-07-27T09:25:00+08:00,,,,,,,,,,,,,,,,,,2023-07-27,CORPORATE_ACTION_UNKNOWN_FAIL_CLOSED,0.0,0.0,,
vls_mom_contrarian_v1_frozen,corporate_action,raw,CORPORATE_ACTION_FREEZE,2023-07-28T09:25:00+08:00,,,,,,,,,,,,,,,,,,2023-07-28,unknown_corporate_action_type,0.0,0.0,,
vls_mom_contrarian_v1_frozen,corporate_action,raw,CORPORATE_ACTION_FREEZE,2023-07-28T09:25:00+08:00,,,,,,,,,,,,,,,,,,2023-07-28,CORPORATE_ACTION_UNKNOWN_FAIL_CLOSED,0.0,0.0,,
vls_mom_contrarian_v1_frozen,corporate_action,raw,CORPORATE_ACTION_FREEZE,2023-07-31T09:25:00+08:00,,,,,,,,,,,,,,,,,,2023-07-31,unknown_corporate_action_type,0.0,0.0,,
vls_mom_contrarian_v1_frozen,corporate_action,raw,CORPORATE_ACTION_FREEZE,2023-07-31T09:25:00+08:00,,,,,,,,,,,,,,,,,,2023-07-31,CORPORATE_ACTION_UNKNOWN_FAIL_CLOSED,0.0,0.0,,
vls_mom_contrarian_v1_frozen,corporate_action,raw,CORPORATE_ACTION_FREEZE,2023-08-01T09:25:00+08:00,,,,,,,,,,,,,,,,,,2023-08-01,unknown_corporate_action_type,0.0,0.0,,
vls_mom_contrarian_v1_frozen,corporate_action,raw,CORPORATE_ACTION_FREEZE,2023-08-01T09:25:00+08:00,,,,,,,,,,,,,,,,,,2023-08-01,CORPORATE_ACTION_UNKNOWN_FAIL_CLOSED,0.0,0.0,,
vls_mom_contrarian_v1_frozen,corporate_action,raw,CORPORATE_ACTION_FREEZE,2023-08-02T09:25:00+08:00,,,,,,,,,,,,,,,,,,2023-08-02,unknown_corporate_action_type,0.0,0.0,,
vls_mom_contrarian_v1_frozen,corporate_action,raw,CORPORATE_ACTION_FREEZE,2023-08-02T09:25:00+08:00,,,,,,,,,,,,,,,,,,2023-08-02,CORPORATE_ACTION_UNKNOWN_FAIL_CLOSED,0.0,0.0,,
vls_mom_contrarian_v1_frozen,corporate_action,raw,CORPORATE_ACTION_FREEZE,2023-08-03T09:25:00+08:00,,,,,,,,,,,,,,,,,,2023-08-03,unknown_corporate_action_type,0.0,0.0,,
vls_mom_contrarian_v1_frozen,corporate_action,raw,CORPORATE_ACTION_FREEZE,2023-08-03T09:25:00+08:00,,,,,,,,,,,,,,,,,,2023-08-03,CORPORATE_ACTION_UNKNOWN_FAIL_CLOSED,0.0,0.0,,
vls_mom_contrarian_v1_frozen,corporate_action,raw,CORPORATE_ACTION_FREEZE,2023-08-04T09:25:00+08:00,,,,,,,,,,,,,,,,,,2023-08-04,unknown_corporate_action_type,0.0,0.0,,
vls_mom_contrarian_v1_frozen,corporate_action,raw,CORPORATE_ACTION_FREEZE,2023-08-04T09:25:00+08:00,,,,,,,,,,,,,,,,,,2023-08-04,CORPORATE_ACTION_UNKNOWN_FAIL_CLOSED,0.0,0.0,,
vls_mom_contrarian_v1_frozen,corporate_action,raw,CORPORATE_ACTION_FREEZE,2023-08-07T09:25:00+08:00,,,,,,,,,,,,,,,,,,2023-08-07,unknown_corporate_action_type,0.0,0.0,,
vls_mom_contrarian_v1_frozen,corporate_action,raw,CORPORATE_ACTION_FREEZE,2023-08-07T09:25:00+08:00,,,,,,,,,,,,,,,,,,2023-08-07,CORPORATE_ACTION_UNKNOWN_FAIL_CLOSED,0.0,0.0,,
vls_mom_contrarian_v1_frozen,corporate_action,raw,CORPORATE_ACTION_FREEZE,2023-08-08T09:25:00+08:00,,,,,,,,,,,,,,,,,,2023-08-08,unknown_corporate_action_type,0.0,0.0,,
vls_mom_contrarian_v1_frozen,corporate_action,raw,CORPORATE_ACTION_FREEZE,2023-08-08T09:25:00+08:00,,,,,,,,,,,,,,,,,,2023-08-08,CORPORATE_ACTION_UNKNOWN_FAIL_CLOSED,0.0,0.0,,
vls_mom_contrarian_v1_frozen,corporate_action,raw,CORPORATE_ACTION_FREEZE,2023-08-09T09:25:00+08:00,,,,,,,,,,,,,,,,,,2023-08-09,unknown_corporate_action_type,0.0,0.0,,
vls_mom_contrarian_v1_frozen,corporate_action,raw,CORPORATE_ACTION_FREEZE,2023-08-09T09:25:00+08:00,,,,,,,,,,,,,,,,,,2023-08-09,CORPORATE_ACTION_UNKNOWN_FAIL_CLOSED,0.0,0.0,,
vls_mom_contrarian_v1_frozen,corporate_action,raw,CORPORATE_ACTION_FREEZE,2023-08-10T09:25:00+08:00,,,,,,,,,,,,,,,,,,2023-08-10,unknown_corporate_action_type,0.0,0.0,,
vls_mom_contrarian_v1_frozen,corporate_action,raw,CORPORATE_ACTION_FREEZE,2023-08-10T09:25:00+08:00,,,,,,,,,,,,,,,,,,2023-08-10,CORPORATE_ACTION_UNKNOWN_FAIL_CLOSED,0.0,0.0,,
vls_mom_contrarian_v1_frozen,corporate_action,raw,CORPORATE_ACTION_FREEZE,2023-08-11T09:25:00+08:00,,,,,,,,,,,,,,,,,,2023-08-11,unknown_corporate_action_type,0.0,0.0,,
vls_mom_contrarian_v1_frozen,corporate_action,raw,CORPORATE_ACTION_FREEZE,2023-08-11T09:25:00+08:00,,,,,,,,,,,,,,,,,,2023-08-11,CORPORATE_ACTION_UNKNOWN_FAIL_CLOSED,0.0,0.0,,
vls_mom_contrarian_v1_frozen,corporate_action,raw,CORPORATE_ACTION_FREEZE,2023-08-14T09:25:00+08:00,,,,,,,,,,,,,,,,,,2023-08-14,unknown_corporate_action_type,0.0,0.0,,
vls_mom_contrarian_v1_frozen,corporate_action,raw,CORPORATE_ACTION_FREEZE,2023-08-14T09:25:00+08:00,,,,,,,,,,,,,,,,,,2023-08-14,CORPORATE_ACTION_UNKNOWN_FAIL_CLOSED,0.0,0.0,,
vls_mom_contrarian_v1_frozen,corporate_action,raw,CORPORATE_ACTION_FREEZE,2023-08-15T09:25:00+08:00,,,,,,,,,,,,,,,,,,2023-08-15,unknown_corporate_action_type,0.0,0.0,,
vls_mom_contrarian_v1_frozen,corporate_action,raw,CORPORATE_ACTION_FREEZE,2023-08-15T09:25:00+08:00,,,,,,,,,,,,,,,,,,2023-08-15,CORPORATE_ACTION_UNKNOWN_FAIL_CLOSED,0.0,0.0,,
vls_mom_contrarian_v1_frozen,corporate_action,raw,CORPORATE_ACTION_FREEZE,2023-08-16T09:25:00+08:00,,,,,,,,,,,,,,,,,,2023-08-16,unknown_corporate_action_type,0.0,0.0,,
vls_mom_contrarian_v1_frozen,corporate_action,raw,CORPORATE_ACTION_FREEZE,2023-08-16T09:25:00+08:00,,,,,,,,,,,,,,,,,,2023-08-16,CORPORATE_ACTION_UNKNOWN_FAIL_CLOSED,0.0,0.0,,
vls_mom_contrarian_v1_frozen,corporate_action,raw,CORPORATE_ACTION_FREEZE,2023-08-17T09:25:00+08:00,,,,,,,,,,,,,,,,,,2023-08-17,unknown_corporate_action_type,0.0,0.0,,
vls_mom_contrarian_v1_frozen,corporate_action,raw,CORPORATE_ACTION_FREEZE,2023-08-17T09:25:00+08:00,,,,,,,,,,,,,,,,,,2023-08-17,CORPORATE_ACTION_UNKNOWN_FAIL_CLOSED,0.0,0.0,,
vls_mom_contrarian_v1_frozen,corporate_action,raw,CORPORATE_ACTION_FREEZE,2023-08-18T09:25:00+08:00,,,,,,,,,,,,,,,,,,2023-08-18,unknown_corporate_action_type,0.0,0.0,,
vls_mom_contrarian_v1_frozen,corporate_action,raw,CORPORATE_ACTION_FREEZE,2023-08-18T09:25:00+08:00,,,,,,,,,,,,,,,,,,2023-08-18,CORPORATE_ACTION_UNKNOWN_FAIL_CLOSED,0.0,0.0,,
vls_mom_contrarian_v1_frozen,corporate_action,raw,CORPORATE_ACTION_FREEZE,2023-08-21T09:25:00+08:00,,,,,,,,,,,,,,,,,,2023-08-21,unknown_corporate_action_type,0.0,0.0,,
vls_mom_contrarian_v1_frozen,corporate_action,raw,CORPORATE_ACTION_FREEZE,2023-08-21T09:25:00+08:00,,,,,,,,,,,,,,,,,,2023-08-21,CORPORATE_ACTION_UNKNOWN_FAIL_CLOSED,0.0,0.0,,
vls_mom_contrarian_v1_frozen,corporate_action,raw,CORPORATE_ACTION_FREEZE,2023-08-22T09:25:00+08:00,,,,,,,,,,,,,,,,,,2023-08-22,unknown_corporate_action_type,0.0,0.0,,
vls_mom_contrarian_v1_frozen,corporate_action,raw,CORPORATE_ACTION_FREEZE,2023-08-22T09:25:00+08:00,,,,,,,,,,,,,,,,,,2023-08-22,CORPORATE_ACTION_UNKNOWN_FAIL_CLOSED,0.0,0.0,,
vls_mom_contrarian_v1_frozen,corporate_action,raw,CORPORATE_ACTION_FREEZE,2023-08-23T09:25:00+08:00,,,,,,,,,,,,,,,,,,2023-08-23,unknown_corporate_action_type,0.0,0.0,,
vls_mom_contrarian_v1_frozen,corporate_action,raw,CORPORATE_ACTION_FREEZE,2023-08-23T09:25:00+08:00,,,,,,,,,,,,,,,,,,2023-08-23,CORPORATE_ACTION_UNKNOWN_FAIL_CLOSED,0.0,0.0,,
vls_mom_contrarian_v1_frozen,corporate_action,raw,CORPORATE_ACTION_FREEZE,2023-08-24T09:25:00+08:00,,,,,,,,,,,,,,,,,,2023-08-24,unknown_corporate_action_type,0.0,0.0,,
vls_mom_contrarian_v1_frozen,corporate_action,raw,CORPORATE_ACTION_FREEZE,2023-08-24T09:25:00+08:00,,,,,,,,,,,,,,,,,,2023-08-24,CORPORATE_ACTION_UNKNOWN_FAIL_CLOSED,0.0,0.0,,
vls_mom_contrarian_v1_frozen,corporate_action,raw,CORPORATE_ACTION_FREEZE,2023-08-25T09:25:00+08:00,,,,,,,,,,,,,,,,,,2023-08-25,unknown_corporate_action_type,0.0,0.0,,
vls_mom_contrarian_v1_frozen,corporate_action,raw,CORPORATE_ACTION_FREEZE,2023-08-25T09:25:00+08:00,,,,,,,,,,,,,,,,,,2023-08-25,CORPORATE_ACTION_UNKNOWN_FAIL_CLOSED,0.0,0.0,,
vls_mom_contrarian_v1_frozen,corporate_action,raw,CORPORATE_ACTION_FREEZE,2023-08-28T09:25:00+08:00,,,,,,,,,,,,,,,,,,2023-08-28,unknown_corporate_action_type,0.0,0.0,,
vls_mom_contrarian_v1_frozen,corporate_action,raw,CORPORATE_ACTION_FREEZE,2023-08-28T09:25:00+08:00,,,,,,,,,,,,,,,,,,2023-08-28,CORPORATE_ACTION_UNKNOWN_FAIL_CLOSED,0.0,0.0,,
vls_mom_contrarian_v1_frozen,corporate_action,raw,CORPORATE_ACTION_FREEZE,2023-08-29T09:25:00+08:00,,,,,,,,,,,,,,,,,,2023-08-29,unknown_corporate_action_type,0.0,0.0,,
vls_mom_contrarian_v1_frozen,corporate_action,raw,CORPORATE_ACTION_FREEZE,2023-08-29T09:25:00+08:00,,,,,,,,,,,,,,,,,,2023-08-29,CORPORATE_ACTION_UNKNOWN_FAIL_CLOSED,0.0,0.0,,
vls_mom_contrarian_v1_frozen,corporate_action,raw,CORPORATE_ACTION_FREEZE,2023-08-30T09:25:00+08:00,,,,,,,,,,,,,,,,,,2023-08-30,unknown_corporate_action_type,0.0,0.0,,
vls_mom_contrarian_v1_frozen,corporate_action,raw,CORPORATE_ACTION_FREEZE,2023-08-30T09:25:00+08:00,,,,,,,,,,,,,,,,,,2023-08-30,CORPORATE_ACTION_UNKNOWN_FAIL_CLOSED,0.0,0.0,,
vls_mom_contrarian_v1_frozen,corporate_action,raw,CORPORATE_ACTION_FREEZE,2023-08-31T09:25:00+08:00,,,,,,,,,,,,,,,,,,2023-08-31,unknown_corporate_action_type,0.0,0.0,,
vls_mom_contrarian_v1_frozen,corporate_action,raw,CORPORATE_ACTION_FREEZE,2023-08-31T09:25:00+08:00,,,,,,,,,,,,,,,,,,2023-08-31,CORPORATE_ACTION_UNKNOWN_FAIL_CLOSED,0.0,0.0,,
vls_mom_contrarian_v1_frozen,corporate_action,raw,CORPORATE_ACTION_FREEZE,2023-09-01T09:25:00+08:00,,,,,,,,,,,,,,,,,,2023-09-01,unknown_corporate_action_type,0.0,0.0,,
vls_mom_contrarian_v1_frozen,corporate_action,raw,CORPORATE_ACTION_FREEZE,2023-09-01T09:25:00+08:00,,,,,,,,,,,,,,,,,,2023-09-01,CORPORATE_ACTION_UNKNOWN_FAIL_CLOSED,0.0,0.0,,
vls_mom_contrarian_v1_frozen,order,raw,PLANNED,2023-09-01T15:00:00+08:00,000032,SELL,1000.0,26.65,26650.0,19.9875,2023-09-01,2023-09-04,2023-09-01:000032:SELL,0.00075,100.0,,,,,,,,,,,,
vls_mom_contrarian_v1_frozen,order,raw,FILLED,2023-09-04T09:30:00+08:00,000032,SELL,1000.0,,,,2023-09-01,2023-09-04,2023-09-01:000032:SELL,,,1000.0,26.62335,26623.35,19.967512499999998,,0.0,,,,,,
vls_mom_contrarian_v1_frozen,order,raw,PLANNED,2023-09-01T15:00:00+08:00,002230,SELL,900.0,54.66,49194.0,36.8955,2023-09-01,2023-09-04,2023-09-01:002230:SELL,0.00075,100.0,,,,,,,,,,,,
vls_mom_contrarian_v1_frozen,order,raw,FILLED,2023-09-04T09:30:00+08:00,002230,SELL,900.0,,,,2023-09-01,2023-09-04,2023-09-01:002230:SELL,,,900.0,54.60534,49144.806,36.8586045,,0.0,,,,,,
vls_mom_contrarian_v1_frozen,order,raw,PLANNED,2023-09-01T15:00:00+08:00,002268,SELL,1200.0,24.97,29964.0,22.473,2023-09-01,2023-09-04,2023-09-01:002268:SELL,0.00075,100.0,,,,,,,,,,,,
vls_mom_contrarian_v1_frozen,order,raw,FILLED,2023-09-04T09:30:00+08:00,002268,SELL,1200.0,,,,2023-09-01,2023-09-04,2023-09-01:002268:SELL,,,1200.0,24.94503,29934.036,22.450527,,0.0,,,,,,
vls_mom_contrarian_v1_frozen,order,raw,PLANNED,2023-09-01T15:00:00+08:00,600570,SELL,1000.0,36.35,36350.0,27.2625,2023-09-01,2023-09-04,2023-09-01:600570:SELL,0.00075,100.0,,,,,,,,,,,,
vls_mom_contrarian_v1_frozen,order,raw,FILLED,2023-09-04T09:30:00+08:00,600570,SELL,1000.0,,,,2023-09-01,2023-09-04,2023-09-01:600570:SELL,,,1000.0,36.31365,36313.65,27.2352375,,0.0,,,,,,
vls_mom_contrarian_v1_frozen,order,raw,PLANNED,2023-09-01T15:00:00+08:00,600588,SELL,1500.0,18.02,27030.0,20.2725,2023-09-01,2023-09-04,2023-09-01:600588:SELL,0.00075,100.0,,,,,,,,,,,,
vls_mom_contrarian_v1_frozen,order,raw,FILLED,2023-09-04T09:30:00+08:00,600588,SELL,1500.0,,,,2023-09-01,2023-09-04,2023-09-01:600588:SELL,,,1500.0,18.00198,27002.97,20.2522275,,0.0,,,,,,
vls_mom_contrarian_v1_frozen,order,raw,PLANNED,2023-09-01T15:00:00+08:00,000596,BUY,100.0,321.73900000000003,32173.9,24.130425000000002,2023-09-01,2023-09-04,2023-09-01:000596:BUY,0.00075,100.0,,,,,,,,,,,,
vls_mom_contrarian_v1_frozen,order,raw,FILLED,2023-09-04T09:30:00+08:00,000596,BUY,100.0,,,,2023-09-01,2023-09-04,2023-09-01:000596:BUY,,,100.0,292.66236999999995,29266.236999999994,21.949677749999996,,0.0,,,,,,
vls_mom_contrarian_v1_frozen,order,raw,PLANNED,2023-09-01T15:00:00+08:00,600760,BUY,700.0,48.97,34279.0,25.70925,2023-09-01,2023-09-04,2023-09-01:600760:BUY,0.00075,100.0,,,,,,,,,,,,
vls_mom_contrarian_v1_frozen,order,raw,FILLED,2023-09-04T09:30:00+08:00,600760,BUY,700.0,,,,2023-09-01,2023-09-04,2023-09-01:600760:BUY,,,700.0,44.514469999999996,31160.128999999997,23.37009675,,0.0,,,,,,
vls_mom_contrarian_v1_frozen,order,raw,PLANNED,2023-09-01T15:00:00+08:00,600809,BUY,100.0,274.12,27412.0,20.559,2023-09-01,2023-09-04,2023-09-01:600809:BUY,0.00075,100.0,,,,,,,,,,,,
vls_mom_contrarian_v1_frozen,order,raw,FILLED,2023-09-04T09:30:00+08:00,600809,BUY,100.0,,,,2023-09-01,2023-09-04,2023-09-01:600809:BUY,,,100.0,254.0538,25405.38,19.054035000000002,,0.0,,,,,,
vls_mom_contrarian_v1_frozen,order,raw,PLANNED,2023-09-01T15:00:00+08:00,603000,BUY,700.0,43.86800000000001,30707.600000000006,23.030700000000007,2023-09-01,2023-09-04,2023-09-01:603000:BUY,0.00075,100.0,,,,,,,,,,,,
vls_mom_contrarian_v1_frozen,order,raw,FILLED,2023-09-04T09:30:00+08:00,603000,BUY,700.0,,,,2023-09-01,2023-09-04,2023-09-01:603000:BUY,,,700.0,39.62959,27740.713,20.80553475,,0.0,,,,,,
vls_mom_contrarian_v1_frozen,order,raw,PLANNED,2023-09-01T15:00:00+08:00,603259,BUY,300.0,88.176,26452.8,19.8396,2023-09-01,2023-09-04,2023-09-01:603259:BUY,0.00075,100.0,,,,,,,,,,,,
vls_mom_contrarian_v1_frozen,order,raw,FILLED,2023-09-04T09:30:00+08:00,603259,BUY,300.0,,,,2023-09-01,2023-09-04,2023-09-01:603259:BUY,,,300.0,80.98089999999999,24294.269999999997,18.220702499999998,,0.0,,,,,,
vls_mom_contrarian_v1_frozen,corporate_action,raw,CORPORATE_ACTION_FREEZE,2023-09-05T09:25:00+08:00,,,,,,,,,,,,,,,,,,2023-09-05,unknown_corporate_action_type,0.0,0.0,,
vls_mom_contrarian_v1_frozen,corporate_action,raw,CORPORATE_ACTION_FREEZE,2023-09-05T09:25:00+08:00,,,,,,,,,,,,,,,,,,2023-09-05,CORPORATE_ACTION_UNKNOWN_FAIL_CLOSED,0.0,0.0,,
vls_mom_contrarian_v1_frozen,corporate_action,raw,CORPORATE_ACTION_FREEZE,2023-09-06T09:25:00+08:00,,,,,,,,,,,,,,,,,,2023-09-06,unknown_corporate_action_type,0.0,0.0,,
vls_mom_contrarian_v1_frozen,corporate_action,raw,CORPORATE_ACTION_FREEZE,2023-09-06T09:25:00+08:00,,,,,,,,,,,,,,,,,,2023-09-06,CORPORATE_ACTION_UNKNOWN_FAIL_CLOSED,0.0,0.0,,
vls_mom_contrarian_v1_frozen,corporate_action,raw,CORPORATE_ACTION_FREEZE,2023-09-07T09:25:00+08:00,,,,,,,,,,,,,,,,,,2023-09-07,unknown_corporate_action_type,0.0,0.0,,
vls_mom_contrarian_v1_frozen,corporate_action,raw,CORPORATE_ACTION_FREEZE,2023-09-07T09:25:00+08:00,,,,,,,,,,,,,,,,,,2023-09-07,CORPORATE_ACTION_UNKNOWN_FAIL_CLOSED,0.0,0.0,,
vls_mom_contrarian_v1_frozen,corporate_action,raw,CORPORATE_ACTION_FREEZE,2023-09-08T09:25:00+08:00,,,,,,,,,,,,,,,,,,2023-09-08,unknown_corporate_action_type,0.0,0.0,,
vls_mom_contrarian_v1_frozen,corporate_action,raw,CORPORATE_ACTION_FREEZE,2023-09-08T09:25:00+08:00,,,,,,,,,,,,,,,,,,2023-09-08,CORPORATE_ACTION_UNKNOWN_FAIL_CLOSED,0.0,0.0,,
vls_mom_contrarian_v1_frozen,corporate_action,raw,CORPORATE_ACTION_FREEZE,2023-09-11T09:25:00+08:00,,,,,,,,,,,,,,,,,,2023-09-11,unknown_corporate_action_type,0.0,0.0,,
vls_mom_contrarian_v1_frozen,corporate_action,raw,CORPORATE_ACTION_FREEZE,2023-09-11T09:25:00+08:00,,,,,,,,,,,,,,,,,,2023-09-11,CORPORATE_ACTION_UNKNOWN_FAIL_CLOSED,0.0,0.0,,
vls_mom_contrarian_v1_frozen,order,raw,PLANNED,2023-09-11T15:00:00+08:00,002415,SELL,1100.0,34.02,37422.0,28.0665,2023-09-11,2023-09-12,2023-09-11:002415:SELL,0.00075,100.0,,,,,,,,,,,,
vls_mom_contrarian_v1_frozen,order,raw,FILLED,2023-09-12T09:30:00+08:00,002415,SELL,1100.0,,,,2023-09-11,2023-09-12,2023-09-11:002415:SELL,,,1100.0,33.985980000000005,37384.57800000001,28.038433500000007,,0.0,,,,,,
vls_mom_contrarian_v1_frozen,order,raw,PLANNED,2023-09-11T15:00:00+08:00,601127,BUY,1500.0,48.917,73375.5,55.031625,2023-09-11,2023-09-12,2023-09-11:601127:BUY,0.00075,100.0,,,,,,,,,,,,
vls_mom_contrarian_v1_frozen,order,raw,FILLED,2023-09-12T09:30:00+08:00,601127,BUY,1500.0,,,,2023-09-11,2023-09-12,2023-09-11:601127:BUY,,,1500.0,45.2452,67867.79999999999,50.90084999999999,,0.0,,,,,,
vls_mom_contrarian_v1_frozen,corporate_action,raw,CORPORATE_ACTION_FREEZE,2023-09-13T09:25:00+08:00,,,,,,,,,,,,,,,,,,2023-09-13,unknown_corporate_action_type,0.0,0.0,,
vls_mom_contrarian_v1_frozen,corporate_action,raw,CORPORATE_ACTION_FREEZE,2023-09-13T09:25:00+08:00,,,,,,,,,,,,,,,,,,2023-09-13,CORPORATE_ACTION_UNKNOWN_FAIL_CLOSED,0.0,0.0,,
vls_mom_contrarian_v1_frozen,corporate_action,raw,CORPORATE_ACTION_FREEZE,2023-09-15T09:25:00+08:00,,,,,,,,,,,,,,,,,,2023-09-15,unknown_corporate_action_type,0.0,0.0,,
vls_mom_contrarian_v1_frozen,corporate_action,raw,CORPORATE_ACTION_FREEZE,2023-09-15T09:25:00+08:00,,,,,,,,,,,,,,,,,,2023-09-15,CORPORATE_ACTION_UNKNOWN_FAIL_CLOSED,0.0,0.0,,
vls_mom_contrarian_v1_frozen,corporate_action,raw,CORPORATE_ACTION_FREEZE,2023-09-18T09:25:00+08:00,,,,,,,,,,,,,,,,,,2023-09-18,unknown_corporate_action_type,0.0,0.0,,
vls_mom_contrarian_v1_frozen,corporate_action,raw,CORPORATE_ACTION_FREEZE,2023-09-18T09:25:00+08:00,,,,,,,,,,,,,,,,,,2023-09-18,CORPORATE_ACTION_UNKNOWN_FAIL_CLOSED,0.0,0.0,,
vls_mom_contrarian_v1_frozen,corporate_action,raw,CORPORATE_ACTION_FREEZE,2023-09-19T09:25:00+08:00,,,,,,,,,,,,,,,,,,2023-09-19,unknown_corporate_action_type,0.0,0.0,,
vls_mom_contrarian_v1_frozen,corporate_action,raw,CORPORATE_ACTION_FREEZE,2023-09-19T09:25:00+08:00,,,,,,,,,,,,,,,,,,2023-09-19,CORPORATE_ACTION_UNKNOWN_FAIL_CLOSED,0.0,0.0,,
vls_mom_contrarian_v1_frozen,corporate_action,raw,CORPORATE_ACTION_FREEZE,2023-09-20T09:25:00+08:00,,,,,,,,,,,,,,,,,,2023-09-20,unknown_corporate_action_type,0.0,0.0,,
vls_mom_contrarian_v1_frozen,corporate_action,raw,CORPORATE_ACTION_FREEZE,2023-09-20T09:25:00+08:00,,,,,,,,,,,,,,,,,,2023-09-20,CORPORATE_ACTION_UNKNOWN_FAIL_CLOSED,0.0,0.0,,
vls_mom_contrarian_v1_frozen,corporate_action,raw,CORPORATE_ACTION_FREEZE,2023-09-21T09:25:00+08:00,,,,,,,,,,,,,,,,,,2023-09-21,unknown_corporate_action_type,0.0,0.0,,
vls_mom_contrarian_v1_frozen,corporate_action,raw,CORPORATE_ACTION_FREEZE,2023-09-21T09:25:00+08:00,,,,,,,,,,,,,,,,,,2023-09-21,CORPORATE_ACTION_UNKNOWN_FAIL_CLOSED,0.0,0.0,,
vls_mom_contrarian_v1_frozen,corporate_action,raw,CORPORATE_ACTION_FREEZE,2023-09-22T09:25:00+08:00,,,,,,,,,,,,,,,,,,2023-09-22,unknown_corporate_action_type,0.0,0.0,,
vls_mom_contrarian_v1_frozen,corporate_action,raw,CORPORATE_ACTION_FREEZE,2023-09-22T09:25:00+08:00,,,,,,,,,,,,,,,,,,2023-09-22,CORPORATE_ACTION_UNKNOWN_FAIL_CLOSED,0.0,0.0,,
vls_mom_contrarian_v1_frozen,corporate_action,raw,CORPORATE_ACTION_FREEZE,2023-09-25T09:25:00+08:00,,,,,,,,,,,,,,,,,,2023-09-25,unknown_corporate_action_type,0.0,0.0,,
vls_mom_contrarian_v1_frozen,corporate_action,raw,CORPORATE_ACTION_FREEZE,2023-09-25T09:25:00+08:00,,,,,,,,,,,,,,,,,,2023-09-25,CORPORATE_ACTION_UNKNOWN_FAIL_CLOSED,0.0,0.0,,
vls_mom_contrarian_v1_frozen,corporate_action,raw,CORPORATE_ACTION_FREEZE,2023-09-26T09:25:00+08:00,,,,,,,,,,,,,,,,,,2023-09-26,unknown_corporate_action_type,0.0,0.0,,
vls_mom_contrarian_v1_frozen,corporate_action,raw,CORPORATE_ACTION_FREEZE,2023-09-26T09:25:00+08:00,,,,,,,,,,,,,,,,,,2023-09-26,CORPORATE_ACTION_UNKNOWN_FAIL_CLOSED,0.0,0.0,,
vls_mom_contrarian_v1_frozen,corporate_action,raw,CORPORATE_ACTION_FREEZE,2023-09-27T09:25:00+08:00,,,,,,,,,,,,,,,,,,2023-09-27,unknown_corporate_action_type,0.0,0.0,,
vls_mom_contrarian_v1_frozen,corporate_action,raw,CORPORATE_ACTION_FREEZE,2023-09-27T09:25:00+08:00,,,,,,,,,,,,,,,,,,2023-09-27,CORPORATE_ACTION_UNKNOWN_FAIL_CLOSED,0.0,0.0,,
vls_mom_contrarian_v1_frozen,corporate_action,raw,CORPORATE_ACTION_FREEZE,2023-09-28T09:25:00+08:00,,,,,,,,,,,,,,,,,,2023-09-28,unknown_corporate_action_type,0.0,0.0,,
vls_mom_contrarian_v1_frozen,corporate_action,raw,CORPORATE_ACTION_FREEZE,2023-09-28T09:25:00+08:00,,,,,,,,,,,,,,,,,,2023-09-28,CORPORATE_ACTION_UNKNOWN_FAIL_CLOSED,0.0,0.0,,
vls_mom_contrarian_v1_frozen,corporate_action,raw,CORPORATE_ACTION_FREEZE,2023-10-09T09:25:00+08:00,,,,,,,,,,,,,,,,,,2023-10-09,unknown_corporate_action_type,0.0,0.0,,
vls_mom_contrarian_v1_frozen,corporate_action,raw,CORPORATE_ACTION_FREEZE,2023-10-09T09:25:00+08:00,,,,,,,,,,,,,,,,,,2023-10-09,CORPORATE_ACTION_UNKNOWN_FAIL_CLOSED,0.0,0.0,,
vls_mom_contrarian_v1_frozen,order,raw,PLANNED,2023-10-09T15:00:00+08:00,000596,SELL,100.0,272.31,27231.0,20.42325,2023-10-09,2023-10-10,2023-10-09:000596:SELL,0.00075,100.0,,,,,,,,,,,,
vls_mom_contrarian_v1_frozen,order,raw,FILLED,2023-10-10T09:30:00+08:00,000596,SELL,100.0,,,,2023-10-09,2023-10-10,2023-10-09:000596:SELL,,,100.0,272.03769,27203.769,20.40282675,,0.0,,,,,,
vls_mom_contrarian_v1_frozen,order,raw,PLANNED,2023-10-09T15:00:00+08:00,002371,SELL,100.0,245.0,24500.0,18.375,2023-10-09,2023-10-10,2023-10-09:002371:SELL,0.00075,100.0,,,,,,,,,,,,
vls_mom_contrarian_v1_frozen,order,raw,FILLED,2023-10-10T09:30:00+08:00,002371,SELL,100.0,,,,2023-10-09,2023-10-10,2023-10-09:002371:SELL,,,100.0,244.755,24475.5,18.356625,,0.0,,,,,,
vls_mom_contrarian_v1_frozen,order,raw,PLANNED,2023-10-09T15:00:00+08:00,600132,SELL,900.0,84.56,76104.0,57.078,2023-10-09,2023-10-10,2023-10-09:600132:SELL,0.00075,100.0,,,,,,,,,,,,
vls_mom_contrarian_v1_frozen,order,raw,FILLED,2023-10-10T09:30:00+08:00,600132,SELL,900.0,,,,2023-10-09,2023-10-10,2023-10-09:600132:SELL,,,900.0,84.47544,76027.89600000001,57.020922000000006,,0.0,,,,,,
vls_mom_contrarian_v1_frozen,order,raw,PLANNED,2023-10-09T15:00:00+08:00,603605,SELL,100.0,99.96,9996.0,7.497,2023-10-09,2023-10-10,2023-10-09:603605:SELL,0.00075,100.0,,,,,,,,,,,,
vls_mom_contrarian_v1_frozen,order,raw,FILLED,2023-10-10T09:30:00+08:00,603605,SELL,100.0,,,,2023-10-09,2023-10-10,2023-10-09:603605:SELL,,,100.0,99.86004,9986.003999999999,7.489502999999999,,0.0,,,,,,
vls_mom_contrarian_v1_frozen,order,raw,PLANNED,2023-10-09T15:00:00+08:00,002261,BUY,1700.0,20.746000000000002,35268.200000000004,26.451150000000005,2023-10-09,2023-10-10,2023-10-09:002261:BUY,0.00075,100.0,,,,,,,,,,,,
vls_mom_contrarian_v1_frozen,order,raw,FILLED,2023-10-10T09:30:00+08:00,002261,BUY,1700.0,,,,2023-10-09,2023-10-10,2023-10-09:002261:BUY,,,1700.0,18.86885,32077.045,24.05778375,,0.0,,,,,,
vls_mom_contrarian_v1_frozen,order,raw,PLANNED,2023-10-09T15:00:00+08:00,002456,BUY,4600.0,7.74,35604.0,26.703,2023-10-09,2023-10-10,2023-10-09:002456:BUY,0.00075,100.0,,,,,,,,,,,,
vls_mom_contrarian_v1_frozen,order,raw,REJECTED_LIMIT_BLOCK,2023-10-10T09:30:00+08:00,002456,BUY,4600.0,,,,2023-10-09,2023-10-10,2023-10-09:002456:BUY,,,0.0,,0.0,0.0,limit_up_block,4600.0,,,,,,
vls_mom_contrarian_v1_frozen,order,raw,CANCELLED_T1_CLOSE,2023-10-10T15:00:00+08:00,002456,BUY,,,,,2023-10-09,2023-10-10,2023-10-09:002456:BUY,,,,,,,,0.0,,,,,4600.0,limit_up_block
vls_mom_contrarian_v1_frozen,order,raw,PLANNED,2023-10-09T15:00:00+08:00,600276,BUY,700.0,49.236000000000004,34465.200000000004,25.848900000000004,2023-10-09,2023-10-10,2023-10-09:600276:BUY,0.00075,100.0,,,,,,,,,,,,
vls_mom_contrarian_v1_frozen,order,raw,FILLED,2023-10-10T09:30:00+08:00,600276,BUY,700.0,,,,2023-10-09,2023-10-10,2023-10-09:600276:BUY,,,700.0,44.96492,31475.444,23.606583,,0.0,,,,,,
vls_mom_contrarian_v1_frozen,order,raw,PLANNED,2023-10-09T15:00:00+08:00,603501,BUY,300.0,104.88,31464.0,23.598,2023-10-09,2023-10-10,2023-10-09:603501:BUY,0.00075,100.0,,,,,,,,,,,,
vls_mom_contrarian_v1_frozen,order,raw,FILLED,2023-10-10T09:30:00+08:00,603501,BUY,300.0,,,,2023-10-09,2023-10-10,2023-10-09:603501:BUY,,,300.0,95.44534999999999,28633.604999999996,21.47520375,,0.0,,,,,,
vls_mom_contrarian_v1_frozen,corporate_action,raw,CORPORATE_ACTION_FREEZE,2023-10-11T09:25:00+08:00,,,,,,,,,,,,,,,,,,2023-10-11,unknown_corporate_action_type,0.0,0.0,,
vls_mom_contrarian_v1_frozen,corporate_action,raw,CORPORATE_ACTION_FREEZE,2023-10-11T09:25:00+08:00,,,,,,,,,,,,,,,,,,2023-10-11,CORPORATE_ACTION_UNKNOWN_FAIL_CLOSED,0.0,0.0,,
vls_mom_contrarian_v1_frozen,corporate_action,raw,CORPORATE_ACTION_FREEZE,2023-10-12T09:25:00+08:00,,,,,,,,,,,,,,,,,,2023-10-12,unknown_corporate_action_type,0.0,0.0,,
vls_mom_contrarian_v1_frozen,corporate_action,raw,CORPORATE_ACTION_FREEZE,2023-10-12T09:25:00+08:00,,,,,,,,,,,,,,,,,,2023-10-12,CORPORATE_ACTION_UNKNOWN_FAIL_CLOSED,0.0,0.0,,
vls_mom_contrarian_v1_frozen,corporate_action,raw,CORPORATE_ACTION_FREEZE,2023-10-13T09:25:00+08:00,,,,,,,,,,,,,,,,,,2023-10-13,unknown_corporate_action_type,0.0,0.0,,
vls_mom_contrarian_v1_frozen,corporate_action,raw,CORPORATE_ACTION_FREEZE,2023-10-13T09:25:00+08:00,,,,,,,,,,,,,,,,,,2023-10-13,CORPORATE_ACTION_UNKNOWN_FAIL_CLOSED,0.0,0.0,,
vls_mom_contrarian_v1_frozen,corporate_action,raw,CORPORATE_ACTION_FREEZE,2023-10-16T09:25:00+08:00,,,,,,,,,,,,,,,,,,2023-10-16,unknown_corporate_action_type,0.0,0.0,,
vls_mom_contrarian_v1_frozen,corporate_action,raw,CORPORATE_ACTION_FREEZE,2023-10-16T09:25:00+08:00,,,,,,,,,,,,,,,,,,2023-10-16,CORPORATE_ACTION_UNKNOWN_FAIL_CLOSED,0.0,0.0,,
vls_mom_contrarian_v1_frozen,corporate_action,raw,CORPORATE_ACTION_FREEZE,2023-10-17T09:25:00+08:00,,,,,,,,,,,,,,,,,,2023-10-17,unknown_corporate_action_type,0.0,0.0,,
vls_mom_contrarian_v1_frozen,corporate_action,raw,CORPORATE_ACTION_FREEZE,2023-10-17T09:25:00+08:00,,,,,,,,,,,,,,,,,,2023-10-17,CORPORATE_ACTION_UNKNOWN_FAIL_CLOSED,0.0,0.0,,
vls_mom_contrarian_v1_frozen,corporate_action,raw,CORPORATE_ACTION_FREEZE,2023-10-18T09:25:00+08:00,,,,,,,,,,,,,,,,,,2023-10-18,unknown_corporate_action_type,0.0,0.0,,
vls_mom_contrarian_v1_frozen,corporate_action,raw,CORPORATE_ACTION_FREEZE,2023-10-18T09:25:00+08:00,,,,,,,,,,,,,,,,,,2023-10-18,CORPORATE_ACTION_UNKNOWN_FAIL_CLOSED,0.0,0.0,,
vls_mom_contrarian_v1_frozen,corporate_action,raw,CORPORATE_ACTION_FREEZE,2023-10-19T09:25:00+08:00,,,,,,,,,,,,,,,,,,2023-10-19,unknown_corporate_action_type,0.0,0.0,,
vls_mom_contrarian_v1_frozen,corporate_action,raw,CORPORATE_ACTION_FREEZE,2023-10-19T09:25:00+08:00,,,,,,,,,,,,,,,,,,2023-10-19,CORPORATE_ACTION_UNKNOWN_FAIL_CLOSED,0.0,0.0,,
vls_mom_contrarian_v1_frozen,corporate_action,raw,CORPORATE_ACTION_FREEZE,2023-10-20T09:25:00+08:00,,,,,,,,,,,,,,,,,,2023-10-20,unknown_corporate_action_type,0.0,0.0,,
vls_mom_contrarian_v1_frozen,corporate_action,raw,CORPORATE_ACTION_FREEZE,2023-10-20T09:25:00+08:00,,,,,,,,,,,,,,,,,,2023-10-20,CORPORATE_ACTION_UNKNOWN_FAIL_CLOSED,0.0,0.0,,
vls_mom_contrarian_v1_frozen,corporate_action,raw,CORPORATE_ACTION_FREEZE,2023-10-23T09:25:00+08:00,,,,,,,,,,,,,,,,,,2023-10-23,unknown_corporate_action_type,0.0,0.0,,
vls_mom_contrarian_v1_frozen,corporate_action,raw,CORPORATE_ACTION_FREEZE,2023-10-23T09:25:00+08:00,,,,,,,,,,,,,,,,,,2023-10-23,CORPORATE_ACTION_UNKNOWN_FAIL_CLOSED,0.0,0.0,,
vls_mom_contrarian_v1_frozen,corporate_action,raw,CORPORATE_ACTION_FREEZE,2023-10-24T09:25:00+08:00,,,,,,,,,,,,,,,,,,2023-10-24,unknown_corporate_action_type,0.0,0.0,,
vls_mom_contrarian_v1_frozen,corporate_action,raw,CORPORATE_ACTION_FREEZE,2023-10-24T09:25:00+08:00,,,,,,,,,,,,,,,,,,2023-10-24,CORPORATE_ACTION_UNKNOWN_FAIL_CLOSED,0.0,0.0,,
vls_mom_contrarian_v1_frozen,corporate_action,raw,CORPORATE_ACTION_FREEZE,2023-10-25T09:25:00+08:00,,,,,,,,,,,,,,,,,,2023-10-25,unknown_corporate_action_type,0.0,0.0,,
vls_mom_contrarian_v1_frozen,corporate_action,raw,CORPORATE_ACTION_FREEZE,2023-10-25T09:25:00+08:00,,,,,,,,,,,,,,,,,,2023-10-25,CORPORATE_ACTION_UNKNOWN_FAIL_CLOSED,0.0,0.0,,
vls_mom_contrarian_v1_frozen,corporate_action,raw,CORPORATE_ACTION_FREEZE,2023-10-26T09:25:00+08:00,,,,,,,,,,,,,,,,,,2023-10-26,unknown_corporate_action_type,0.0,0.0,,
vls_mom_contrarian_v1_frozen,corporate_action,raw,CORPORATE_ACTION_FREEZE,2023-10-26T09:25:00+08:00,,,,,,,,,,,,,,,,,,2023-10-26,CORPORATE_ACTION_UNKNOWN_FAIL_CLOSED,0.0,0.0,,
vls_mom_contrarian_v1_frozen,corporate_action,raw,CORPORATE_ACTION_FREEZE,2023-10-27T09:25:00+08:00,,,,,,,,,,,,,,,,,,2023-10-27,unknown_corporate_action_type,0.0,0.0,,
vls_mom_contrarian_v1_frozen,corporate_action,raw,CORPORATE_ACTION_FREEZE,2023-10-27T09:25:00+08:00,,,,,,,,,,,,,,,,,,2023-10-27,CORPORATE_ACTION_UNKNOWN_FAIL_CLOSED,0.0,0.0,,
vls_mom_contrarian_v1_frozen,order,raw,PLANNED,2023-10-27T15:00:00+08:00,603688,SELL,300.0,90.96,27287.999999999996,20.465999999999998,2023-10-27,2023-10-30,2023-10-27:603688:SELL,0.00075,100.0,,,,,,,,,,,,
vls_mom_contrarian_v1_frozen,order,raw,FILLED,2023-10-30T09:30:00+08:00,603688,SELL,300.0,,,,2023-10-27,2023-10-30,2023-10-27:603688:SELL,,,300.0,90.86904,27260.712,20.445534,,0.0,,,,,,
vls_mom_contrarian_v1_frozen,order,raw,PLANNED,2023-10-27T15:00:00+08:00,002371,BUY,100.0,276.969,27696.899999999998,20.772675,2023-10-27,2023-10-30,2023-10-27:002371:BUY,0.00075,100.0,,,,,,,,,,,,
vls_mom_contrarian_v1_frozen,order,raw,FILLED,2023-10-30T09:30:00+08:00,002371,BUY,100.0,,,,2023-10-27,2023-10-30,2023-10-27:002371:BUY,,,100.0,250.24999999999997,25024.999999999996,18.768749999999997,,0.0,,,,,,
vls_mom_contrarian_v1_frozen,order,raw,PLANNED,2023-10-27T15:00:00+08:00,002456,BUY,3500.0,11.040000000000001,38640.0,28.98,2023-10-27,2023-10-30,2023-10-27:002456:BUY,0.00075,100.0,,,,,,,,,,,,
vls_mom_contrarian_v1_frozen,order,raw,FILLED,2023-10-30T09:30:00+08:00,002456,BUY,3500.0,,,,2023-10-27,2023-10-30,2023-10-27:002456:BUY,,,3500.0,10.3103,36086.05,27.064537500000004,,0.0,,,,,,
vls_mom_contrarian_v1_frozen,corporate_action,raw,CORPORATE_ACTION_FREEZE,2023-10-31T09:25:00+08:00,,,,,,,,,,,,,,,,,,2023-10-31,unknown_corporate_action_type,0.0,0.0,,
vls_mom_contrarian_v1_frozen,corporate_action,raw,CORPORATE_ACTION_FREEZE,2023-10-31T09:25:00+08:00,,,,,,,,,,,,,,,,,,2023-10-31,CORPORATE_ACTION_UNKNOWN_FAIL_CLOSED,0.0,0.0,,
vls_mom_contrarian_v1_frozen,order,raw,PLANNED,2023-10-31T15:00:00+08:00,603000,SELL,700.0,32.0,22400.0,16.8,2023-10-31,2023-11-01,2023-10-31:603000:SELL,0.00075,100.0,,,,,,,,,,,,
vls_mom_contrarian_v1_frozen,order,raw,FILLED,2023-11-01T09:30:00+08:00,603000,SELL,700.0,,,,2023-10-31,2023-11-01,2023-10-31:603000:SELL,,,700.0,31.968,22377.6,16.7832,,0.0,,,,,,
vls_mom_contrarian_v1_frozen,order,raw,PLANNED,2023-10-31T15:00:00+08:00,601698,BUY,1900.0,20.900000000000002,39710.00000000001,29.782500000000006,2023-10-31,2023-11-01,2023-10-31:601698:BUY,0.00075,100.0,,,,,,,,,,,,
vls_mom_contrarian_v1_frozen,order,raw,FILLED,2023-11-01T09:30:00+08:00,601698,BUY,1900.0,,,,2023-10-31,2023-11-01,2023-10-31:601698:BUY,,,1900.0,18.99898,36098.062,27.0735465,,0.0,,,,,,
vls_mom_contrarian_v1_frozen,corporate_action,raw,CORPORATE_ACTION_FREEZE,2023-11-03T09:25:00+08:00,,,,,,,,,,,,,,,,,,2023-11-03,unknown_corporate_action_type,0.0,0.0,,
vls_mom_contrarian_v1_frozen,corporate_action,raw,CORPORATE_ACTION_FREEZE,2023-11-03T09:25:00+08:00,,,,,,,,,,,,,,,,,,2023-11-03,CORPORATE_ACTION_UNKNOWN_FAIL_CLOSED,0.0,0.0,,
vls_mom_contrarian_v1_frozen,corporate_action,raw,CORPORATE_ACTION_FREEZE,2023-11-06T09:25:00+08:00,,,,,,,,,,,,,,,,,,2023-11-06,unknown_corporate_action_type,0.0,0.0,,
vls_mom_contrarian_v1_frozen,corporate_action,raw,CORPORATE_ACTION_FREEZE,2023-11-06T09:25:00+08:00,,,,,,,,,,,,,,,,,,2023-11-06,CORPORATE_ACTION_UNKNOWN_FAIL_CLOSED,0.0,0.0,,
vls_mom_contrarian_v1_frozen,order,raw,PLANNED,2023-11-06T15:00:00+08:00,002261,SELL,1700.0,16.64,28288.0,21.216,2023-11-06,2023-11-07,2023-11-06:002261:SELL,0.00075,100.0,,,,,,,,,,,,
vls_mom_contrarian_v1_frozen,order,raw,FILLED,2023-11-07T09:30:00+08:00,002261,SELL,1700.0,,,,2023-11-06,2023-11-07,2023-11-06:002261:SELL,,,1700.0,16.62336,28259.712000000003,21.194784000000002,,0.0,,,,,,
vls_mom_contrarian_v1_frozen,order,raw,PLANNED,2023-11-06T15:00:00+08:00,600760,SELL,700.0,41.4,28980.0,21.735,2023-11-06,2023-11-07,2023-11-06:600760:SELL,0.00075,100.0,,,,,,,,,,,,
vls_mom_contrarian_v1_frozen,order,raw,FILLED,2023-11-07T09:30:00+08:00,600760,SELL,700.0,,,,2023-11-06,2023-11-07,2023-11-06:600760:SELL,,,700.0,41.358599999999996,28951.019999999997,21.713265,,0.0,,,,,,
vls_mom_contrarian_v1_frozen,order,raw,PLANNED,2023-11-06T15:00:00+08:00,002607,BUY,6800.0,4.477,30443.600000000002,22.832700000000003,2023-11-06,2023-11-07,2023-11-06:002607:BUY,0.00075,100.0,,,,,,,,,,,,
vls_mom_contrarian_v1_frozen,order,raw,FILLED,2023-11-07T09:30:00+08:00,002607,BUY,6800.0,,,,2023-11-06,2023-11-07,2023-11-06:002607:BUY,,,6800.0,4.06406,27635.607999999997,20.726705999999997,,0.0,,,,,,
vls_mom_contrarian_v1_frozen,order,raw,PLANNED,2023-11-06T15:00:00+08:00,600733,BUY,3900.0,7.74,30186.0,22.6395,2023-11-06,2023-11-07,2023-11-06:600733:BUY,0.00075,100.0,,,,,,,,,,,,
vls_mom_contrarian_v1_frozen,order,raw,FILLED,2023-11-07T09:30:00+08:00,600733,BUY,3900.0,,,,2023-11-06,2023-11-07,2023-11-06:600733:BUY,,,3900.0,6.966959999999999,27171.143999999997,20.378358,,0.0,,,,,,
vls_mom_contrarian_v1_frozen,corporate_action,raw,CORPORATE_ACTION_FREEZE,2023-11-08T09:25:00+08:00,,,,,,,,,,,,,,,,,,2023-11-08,unknown_corporate_action_type,0.0,0.0,,
vls_mom_contrarian_v1_frozen,corporate_action,raw,CORPORATE_ACTION_FREEZE,2023-11-08T09:25:00+08:00,,,,,,,,,,,,,,,,,,2023-11-08,CORPORATE_ACTION_UNKNOWN_FAIL_CLOSED,0.0,0.0,,
vls_mom_contrarian_v1_frozen,corporate_action,raw,CORPORATE_ACTION_FREEZE,2023-11-10T09:25:00+08:00,,,,,,,,,,,,,,,,,,2023-11-10,unknown_corporate_action_type,0.0,0.0,,
vls_mom_contrarian_v1_frozen,corporate_action,raw,CORPORATE_ACTION_FREEZE,2023-11-10T09:25:00+08:00,,,,,,,,,,,,,,,,,,2023-11-10,CORPORATE_ACTION_UNKNOWN_FAIL_CLOSED,0.0,0.0,,
vls_mom_contrarian_v1_frozen,corporate_action,raw,CORPORATE_ACTION_FREEZE,2023-11-13T09:25:00+08:00,,,,,,,,,,,,,,,,,,2023-11-13,unknown_corporate_action_type,0.0,0.0,,
vls_mom_contrarian_v1_frozen,corporate_action,raw,CORPORATE_ACTION_FREEZE,2023-11-13T09:25:00+08:00,,,,,,,,,,,,,,,,,,2023-11-13,CORPORATE_ACTION_UNKNOWN_FAIL_CLOSED,0.0,0.0,,
vls_mom_contrarian_v1_frozen,corporate_action,raw,CORPORATE_ACTION_FREEZE,2023-11-14T09:25:00+08:00,,,,,,,,,,,,,,,,,,2023-11-14,unknown_corporate_action_type,0.0,0.0,,
vls_mom_contrarian_v1_frozen,corporate_action,raw,CORPORATE_ACTION_FREEZE,2023-11-14T09:25:00+08:00,,,,,,,,,,,,,,,,,,2023-11-14,CORPORATE_ACTION_UNKNOWN_FAIL_CLOSED,0.0,0.0,,
vls_mom_contrarian_v1_frozen,order,raw,PLANNED,2023-11-14T15:00:00+08:00,603259,SELL,300.0,87.72,26316.0,19.737000000000002,2023-11-14,2023-11-15,2023-11-14:603259:SELL,0.00075,100.0,,,,,,,,,,,,
vls_mom_contrarian_v1_frozen,order,raw,FILLED,2023-11-15T09:30:00+08:00,603259,SELL,300.0,,,,2023-11-14,2023-11-15,2023-11-14:603259:SELL,,,300.0,87.63228,26289.683999999997,19.717263,,0.0,,,,,,
vls_mom_contrarian_v1_frozen,order,raw,PLANNED,2023-11-14T15:00:00+08:00,000818,BUY,700.0,41.888,29321.6,21.9912,2023-11-14,2023-11-15,2023-11-14:000818:BUY,0.00075,100.0,,,,,,,,,,,,
vls_mom_contrarian_v1_frozen,order,raw,FILLED,2023-11-15T09:30:00+08:00,000818,BUY,700.0,,,,2023-11-14,2023-11-15,2023-11-14:000818:BUY,,,700.0,38.16813,26717.691,20.038268249999998,,0.0,,,,,,
vls_mom_contrarian_v1_frozen,corporate_action,raw,CORPORATE_ACTION_FREEZE,2023-11-16T09:25:00+08:00,,,,,,,,,,,,,,,,,,2023-11-16,unknown_corporate_action_type,0.0,0.0,,
vls_mom_contrarian_v1_frozen,corporate_action,raw,CORPORATE_ACTION_FREEZE,2023-11-16T09:25:00+08:00,,,,,,,,,,,,,,,,,,2023-11-16,CORPORATE_ACTION_UNKNOWN_FAIL_CLOSED,0.0,0.0,,
vls_mom_contrarian_v1_frozen,corporate_action,raw,CORPORATE_ACTION_FREEZE,2023-11-17T09:25:00+08:00,,,,,,,,,,,,,,,,,,2023-11-17,unknown_corporate_action_type,0.0,0.0,,
vls_mom_contrarian_v1_frozen,corporate_action,raw,CORPORATE_ACTION_FREEZE,2023-11-17T09:25:00+08:00,,,,,,,,,,,,,,,,,,2023-11-17,CORPORATE_ACTION_UNKNOWN_FAIL_CLOSED,0.0,0.0,,
vls_mom_contrarian_v1_frozen,corporate_action,raw,CORPORATE_ACTION_FREEZE,2023-11-20T09:25:00+08:00,,,,,,,,,,,,,,,,,,2023-11-20,unknown_corporate_action_type,0.0,0.0,,
vls_mom_contrarian_v1_frozen,corporate_action,raw,CORPORATE_ACTION_FREEZE,2023-11-20T09:25:00+08:00,,,,,,,,,,,,,,,,,,2023-11-20,CORPORATE_ACTION_UNKNOWN_FAIL_CLOSED,0.0,0.0,,
vls_mom_contrarian_v1_frozen,corporate_action,raw,CORPORATE_ACTION_FREEZE,2023-11-21T09:25:00+08:00,,,,,,,,,,,,,,,,,,2023-11-21,unknown_corporate_action_type,0.0,0.0,,
vls_mom_contrarian_v1_frozen,corporate_action,raw,CORPORATE_ACTION_FREEZE,2023-11-21T09:25:00+08:00,,,,,,,,,,,,,,,,,,2023-11-21,CORPORATE_ACTION_UNKNOWN_FAIL_CLOSED,0.0,0.0,,
vls_mom_contrarian_v1_frozen,corporate_action,raw,CORPORATE_ACTION_FREEZE,2023-11-22T09:25:00+08:00,,,,,,,,,,,,,,,,,,2023-11-22,unknown_corporate_action_type,0.0,0.0,,
vls_mom_contrarian_v1_frozen,corporate_action,raw,CORPORATE_ACTION_FREEZE,2023-11-22T09:25:00+08:00,,,,,,,,,,,,,,,,,,2023-11-22,CORPORATE_ACTION_UNKNOWN_FAIL_CLOSED,0.0,0.0,,
vls_mom_contrarian_v1_frozen,corporate_action,raw,CORPORATE_ACTION_FREEZE,2023-11-23T09:25:00+08:00,,,,,,,,,,,,,,,,,,2023-11-23,unknown_corporate_action_type,0.0,0.0,,
vls_mom_contrarian_v1_frozen,corporate_action,raw,CORPORATE_ACTION_FREEZE,2023-11-23T09:25:00+08:00,,,,,,,,,,,,,,,,,,2023-11-23,CORPORATE_ACTION_UNKNOWN_FAIL_CLOSED,0.0,0.0,,
vls_mom_contrarian_v1_frozen,corporate_action,raw,CORPORATE_ACTION_FREEZE,2023-11-24T09:25:00+08:00,,,,,,,,,,,,,,,,,,2023-11-24,unknown_corporate_action_type,0.0,0.0,,
vls_mom_contrarian_v1_frozen,corporate_action,raw,CORPORATE_ACTION_FREEZE,2023-11-24T09:25:00+08:00,,,,,,,,,,,,,,,,,,2023-11-24,CORPORATE_ACTION_UNKNOWN_FAIL_CLOSED,0.0,0.0,,
vls_mom_contrarian_v1_frozen,corporate_action,raw,CORPORATE_ACTION_FREEZE,2023-11-27T09:25:00+08:00,,,,,,,,,,,,,,,,,,2023-11-27,unknown_corporate_action_type,0.0,0.0,,
vls_mom_contrarian_v1_frozen,corporate_action,raw,CORPORATE_ACTION_FREEZE,2023-11-27T09:25:00+08:00,,,,,,,,,,,,,,,,,,2023-11-27,CORPORATE_ACTION_UNKNOWN_FAIL_CLOSED,0.0,0.0,,
vls_mom_contrarian_v1_frozen,corporate_action,raw,CORPORATE_ACTION_FREEZE,2023-11-28T09:25:00+08:00,,,,,,,,,,,,,,,,,,2023-11-28,unknown_corporate_action_type,0.0,0.0,,
vls_mom_contrarian_v1_frozen,corporate_action,raw,CORPORATE_ACTION_FREEZE,2023-11-28T09:25:00+08:00,,,,,,,,,,,,,,,,,,2023-11-28,CORPORATE_ACTION_UNKNOWN_FAIL_CLOSED,0.0,0.0,,
vls_mom_contrarian_v1_frozen,corporate_action,raw,CORPORATE_ACTION_FREEZE,2023-11-29T09:25:00+08:00,,,,,,,,,,,,,,,,,,2023-11-29,unknown_corporate_action_type,0.0,0.0,,
vls_mom_contrarian_v1_frozen,corporate_action,raw,CORPORATE_ACTION_FREEZE,2023-11-29T09:25:00+08:00,,,,,,,,,,,,,,,,,,2023-11-29,CORPORATE_ACTION_UNKNOWN_FAIL_CLOSED,0.0,0.0,,
vls_mom_contrarian_v1_frozen,corporate_action,raw,CORPORATE_ACTION_FREEZE,2023-11-30T09:25:00+08:00,,,,,,,,,,,,,,,,,,2023-11-30,unknown_corporate_action_type,0.0,0.0,,
vls_mom_contrarian_v1_frozen,corporate_action,raw,CORPORATE_ACTION_FREEZE,2023-11-30T09:25:00+08:00,,,,,,,,,,,,,,,,,,2023-11-30,CORPORATE_ACTION_UNKNOWN_FAIL_CLOSED,0.0,0.0,,
vls_mom_contrarian_v1_frozen,corporate_action,raw,CORPORATE_ACTION_FREEZE,2023-12-01T09:25:00+08:00,,,,,,,,,,,,,,,,,,2023-12-01,unknown_corporate_action_type,0.0,0.0,,
vls_mom_contrarian_v1_frozen,corporate_action,raw,CORPORATE_ACTION_FREEZE,2023-12-01T09:25:00+08:00,,,,,,,,,,,,,,,,,,2023-12-01,CORPORATE_ACTION_UNKNOWN_FAIL_CLOSED,0.0,0.0,,
vls_mom_contrarian_v1_frozen,corporate_action,raw,CORPORATE_ACTION_FREEZE,2023-12-04T09:25:00+08:00,,,,,,,,,,,,,,,,,,2023-12-04,unknown_corporate_action_type,0.0,0.0,,
vls_mom_contrarian_v1_frozen,corporate_action,raw,CORPORATE_ACTION_FREEZE,2023-12-04T09:25:00+08:00,,,,,,,,,,,,,,,,,,2023-12-04,CORPORATE_ACTION_UNKNOWN_FAIL_CLOSED,0.0,0.0,,
vls_mom_contrarian_v1_frozen,order,raw,PLANNED,2023-12-04T15:00:00+08:00,002371,SELL,100.0,228.97,22897.0,17.17275,2023-12-04,2023-12-05,2023-12-04:002371:SELL,0.00075,100.0,,,,,,,,,,,,
vls_mom_contrarian_v1_frozen,order,raw,FILLED,2023-12-05T09:30:00+08:00,002371,SELL,100.0,,,,2023-12-04,2023-12-05,2023-12-04:002371:SELL,,,100.0,228.74103,22874.103,17.15557725,,0.0,,,,,,
vls_mom_contrarian_v1_frozen,order,raw,PLANNED,2023-12-04T15:00:00+08:00,002456,SELL,3500.0,10.03,35105.0,26.32875,2023-12-04,2023-12-05,2023-12-04:002456:SELL,0.00075,100.0,,,,,,,,,,,,
vls_mom_contrarian_v1_frozen,order,raw,FILLED,2023-12-05T09:30:00+08:00,002456,SELL,3500.0,,,,2023-12-04,2023-12-05,2023-12-04:002456:SELL,,,3500.0,10.019969999999999,35069.895,26.30242125,,0.0,,,,,,
vls_mom_contrarian_v1_frozen,order,raw,PLANNED,2023-12-04T15:00:00+08:00,600733,SELL,3900.0,6.37,24843.0,18.63225,2023-12-04,2023-12-05,2023-12-04:600733:SELL,0.00075,100.0,,,,,,,,,,,,
vls_mom_contrarian_v1_frozen,order,raw,FILLED,2023-12-05T09:30:00+08:00,600733,SELL,3900.0,,,,2023-12-04,2023-12-05,2023-12-04:600733:SELL,,,3900.0,6.36363,24818.157,18.61361775,,0.0,,,,,,
vls_mom_contrarian_v1_frozen,order,raw,PLANNED,2023-12-04T15:00:00+08:00,600809,SELL,100.0,227.01,22701.0,17.02575,2023-12-04,2023-12-05,2023-12-04:600809:SELL,0.00075,100.0,,,,,,,,,,,,
vls_mom_contrarian_v1_frozen,order,raw,FILLED,2023-12-05T09:30:00+08:00,600809,SELL,100.0,,,,2023-12-04,2023-12-05,2023-12-04:600809:SELL,,,100.0,226.78298999999998,22678.299,17.00872425,,0.0,,,,,,
vls_mom_contrarian_v1_frozen,order,raw,PLANNED,2023-12-04T15:00:00+08:00,601127,SELL,1500.0,75.99,113984.99999999999,85.48875,2023-12-04,2023-12-05,2023-12-04:601127:SELL,0.00075,100.0,,,,,,,,,,,,
vls_mom_contrarian_v1_frozen,order,raw,FILLED,2023-12-05T09:30:00+08:00,601127,SELL,1500.0,,,,2023-12-04,2023-12-05,2023-12-04:601127:SELL,,,1500.0,75.91400999999999,113871.01499999998,85.40326124999999,,0.0,,,,,,
vls_mom_contrarian_v1_frozen,order,raw,PLANNED,2023-12-04T15:00:00+08:00,000628,BUY,600.0,67.59500000000001,40557.00000000001,30.417750000000005,2023-12-04,2023-12-05,2023-12-04:000628:BUY,0.00075,100.0,,,,,,,,,,,,
vls_mom_contrarian_v1_frozen,order,raw,FILLED,2023-12-05T09:30:00+08:00,000628,BUY,600.0,,,,2023-12-04,2023-12-05,2023-12-04:000628:BUY,,,600.0,63.062999999999995,37837.799999999996,28.378349999999998,,0.0,,,,,,
vls_mom_contrarian_v1_frozen,order,raw,PLANNED,2023-12-04T15:00:00+08:00,000766,BUY,2100.0,21.12,44352.0,33.264,2023-12-04,2023-12-05,2023-12-04:000766:BUY,0.00075,100.0,,,,,,,,,,,,
vls_mom_contrarian_v1_frozen,order,raw,FILLED,2023-12-05T09:30:00+08:00,000766,BUY,2100.0,,,,2023-12-04,2023-12-05,2023-12-04:000766:BUY,,,2100.0,19.809789999999996,41600.558999999994,31.200419249999996,,0.0,,,,,,
vls_mom_contrarian_v1_frozen,order,raw,PLANNED,2023-12-04T15:00:00+08:00,002920,BUY,300.0,139.70000000000002,41910.00000000001,31.432500000000005,2023-12-04,2023-12-05,2023-12-04:002920:BUY,0.00075,100.0,,,,,,,,,,,,
vls_mom_contrarian_v1_frozen,order,raw,FILLED,2023-12-05T09:30:00+08:00,002920,BUY,300.0,,,,2023-12-04,2023-12-05,2023-12-04:002920:BUY,,,300.0,126.54641999999998,37963.92599999999,28.472944499999993,,0.0,,,,,,
vls_mom_contrarian_v1_frozen,order,raw,PLANNED,2023-12-04T15:00:00+08:00,600161,BUY,1200.0,34.980000000000004,41976.00000000001,31.482000000000006,2023-12-04,2023-12-05,2023-12-04:600161:BUY,0.00075,100.0,,,,,,,,,,,,
vls_mom_contrarian_v1_frozen,order,raw,FILLED,2023-12-05T09:30:00+08:00,600161,BUY,1200.0,,,,2023-12-04,2023-12-05,2023-12-04:600161:BUY,,,1200.0,31.761729999999996,38114.075999999994,28.585556999999994,,0.0,,,,,,
vls_mom_contrarian_v1_frozen,order,raw,PLANNED,2023-12-04T15:00:00+08:00,603283,BUY,500.0,84.2,42100.0,31.575,2023-12-04,2023-12-05,2023-12-04:603283:BUY,0.00075,100.0,,,,,,,,,,,,
vls_mom_contrarian_v1_frozen,order,raw,FILLED,2023-12-05T09:30:00+08:00,603283,BUY,500.0,,,,2023-12-04,2023-12-05,2023-12-04:603283:BUY,,,500.0,76.39631999999999,38198.159999999996,28.648619999999998,,0.0,,,,,,
vls_mom_contrarian_v1_frozen,corporate_action,raw,CORPORATE_ACTION_FREEZE,2023-12-06T09:25:00+08:00,,,,,,,,,,,,,,,,,,2023-12-06,unknown_corporate_action_type,0.0,0.0,,
vls_mom_contrarian_v1_frozen,corporate_action,raw,CORPORATE_ACTION_FREEZE,2023-12-06T09:25:00+08:00,,,,,,,,,,,,,,,,,,2023-12-06,CORPORATE_ACTION_UNKNOWN_FAIL_CLOSED,0.0,0.0,,
vls_mom_contrarian_v1_frozen,corporate_action,raw,CORPORATE_ACTION_FREEZE,2023-12-07T09:25:00+08:00,,,,,,,,,,,,,,,,,,2023-12-07,unknown_corporate_action_type,0.0,0.0,,
vls_mom_contrarian_v1_frozen,corporate_action,raw,CORPORATE_ACTION_FREEZE,2023-12-07T09:25:00+08:00,,,,,,,,,,,,,,,,,,2023-12-07,CORPORATE_ACTION_UNKNOWN_FAIL_CLOSED,0.0,0.0,,
vls_mom_contrarian_v1_frozen,corporate_action,raw,CORPORATE_ACTION_FREEZE,2023-12-08T09:25:00+08:00,,,,,,,,,,,,,,,,,,2023-12-08,unknown_corporate_action_type,0.0,0.0,,
vls_mom_contrarian_v1_frozen,corporate_action,raw,CORPORATE_ACTION_FREEZE,2023-12-08T09:25:00+08:00,,,,,,,,,,,,,,,,,,2023-12-08,CORPORATE_ACTION_UNKNOWN_FAIL_CLOSED,0.0,0.0,,
vls_mom_contrarian_v1_frozen,corporate_action,raw,CORPORATE_ACTION_FREEZE,2023-12-11T09:25:00+08:00,,,,,,,,,,,,,,,,,,2023-12-11,unknown_corporate_action_type,0.0,0.0,,
vls_mom_contrarian_v1_frozen,corporate_action,raw,CORPORATE_ACTION_FREEZE,2023-12-11T09:25:00+08:00,,,,,,,,,,,,,,,,,,2023-12-11,CORPORATE_ACTION_UNKNOWN_FAIL_CLOSED,0.0,0.0,,
vls_mom_contrarian_v1_frozen,corporate_action,raw,CORPORATE_ACTION_FREEZE,2023-12-12T09:25:00+08:00,,,,,,,,,,,,,,,,,,2023-12-12,unknown_corporate_action_type,0.0,0.0,,
vls_mom_contrarian_v1_frozen,corporate_action,raw,CORPORATE_ACTION_FREEZE,2023-12-12T09:25:00+08:00,,,,,,,,,,,,,,,,,,2023-12-12,CORPORATE_ACTION_UNKNOWN_FAIL_CLOSED,0.0,0.0,,
vls_mom_contrarian_v1_frozen,order,raw,PLANNED,2023-12-12T15:00:00+08:00,000818,SELL,700.0,32.8,22959.999999999996,17.22,2023-12-12,2023-12-13,2023-12-12:000818:SELL,0.00075,100.0,,,,,,,,,,,,
vls_mom_contrarian_v1_frozen,order,raw,FILLED,2023-12-13T09:30:00+08:00,000818,SELL,700.0,,,,2023-12-12,2023-12-13,2023-12-12:000818:SELL,,,700.0,32.767199999999995,22937.039999999997,17.202779999999997,,0.0,,,,,,
vls_mom_contrarian_v1_frozen,order,raw,PLANNED,2023-12-12T15:00:00+08:00,601698,SELL,1900.0,18.2,34580.0,25.935000000000002,2023-12-12,2023-12-13,2023-12-12:601698:SELL,0.00075,100.0,,,,,,,,,,,,
vls_mom_contrarian_v1_frozen,order,raw,FILLED,2023-12-13T09:30:00+08:00,601698,SELL,1900.0,,,,2023-12-12,2023-12-13,2023-12-12:601698:SELL,,,1900.0,18.1818,34545.42,25.909065,,0.0,,,,,,
vls_mom_contrarian_v1_frozen,order,raw,PLANNED,2023-12-12T15:00:00+08:00,600845,BUY,800.0,52.92,42336.0,31.752,2023-12-12,2023-12-13,2023-12-12:600845:BUY,0.00075,100.0,,,,,,,,,,,,
vls_mom_contrarian_v1_frozen,order,raw,FILLED,2023-12-13T09:30:00+08:00,600845,BUY,800.0,,,,2023-12-12,2023-12-13,2023-12-12:600845:BUY,,,800.0,48.15810999999999,38526.488,28.894866,,0.0,,,,,,
vls_mom_contrarian_v1_frozen,order,raw,PLANNED,2023-12-12T15:00:00+08:00,601127,BUY,400.0,89.98,35992.0,26.994,2023-12-12,2023-12-13,2023-12-12:601127:BUY,0.00075,100.0,,,,,,,,,,,,
vls_mom_contrarian_v1_frozen,order,raw,FILLED,2023-12-13T09:30:00+08:00,601127,BUY,400.0,,,,2023-12-12,2023-12-13,2023-12-12:601127:BUY,,,400.0,81.07098999999998,32428.395999999993,24.321296999999994,,0.0,,,,,,
vls_mom_contrarian_v1_frozen,corporate_action,raw,CORPORATE_ACTION_FREEZE,2023-12-14T09:25:00+08:00,,,,,,,,,,,,,,,,,,2023-12-14,unknown_corporate_action_type,0.0,0.0,,
vls_mom_contrarian_v1_frozen,corporate_action,raw,CORPORATE_ACTION_FREEZE,2023-12-14T09:25:00+08:00,,,,,,,,,,,,,,,,,,2023-12-14,CORPORATE_ACTION_UNKNOWN_FAIL_CLOSED,0.0,0.0,,
vls_mom_contrarian_v1_frozen,corporate_action,raw,CORPORATE_ACTION_FREEZE,2023-12-18T09:25:00+08:00,,,,,,,,,,,,,,,,,,2023-12-18,unknown_corporate_action_type,0.0,0.0,,
vls_mom_contrarian_v1_frozen,corporate_action,raw,CORPORATE_ACTION_FREEZE,2023-12-18T09:25:00+08:00,,,,,,,,,,,,,,,,,,2023-12-18,CORPORATE_ACTION_UNKNOWN_FAIL_CLOSED,0.0,0.0,,
vls_mom_contrarian_v1_frozen,corporate_action,raw,CORPORATE_ACTION_FREEZE,2023-12-19T09:25:00+08:00,,,,,,,,,,,,,,,,,,2023-12-19,unknown_corporate_action_type,0.0,0.0,,
vls_mom_contrarian_v1_frozen,corporate_action,raw,CORPORATE_ACTION_FREEZE,2023-12-19T09:25:00+08:00,,,,,,,,,,,,,,,,,,2023-12-19,CORPORATE_ACTION_UNKNOWN_FAIL_CLOSED,0.0,0.0,,
vls_mom_contrarian_v1_frozen,corporate_action,raw,CORPORATE_ACTION_FREEZE,2023-12-20T09:25:00+08:00,,,,,,,,,,,,,,,,,,2023-12-20,unknown_corporate_action_type,0.0,0.0,,
vls_mom_contrarian_v1_frozen,corporate_action,raw,CORPORATE_ACTION_FREEZE,2023-12-20T09:25:00+08:00,,,,,,,,,,,,,,,,,,2023-12-20,CORPORATE_ACTION_UNKNOWN_FAIL_CLOSED,0.0,0.0,,
vls_mom_contrarian_v1_frozen,corporate_action,raw,CORPORATE_ACTION_FREEZE,2023-12-21T09:25:00+08:00,,,,,,,,,,,,,,,,,,2023-12-21,unknown_corporate_action_type,0.0,0.0,,
vls_mom_contrarian_v1_frozen,corporate_action,raw,CORPORATE_ACTION_FREEZE,2023-12-21T09:25:00+08:00,,,,,,,,,,,,,,,,,,2023-12-21,CORPORATE_ACTION_UNKNOWN_FAIL_CLOSED,0.0,0.0,,
vls_mom_contrarian_v1_frozen,corporate_action,raw,CORPORATE_ACTION_FREEZE,2023-12-22T09:25:00+08:00,,,,,,,,,,,,,,,,,,2023-12-22,unknown_corporate_action_type,0.0,0.0,,
vls_mom_contrarian_v1_frozen,corporate_action,raw,CORPORATE_ACTION_FREEZE,2023-12-22T09:25:00+08:00,,,,,,,,,,,,,,,,,,2023-12-22,CORPORATE_ACTION_UNKNOWN_FAIL_CLOSED,0.0,0.0,,
vls_mom_contrarian_v1_frozen,corporate_action,raw,CORPORATE_ACTION_FREEZE,2023-12-25T09:25:00+08:00,,,,,,,,,,,,,,,,,,2023-12-25,unknown_corporate_action_type,0.0,0.0,,
vls_mom_contrarian_v1_frozen,corporate_action,raw,CORPORATE_ACTION_FREEZE,2023-12-25T09:25:00+08:00,,,,,,,,,,,,,,,,,,2023-12-25,CORPORATE_ACTION_UNKNOWN_FAIL_CLOSED,0.0,0.0,,
vls_mom_contrarian_v1_frozen,corporate_action,raw,CORPORATE_ACTION_FREEZE,2023-12-26T09:25:00+08:00,,,,,,,,,,,,,,,,,,2023-12-26,unknown_corporate_action_type,0.0,0.0,,
vls_mom_contrarian_v1_frozen,corporate_action,raw,CORPORATE_ACTION_FREEZE,2023-12-26T09:25:00+08:00,,,,,,,,,,,,,,,,,,2023-12-26,CORPORATE_ACTION_UNKNOWN_FAIL_CLOSED,0.0,0.0,,
vls_mom_contrarian_v1_frozen,corporate_action,raw,CORPORATE_ACTION_FREEZE,2023-12-27T09:25:00+08:00,,,,,,,,,,,,,,,,,,2023-12-27,unknown_corporate_action_type,0.0,0.0,,
vls_mom_contrarian_v1_frozen,corporate_action,raw,CORPORATE_ACTION_FREEZE,2023-12-27T09:25:00+08:00,,,,,,,,,,,,,,,,,,2023-12-27,CORPORATE_ACTION_UNKNOWN_FAIL_CLOSED,0.0,0.0,,
vls_mom_contrarian_v1_frozen,order,raw,PLANNED,2023-12-27T15:00:00+08:00,002607,SELL,6800.0,3.91,26588.0,19.941,2023-12-27,2023-12-28,2023-12-27:002607:SELL,0.00075,100.0,,,,,,,,,,,,
vls_mom_contrarian_v1_frozen,order,raw,FILLED,2023-12-28T09:30:00+08:00,002607,SELL,6800.0,,,,2023-12-27,2023-12-28,2023-12-27:002607:SELL,,,6800.0,3.9060900000000003,26561.412,19.921059,,0.0,,,,,,
vls_mom_contrarian_v1_frozen,order,raw,PLANNED,2023-12-27T15:00:00+08:00,603392,BUY,500.0,81.587,40793.5,30.595125,2023-12-27,2023-12-28,2023-12-27:603392:BUY,0.00075,100.0,,,,,,,,,,,,
vls_mom_contrarian_v1_frozen,order,raw,FILLED,2023-12-28T09:30:00+08:00,603392,BUY,500.0,,,,2023-12-27,2023-12-28,2023-12-27:603392:BUY,,,500.0,73.5735,36786.75,27.590062500000002,,0.0,,,,,,
vls_mom_contrarian_v1_frozen,corporate_action,raw,CORPORATE_ACTION_FREEZE,2023-12-29T09:25:00+08:00,,,,,,,,,,,,,,,,,,2023-12-29,unknown_corporate_action_type,0.0,0.0,,
vls_mom_contrarian_v1_frozen,corporate_action,raw,CORPORATE_ACTION_FREEZE,2023-12-29T09:25:00+08:00,,,,,,,,,,,,,,,,,,2023-12-29,CORPORATE_ACTION_UNKNOWN_FAIL_CLOSED,0.0,0.0,,
