strategy,event_type,mark_price_basis,order_status,event_timestamp,symbol,side,planned_shares,planned_price,planned_notional,planned_fee,signal_date,execution_date,order_id,cost_rate,lot_size,filled_shares,filled_price,filled_notional,fee,reject_reason,remaining_shares,event_date,source_reason,cash_delta,share_delta
vls_mom_contrarian_v1_frozen,order,raw,PLANNED,2024-01-02T15:00:00+08:00,000042,BUY,8000.0,6.18,49440.0,37.08,2024-01-02,2024-01-03,2024-01-02:000042:BUY,0.00075,100.0,,,,,,,,,,
vls_mom_contrarian_v1_frozen,order,raw,FILLED,2024-01-03T09:30:00+08:00,000042,BUY,8000.0,,,,2024-01-02,2024-01-03,2024-01-02:000042:BUY,,,8000.0,5.645639999999999,45165.119999999995,33.873839999999994,,0.0,,,,
vls_mom_contrarian_v1_frozen,order,raw,PLANNED,2024-01-02T15:00:00+08:00,000069,BUY,15000.0,3.33,49950.0,37.4625,2024-01-02,2024-01-03,2024-01-02:000069:BUY,0.00075,100.0,,,,,,,,,,
vls_mom_contrarian_v1_frozen,order,raw,FILLED,2024-01-03T09:30:00+08:00,000069,BUY,15000.0,,,,2024-01-02,2024-01-03,2024-01-02:000069:BUY,,,15000.0,3.02302,45345.299999999996,34.008975,,0.0,,,,
vls_mom_contrarian_v1_frozen,order,raw,PLANNED,2024-01-02T15:00:00+08:00,000402,BUY,12700.0,3.927,49872.9,37.404675000000005,2024-01-02,2024-01-03,2024-01-02:000402:BUY,0.00075,100.0,,,,,,,,,,
vls_mom_contrarian_v1_frozen,order,raw,FILLED,2024-01-03T09:30:00+08:00,000402,BUY,12700.0,,,,2024-01-02,2024-01-03,2024-01-02:000402:BUY,,,12700.0,3.56356,45257.212,33.942909,,0.0,,,,
vls_mom_contrarian_v1_frozen,order,raw,PLANNED,2024-01-02T15:00:00+08:00,000926,BUY,10800.0,4.609000000000001,49777.20000000001,37.33290000000001,2024-01-02,2024-01-03,2024-01-02:000926:BUY,0.00075,100.0,,,,,,,,,,
vls_mom_contrarian_v1_frozen,order,raw,FILLED,2024-01-03T09:30:00+08:00,000926,BUY,10800.0,,,,2024-01-02,2024-01-03,2024-01-02:000926:BUY,,,10800.0,4.2042,45405.36,34.05402,,0.0,,,,
vls_mom_contrarian_v1_frozen,order,raw,PLANNED,2024-01-02T15:00:00+08:00,002146,BUY,27200.0,1.837,49966.4,37.4748,2024-01-02,2024-01-03,2024-01-02:002146:BUY,0.00075,100.0,,,,,,,,,,
vls_mom_contrarian_v1_frozen,order,raw,FILLED,2024-01-03T09:30:00+08:00,002146,BUY,27200.0,,,,2024-01-02,2024-01-03,2024-01-02:002146:BUY,,,27200.0,1.6716699999999998,45469.42399999999,34.102067999999996,,0.0,,,,
vls_mom_contrarian_v1_frozen,order,raw,PLANNED,2024-01-02T15:00:00+08:00,600016,BUY,12000.0,4.136,49632.0,37.224000000000004,2024-01-02,2024-01-03,2024-01-02:600016:BUY,0.00075,100.0,,,,,,,,,,
vls_mom_contrarian_v1_frozen,order,raw,FILLED,2024-01-03T09:30:00+08:00,600016,BUY,12000.0,,,,2024-01-02,2024-01-03,2024-01-02:600016:BUY,,,12000.0,3.7637599999999996,45165.119999999995,33.873839999999994,,0.0,,,,
vls_mom_contrarian_v1_frozen,order,raw,PLANNED,2024-01-02T15:00:00+08:00,600376,BUY,15300.0,3.2560000000000002,49816.8,37.3626,2024-01-02,2024-01-03,2024-01-02:600376:BUY,0.00075,100.0,,,,,,,,,,
vls_mom_contrarian_v1_frozen,order,raw,FILLED,2024-01-03T09:30:00+08:00,600376,BUY,15300.0,,,,2024-01-02,2024-01-03,2024-01-02:600376:BUY,,,15300.0,2.96296,45333.288,33.999966,,0.0,,,,
vls_mom_contrarian_v1_frozen,order,raw,PLANNED,2024-01-02T15:00:00+08:00,600383,BUY,10700.0,4.66,49862.0,37.3965,2024-01-02,2024-01-03,2024-01-02:600383:BUY,0.00075,100.0,,,,,,,,,,
vls_mom_contrarian_v1_frozen,order,raw,FILLED,2024-01-03T09:30:00+08:00,600383,BUY,10700.0,,,,2024-01-02,2024-01-03,2024-01-02:600383:BUY,,,10700.0,4.25425,45520.475,34.140356249999996,,0.0,,,,
vls_mom_contrarian_v1_frozen,order,raw,PLANNED,2024-01-02T15:00:00+08:00,600606,BUY,20000.0,2.4970000000000003,49940.00000000001,37.455000000000005,2024-01-02,2024-01-03,2024-01-02:600606:BUY,0.00075,100.0,,,,,,,,,,
vls_mom_contrarian_v1_frozen,order,raw,FILLED,2024-01-03T09:30:00+08:00,600606,BUY,20000.0,,,,2024-01-02,2024-01-03,2024-01-02:600606:BUY,,,20000.0,2.27227,45445.399999999994,34.08405,,0.0,,,,
vls_mom_contrarian_v1_frozen,order,raw,PLANNED,2024-01-02T15:00:00+08:00,601828,BUY,11700.0,4.246,49678.200000000004,37.25865,2024-01-02,2024-01-03,2024-01-02:601828:BUY,0.00075,100.0,,,,,,,,,,
vls_mom_contrarian_v1_frozen,order,raw,FILLED,2024-01-03T09:30:00+08:00,601828,BUY,11700.0,,,,2024-01-02,2024-01-03,2024-01-02:601828:BUY,,,11700.0,3.8738699999999997,45324.278999999995,33.99320925,,0.0,,,,
vls_mom_contrarian_v1_frozen,corporate_action,raw,CORPORATE_ACTION_FREEZE,2024-01-08T09:25:00+08:00,,,,,,,,,,,,,,,,,,2024-01-08,unknown_corporate_action_type,0.0,0.0
vls_mom_contrarian_v1_frozen,corporate_action,raw,CORPORATE_ACTION_FREEZE,2024-01-08T09:25:00+08:00,,,,,,,,,,,,,,,,,,2024-01-08,CORPORATE_ACTION_UNKNOWN_FAIL_CLOSED,0.0,0.0
vls_mom_contrarian_v1_frozen,corporate_action,raw,CORPORATE_ACTION_FREEZE,2024-01-10T09:25:00+08:00,,,,,,,,,,,,,,,,,,2024-01-10,unknown_corporate_action_type,0.0,0.0
vls_mom_contrarian_v1_frozen,corporate_action,raw,CORPORATE_ACTION_FREEZE,2024-01-10T09:25:00+08:00,,,,,,,,,,,,,,,,,,2024-01-10,CORPORATE_ACTION_UNKNOWN_FAIL_CLOSED,0.0,0.0
vls_mom_contrarian_v1_frozen,corporate_action,raw,CORPORATE_ACTION_FREEZE,2024-01-19T09:25:00+08:00,,,,,,,,,,,,,,,,,,2024-01-19,unknown_corporate_action_type,0.0,0.0
vls_mom_contrarian_v1_frozen,corporate_action,raw,CORPORATE_ACTION_FREEZE,2024-01-19T09:25:00+08:00,,,,,,,,,,,,,,,,,,2024-01-19,CORPORATE_ACTION_UNKNOWN_FAIL_CLOSED,0.0,0.0
vls_mom_contrarian_v1_frozen,corporate_action,raw,CORPORATE_ACTION_FREEZE,2024-01-23T09:25:00+08:00,,,,,,,,,,,,,,,,,,2024-01-23,unknown_corporate_action_type,0.0,0.0
vls_mom_contrarian_v1_frozen,corporate_action,raw,CORPORATE_ACTION_FREEZE,2024-01-23T09:25:00+08:00,,,,,,,,,,,,,,,,,,2024-01-23,CORPORATE_ACTION_UNKNOWN_FAIL_CLOSED,0.0,0.0
vls_mom_contrarian_v1_frozen,corporate_action,raw,CORPORATE_ACTION_FREEZE,2024-01-24T09:25:00+08:00,,,,,,,,,,,,,,,,,,2024-01-24,unknown_corporate_action_type,0.0,0.0
vls_mom_contrarian_v1_frozen,corporate_action,raw,CORPORATE_ACTION_FREEZE,2024-01-24T09:25:00+08:00,,,,,,,,,,,,,,,,,,2024-01-24,CORPORATE_ACTION_UNKNOWN_FAIL_CLOSED,0.0,0.0
vls_mom_contrarian_v1_frozen,corporate_action,raw,CORPORATE_ACTION_FREEZE,2024-01-29T09:25:00+08:00,,,,,,,,,,,,,,,,,,2024-01-29,unknown_corporate_action_type,0.0,0.0
vls_mom_contrarian_v1_frozen,corporate_action,raw,CORPORATE_ACTION_FREEZE,2024-01-29T09:25:00+08:00,,,,,,,,,,,,,,,,,,2024-01-29,CORPORATE_ACTION_UNKNOWN_FAIL_CLOSED,0.0,0.0
vls_mom_contrarian_v1_frozen,corporate_action,raw,CORPORATE_ACTION_FREEZE,2024-01-31T09:25:00+08:00,,,,,,,,,,,,,,,,,,2024-01-31,unknown_corporate_action_type,0.0,0.0
vls_mom_contrarian_v1_frozen,corporate_action,raw,CORPORATE_ACTION_FREEZE,2024-01-31T09:25:00+08:00,,,,,,,,,,,,,,,,,,2024-01-31,CORPORATE_ACTION_UNKNOWN_FAIL_CLOSED,0.0,0.0
vls_mom_contrarian_v1_frozen,corporate_action,raw,CORPORATE_ACTION_FREEZE,2024-02-08T09:25:00+08:00,,,,,,,,,,,,,,,,,,2024-02-08,unknown_corporate_action_type,0.0,0.0
vls_mom_contrarian_v1_frozen,corporate_action,raw,CORPORATE_ACTION_FREEZE,2024-02-08T09:25:00+08:00,,,,,,,,,,,,,,,,,,2024-02-08,CORPORATE_ACTION_UNKNOWN_FAIL_CLOSED,0.0,0.0
vls_mom_contrarian_v1_frozen,corporate_action,raw,CORPORATE_ACTION_FREEZE,2024-02-22T09:25:00+08:00,,,,,,,,,,,,,,,,,,2024-02-22,unknown_corporate_action_type,0.0,0.0
vls_mom_contrarian_v1_frozen,corporate_action,raw,CORPORATE_ACTION_FREEZE,2024-02-22T09:25:00+08:00,,,,,,,,,,,,,,,,,,2024-02-22,CORPORATE_ACTION_UNKNOWN_FAIL_CLOSED,0.0,0.0
vls_mom_contrarian_v1_frozen,corporate_action,raw,CORPORATE_ACTION_FREEZE,2024-02-23T09:25:00+08:00,,,,,,,,,,,,,,,,,,2024-02-23,unknown_corporate_action_type,0.0,0.0
vls_mom_contrarian_v1_frozen,corporate_action,raw,CORPORATE_ACTION_FREEZE,2024-02-23T09:25:00+08:00,,,,,,,,,,,,,,,,,,2024-02-23,CORPORATE_ACTION_UNKNOWN_FAIL_CLOSED,0.0,0.0
vls_mom_contrarian_v1_frozen,corporate_action,raw,CORPORATE_ACTION_FREEZE,2024-02-28T09:25:00+08:00,,,,,,,,,,,,,,,,,,2024-02-28,unknown_corporate_action_type,0.0,0.0
vls_mom_contrarian_v1_frozen,corporate_action,raw,CORPORATE_ACTION_FREEZE,2024-02-28T09:25:00+08:00,,,,,,,,,,,,,,,,,,2024-02-28,CORPORATE_ACTION_UNKNOWN_FAIL_CLOSED,0.0,0.0
vls_mom_contrarian_v1_frozen,corporate_action,raw,CORPORATE_ACTION_FREEZE,2024-03-08T09:25:00+08:00,,,,,,,,,,,,,,,,,,2024-03-08,unknown_corporate_action_type,0.0,0.0
vls_mom_contrarian_v1_frozen,corporate_action,raw,CORPORATE_ACTION_FREEZE,2024-03-08T09:25:00+08:00,,,,,,,,,,,,,,,,,,2024-03-08,CORPORATE_ACTION_UNKNOWN_FAIL_CLOSED,0.0,0.0
vls_mom_contrarian_v1_frozen,corporate_action,raw,CORPORATE_ACTION_FREEZE,2024-03-18T09:25:00+08:00,,,,,,,,,,,,,,,,,,2024-03-18,unknown_corporate_action_type,0.0,0.0
vls_mom_contrarian_v1_frozen,corporate_action,raw,CORPORATE_ACTION_FREEZE,2024-03-18T09:25:00+08:00,,,,,,,,,,,,,,,,,,2024-03-18,CORPORATE_ACTION_UNKNOWN_FAIL_CLOSED,0.0,0.0
vls_mom_contrarian_v1_frozen,corporate_action,raw,CORPORATE_ACTION_FREEZE,2024-03-29T09:25:00+08:00,,,,,,,,,,,,,,,,,,2024-03-29,unknown_corporate_action_type,0.0,0.0
vls_mom_contrarian_v1_frozen,corporate_action,raw,CORPORATE_ACTION_FREEZE,2024-03-29T09:25:00+08:00,,,,,,,,,,,,,,,,,,2024-03-29,CORPORATE_ACTION_UNKNOWN_FAIL_CLOSED,0.0,0.0
vls_mom_contrarian_v1_frozen,corporate_action,raw,CORPORATE_ACTION_FREEZE,2024-04-01T09:25:00+08:00,,,,,,,,,,,,,,,,,,2024-04-01,unknown_corporate_action_type,0.0,0.0
vls_mom_contrarian_v1_frozen,corporate_action,raw,CORPORATE_ACTION_FREEZE,2024-04-01T09:25:00+08:00,,,,,,,,,,,,,,,,,,2024-04-01,CORPORATE_ACTION_UNKNOWN_FAIL_CLOSED,0.0,0.0
vls_mom_contrarian_v1_frozen,corporate_action,raw,CORPORATE_ACTION_FREEZE,2024-04-09T09:25:00+08:00,,,,,,,,,,,,,,,,,,2024-04-09,unknown_corporate_action_type,0.0,0.0
vls_mom_contrarian_v1_frozen,corporate_action,raw,CORPORATE_ACTION_FREEZE,2024-04-09T09:25:00+08:00,,,,,,,,,,,,,,,,,,2024-04-09,CORPORATE_ACTION_UNKNOWN_FAIL_CLOSED,0.0,0.0
vls_mom_contrarian_v1_frozen,corporate_action,raw,CORPORATE_ACTION_FREEZE,2024-04-10T09:25:00+08:00,,,,,,,,,,,,,,,,,,2024-04-10,unknown_corporate_action_type,0.0,0.0
vls_mom_contrarian_v1_frozen,corporate_action,raw,CORPORATE_ACTION_FREEZE,2024-04-10T09:25:00+08:00,,,,,,,,,,,,,,,,,,2024-04-10,CORPORATE_ACTION_UNKNOWN_FAIL_CLOSED,0.0,0.0
vls_mom_contrarian_v1_frozen,corporate_action,raw,CORPORATE_ACTION_FREEZE,2024-04-12T09:25:00+08:00,,,,,,,,,,,,,,,,,,2024-04-12,unknown_corporate_action_type,0.0,0.0
vls_mom_contrarian_v1_frozen,corporate_action,raw,CORPORATE_ACTION_FREEZE,2024-04-12T09:25:00+08:00,,,,,,,,,,,,,,,,,,2024-04-12,CORPORATE_ACTION_UNKNOWN_FAIL_CLOSED,0.0,0.0
vls_mom_contrarian_v1_frozen,corporate_action,raw,CORPORATE_ACTION_FREEZE,2024-04-15T09:25:00+08:00,,,,,,,,,,,,,,,,,,2024-04-15,unknown_corporate_action_type,0.0,0.0
vls_mom_contrarian_v1_frozen,corporate_action,raw,CORPORATE_ACTION_FREEZE,2024-04-15T09:25:00+08:00,,,,,,,,,,,,,,,,,,2024-04-15,CORPORATE_ACTION_UNKNOWN_FAIL_CLOSED,0.0,0.0
vls_mom_contrarian_v1_frozen,corporate_action,raw,CORPORATE_ACTION_FREEZE,2024-04-16T09:25:00+08:00,,,,,,,,,,,,,,,,,,2024-04-16,unknown_corporate_action_type,0.0,0.0
vls_mom_contrarian_v1_frozen,corporate_action,raw,CORPORATE_ACTION_FREEZE,2024-04-16T09:25:00+08:00,,,,,,,,,,,,,,,,,,2024-04-16,CORPORATE_ACTION_UNKNOWN_FAIL_CLOSED,0.0,0.0
vls_mom_contrarian_v1_frozen,corporate_action,raw,CORPORATE_ACTION_FREEZE,2024-04-17T09:25:00+08:00,,,,,,,,,,,,,,,,,,2024-04-17,unknown_corporate_action_type,0.0,0.0
vls_mom_contrarian_v1_frozen,corporate_action,raw,CORPORATE_ACTION_FREEZE,2024-04-17T09:25:00+08:00,,,,,,,,,,,,,,,,,,2024-04-17,CORPORATE_ACTION_UNKNOWN_FAIL_CLOSED,0.0,0.0
vls_mom_contrarian_v1_frozen,corporate_action,raw,CORPORATE_ACTION_FREEZE,2024-04-18T09:25:00+08:00,,,,,,,,,,,,,,,,,,2024-04-18,unknown_corporate_action_type,0.0,0.0
vls_mom_contrarian_v1_frozen,corporate_action,raw,CORPORATE_ACTION_FREEZE,2024-04-18T09:25:00+08:00,,,,,,,,,,,,,,,,,,2024-04-18,CORPORATE_ACTION_UNKNOWN_FAIL_CLOSED,0.0,0.0
vls_mom_contrarian_v1_frozen,corporate_action,raw,CORPORATE_ACTION_FREEZE,2024-04-19T09:25:00+08:00,,,,,,,,,,,,,,,,,,2024-04-19,unknown_corporate_action_type,0.0,0.0
vls_mom_contrarian_v1_frozen,corporate_action,raw,CORPORATE_ACTION_FREEZE,2024-04-19T09:25:00+08:00,,,,,,,,,,,,,,,,,,2024-04-19,CORPORATE_ACTION_UNKNOWN_FAIL_CLOSED,0.0,0.0
vls_mom_contrarian_v1_frozen,corporate_action,raw,CORPORATE_ACTION_FREEZE,2024-04-22T09:25:00+08:00,,,,,,,,,,,,,,,,,,2024-04-22,unknown_corporate_action_type,0.0,0.0
vls_mom_contrarian_v1_frozen,corporate_action,raw,CORPORATE_ACTION_FREEZE,2024-04-22T09:25:00+08:00,,,,,,,,,,,,,,,,,,2024-04-22,CORPORATE_ACTION_UNKNOWN_FAIL_CLOSED,0.0,0.0
vls_mom_contrarian_v1_frozen,corporate_action,raw,CORPORATE_ACTION_FREEZE,2024-04-23T09:25:00+08:00,,,,,,,,,,,,,,,,,,2024-04-23,unknown_corporate_action_type,0.0,0.0
vls_mom_contrarian_v1_frozen,corporate_action,raw,CORPORATE_ACTION_FREEZE,2024-04-23T09:25:00+08:00,,,,,,,,,,,,,,,,,,2024-04-23,CORPORATE_ACTION_UNKNOWN_FAIL_CLOSED,0.0,0.0
vls_mom_contrarian_v1_frozen,corporate_action,raw,CORPORATE_ACTION_FREEZE,2024-04-24T09:25:00+08:00,,,,,,,,,,,,,,,,,,2024-04-24,unknown_corporate_action_type,0.0,0.0
vls_mom_contrarian_v1_frozen,corporate_action,raw,CORPORATE_ACTION_FREEZE,2024-04-24T09:25:00+08:00,,,,,,,,,,,,,,,,,,2024-04-24,CORPORATE_ACTION_UNKNOWN_FAIL_CLOSED,0.0,0.0
vls_mom_contrarian_v1_frozen,corporate_action,raw,CORPORATE_ACTION_FREEZE,2024-04-25T09:25:00+08:00,,,,,,,,,,,,,,,,,,2024-04-25,unknown_corporate_action_type,0.0,0.0
vls_mom_contrarian_v1_frozen,corporate_action,raw,CORPORATE_ACTION_FREEZE,2024-04-25T09:25:00+08:00,,,,,,,,,,,,,,,,,,2024-04-25,CORPORATE_ACTION_UNKNOWN_FAIL_CLOSED,0.0,0.0
vls_mom_contrarian_v1_frozen,corporate_action,raw,CORPORATE_ACTION_FREEZE,2024-04-26T09:25:00+08:00,,,,,,,,,,,,,,,,,,2024-04-26,unknown_corporate_action_type,0.0,0.0
vls_mom_contrarian_v1_frozen,corporate_action,raw,CORPORATE_ACTION_FREEZE,2024-04-26T09:25:00+08:00,,,,,,,,,,,,,,,,,,2024-04-26,CORPORATE_ACTION_UNKNOWN_FAIL_CLOSED,0.0,0.0
vls_mom_contrarian_v1_frozen,corporate_action,raw,CORPORATE_ACTION_FREEZE,2024-04-29T09:25:00+08:00,,,,,,,,,,,,,,,,,,2024-04-29,unknown_corporate_action_type,0.0,0.0
vls_mom_contrarian_v1_frozen,corporate_action,raw,CORPORATE_ACTION_FREEZE,2024-04-29T09:25:00+08:00,,,,,,,,,,,,,,,,,,2024-04-29,CORPORATE_ACTION_UNKNOWN_FAIL_CLOSED,0.0,0.0
vls_mom_contrarian_v1_frozen,corporate_action,raw,CORPORATE_ACTION_FREEZE,2024-04-30T09:25:00+08:00,,,,,,,,,,,,,,,,,,2024-04-30,unknown_corporate_action_type,0.0,0.0
vls_mom_contrarian_v1_frozen,corporate_action,raw,CORPORATE_ACTION_FREEZE,2024-04-30T09:25:00+08:00,,,,,,,,,,,,,,,,,,2024-04-30,CORPORATE_ACTION_UNKNOWN_FAIL_CLOSED,0.0,0.0
vls_mom_contrarian_v1_frozen,corporate_action,raw,CORPORATE_ACTION_FREEZE,2024-05-06T09:25:00+08:00,,,,,,,,,,,,,,,,,,2024-05-06,unknown_corporate_action_type,0.0,0.0
vls_mom_contrarian_v1_frozen,corporate_action,raw,CORPORATE_ACTION_FREEZE,2024-05-06T09:25:00+08:00,,,,,,,,,,,,,,,,,,2024-05-06,CORPORATE_ACTION_UNKNOWN_FAIL_CLOSED,0.0,0.0
vls_mom_contrarian_v1_frozen,corporate_action,raw,CORPORATE_ACTION_FREEZE,2024-05-07T09:25:00+08:00,,,,,,,,,,,,,,,,,,2024-05-07,unknown_corporate_action_type,0.0,0.0
vls_mom_contrarian_v1_frozen,corporate_action,raw,CORPORATE_ACTION_FREEZE,2024-05-07T09:25:00+08:00,,,,,,,,,,,,,,,,,,2024-05-07,CORPORATE_ACTION_UNKNOWN_FAIL_CLOSED,0.0,0.0
vls_mom_contrarian_v1_frozen,corporate_action,raw,CORPORATE_ACTION_FREEZE,2024-05-08T09:25:00+08:00,,,,,,,,,,,,,,,,,,2024-05-08,unknown_corporate_action_type,0.0,0.0
vls_mom_contrarian_v1_frozen,corporate_action,raw,CORPORATE_ACTION_FREEZE,2024-05-08T09:25:00+08:00,,,,,,,,,,,,,,,,,,2024-05-08,CORPORATE_ACTION_UNKNOWN_FAIL_CLOSED,0.0,0.0
vls_mom_contrarian_v1_frozen,corporate_action,raw,CORPORATE_ACTION_FREEZE,2024-05-09T09:25:00+08:00,,,,,,,,,,,,,,,,,,2024-05-09,unknown_corporate_action_type,0.0,0.0
vls_mom_contrarian_v1_frozen,corporate_action,raw,CORPORATE_ACTION_FREEZE,2024-05-09T09:25:00+08:00,,,,,,,,,,,,,,,,,,2024-05-09,CORPORATE_ACTION_UNKNOWN_FAIL_CLOSED,0.0,0.0
vls_mom_contrarian_v1_frozen,corporate_action,raw,CORPORATE_ACTION_FREEZE,2024-05-10T09:25:00+08:00,,,,,,,,,,,,,,,,,,2024-05-10,unknown_corporate_action_type,0.0,0.0
vls_mom_contrarian_v1_frozen,corporate_action,raw,CORPORATE_ACTION_FREEZE,2024-05-10T09:25:00+08:00,,,,,,,,,,,,,,,,,,2024-05-10,CORPORATE_ACTION_UNKNOWN_FAIL_CLOSED,0.0,0.0
vls_mom_contrarian_v1_frozen,corporate_action,raw,CORPORATE_ACTION_FREEZE,2024-05-13T09:25:00+08:00,,,,,,,,,,,,,,,,,,2024-05-13,unknown_corporate_action_type,0.0,0.0
vls_mom_contrarian_v1_frozen,corporate_action,raw,CORPORATE_ACTION_FREEZE,2024-05-13T09:25:00+08:00,,,,,,,,,,,,,,,,,,2024-05-13,CORPORATE_ACTION_UNKNOWN_FAIL_CLOSED,0.0,0.0
vls_mom_contrarian_v1_frozen,corporate_action,raw,CORPORATE_ACTION_FREEZE,2024-05-14T09:25:00+08:00,,,,,,,,,,,,,,,,,,2024-05-14,unknown_corporate_action_type,0.0,0.0
vls_mom_contrarian_v1_frozen,corporate_action,raw,CORPORATE_ACTION_FREEZE,2024-05-14T09:25:00+08:00,,,,,,,,,,,,,,,,,,2024-05-14,CORPORATE_ACTION_UNKNOWN_FAIL_CLOSED,0.0,0.0
vls_mom_contrarian_v1_frozen,corporate_action,raw,CORPORATE_ACTION_FREEZE,2024-05-15T09:25:00+08:00,,,,,,,,,,,,,,,,,,2024-05-15,unknown_corporate_action_type,0.0,0.0
vls_mom_contrarian_v1_frozen,corporate_action,raw,CORPORATE_ACTION_FREEZE,2024-05-15T09:25:00+08:00,,,,,,,,,,,,,,,,,,2024-05-15,CORPORATE_ACTION_UNKNOWN_FAIL_CLOSED,0.0,0.0
vls_mom_contrarian_v1_frozen,corporate_action,raw,CORPORATE_ACTION_FREEZE,2024-05-16T09:25:00+08:00,,,,,,,,,,,,,,,,,,2024-05-16,unknown_corporate_action_type,0.0,0.0
vls_mom_contrarian_v1_frozen,corporate_action,raw,CORPORATE_ACTION_FREEZE,2024-05-16T09:25:00+08:00,,,,,,,,,,,,,,,,,,2024-05-16,CORPORATE_ACTION_UNKNOWN_FAIL_CLOSED,0.0,0.0
vls_mom_contrarian_v1_frozen,corporate_action,raw,CORPORATE_ACTION_FREEZE,2024-05-17T09:25:00+08:00,,,,,,,,,,,,,,,,,,2024-05-17,unknown_corporate_action_type,0.0,0.0
vls_mom_contrarian_v1_frozen,corporate_action,raw,CORPORATE_ACTION_FREEZE,2024-05-17T09:25:00+08:00,,,,,,,,,,,,,,,,,,2024-05-17,CORPORATE_ACTION_UNKNOWN_FAIL_CLOSED,0.0,0.0
vls_mom_contrarian_v1_frozen,corporate_action,raw,CORPORATE_ACTION_FREEZE,2024-05-20T09:25:00+08:00,,,,,,,,,,,,,,,,,,2024-05-20,unknown_corporate_action_type,0.0,0.0
vls_mom_contrarian_v1_frozen,corporate_action,raw,CORPORATE_ACTION_FREEZE,2024-05-20T09:25:00+08:00,,,,,,,,,,,,,,,,,,2024-05-20,CORPORATE_ACTION_UNKNOWN_FAIL_CLOSED,0.0,0.0
vls_mom_contrarian_v1_frozen,corporate_action,raw,CORPORATE_ACTION_FREEZE,2024-05-21T09:25:00+08:00,,,,,,,,,,,,,,,,,,2024-05-21,unknown_corporate_action_type,0.0,0.0
vls_mom_contrarian_v1_frozen,corporate_action,raw,CORPORATE_ACTION_FREEZE,2024-05-21T09:25:00+08:00,,,,,,,,,,,,,,,,,,2024-05-21,CORPORATE_ACTION_UNKNOWN_FAIL_CLOSED,0.0,0.0
vls_mom_contrarian_v1_frozen,corporate_action,raw,CORPORATE_ACTION_FREEZE,2024-05-22T09:25:00+08:00,,,,,,,,,,,,,,,,,,2024-05-22,unknown_corporate_action_type,0.0,0.0
vls_mom_contrarian_v1_frozen,corporate_action,raw,CORPORATE_ACTION_FREEZE,2024-05-22T09:25:00+08:00,,,,,,,,,,,,,,,,,,2024-05-22,CORPORATE_ACTION_UNKNOWN_FAIL_CLOSED,0.0,0.0
vls_mom_contrarian_v1_frozen,corporate_action,raw,CORPORATE_ACTION_FREEZE,2024-05-23T09:25:00+08:00,,,,,,,,,,,,,,,,,,2024-05-23,unknown_corporate_action_type,0.0,0.0
vls_mom_contrarian_v1_frozen,corporate_action,raw,CORPORATE_ACTION_FREEZE,2024-05-23T09:25:00+08:00,,,,,,,,,,,,,,,,,,2024-05-23,CORPORATE_ACTION_UNKNOWN_FAIL_CLOSED,0.0,0.0
vls_mom_contrarian_v1_frozen,corporate_action,raw,CORPORATE_ACTION_FREEZE,2024-05-24T09:25:00+08:00,,,,,,,,,,,,,,,,,,2024-05-24,unknown_corporate_action_type,0.0,0.0
vls_mom_contrarian_v1_frozen,corporate_action,raw,CORPORATE_ACTION_FREEZE,2024-05-24T09:25:00+08:00,,,,,,,,,,,,,,,,,,2024-05-24,CORPORATE_ACTION_UNKNOWN_FAIL_CLOSED,0.0,0.0
vls_mom_contrarian_v1_frozen,corporate_action,raw,CORPORATE_ACTION_FREEZE,2024-05-27T09:25:00+08:00,,,,,,,,,,,,,,,,,,2024-05-27,unknown_corporate_action_type,0.0,0.0
vls_mom_contrarian_v1_frozen,corporate_action,raw,CORPORATE_ACTION_FREEZE,2024-05-27T09:25:00+08:00,,,,,,,,,,,,,,,,,,2024-05-27,CORPORATE_ACTION_UNKNOWN_FAIL_CLOSED,0.0,0.0
vls_mom_contrarian_v1_frozen,corporate_action,raw,CORPORATE_ACTION_FREEZE,2024-05-28T09:25:00+08:00,,,,,,,,,,,,,,,,,,2024-05-28,unknown_corporate_action_type,0.0,0.0
vls_mom_contrarian_v1_frozen,corporate_action,raw,CORPORATE_ACTION_FREEZE,2024-05-28T09:25:00+08:00,,,,,,,,,,,,,,,,,,2024-05-28,CORPORATE_ACTION_UNKNOWN_FAIL_CLOSED,0.0,0.0
vls_mom_contrarian_v1_frozen,corporate_action,raw,CORPORATE_ACTION_FREEZE,2024-05-29T09:25:00+08:00,,,,,,,,,,,,,,,,,,2024-05-29,unknown_corporate_action_type,0.0,0.0
vls_mom_contrarian_v1_frozen,corporate_action,raw,CORPORATE_ACTION_FREEZE,2024-05-29T09:25:00+08:00,,,,,,,,,,,,,,,,,,2024-05-29,CORPORATE_ACTION_UNKNOWN_FAIL_CLOSED,0.0,0.0
vls_mom_contrarian_v1_frozen,corporate_action,raw,CORPORATE_ACTION_FREEZE,2024-05-30T09:25:00+08:00,,,,,,,,,,,,,,,,,,2024-05-30,unknown_corporate_action_type,0.0,0.0
vls_mom_contrarian_v1_frozen,corporate_action,raw,CORPORATE_ACTION_FREEZE,2024-05-30T09:25:00+08:00,,,,,,,,,,,,,,,,,,2024-05-30,CORPORATE_ACTION_UNKNOWN_FAIL_CLOSED,0.0,0.0
vls_mom_contrarian_v1_frozen,corporate_action,raw,CORPORATE_ACTION_FREEZE,2024-05-31T09:25:00+08:00,,,,,,,,,,,,,,,,,,2024-05-31,unknown_corporate_action_type,0.0,0.0
vls_mom_contrarian_v1_frozen,corporate_action,raw,CORPORATE_ACTION_FREEZE,2024-05-31T09:25:00+08:00,,,,,,,,,,,,,,,,,,2024-05-31,CORPORATE_ACTION_UNKNOWN_FAIL_CLOSED,0.0,0.0
vls_mom_contrarian_v1_frozen,corporate_action,raw,CORPORATE_ACTION_FREEZE,2024-06-03T09:25:00+08:00,,,,,,,,,,,,,,,,,,2024-06-03,unknown_corporate_action_type,0.0,0.0
vls_mom_contrarian_v1_frozen,corporate_action,raw,CORPORATE_ACTION_FREEZE,2024-06-03T09:25:00+08:00,,,,,,,,,,,,,,,,,,2024-06-03,CORPORATE_ACTION_UNKNOWN_FAIL_CLOSED,0.0,0.0
vls_mom_contrarian_v1_frozen,corporate_action,raw,CORPORATE_ACTION_FREEZE,2024-06-04T09:25:00+08:00,,,,,,,,,,,,,,,,,,2024-06-04,unknown_corporate_action_type,0.0,0.0
vls_mom_contrarian_v1_frozen,corporate_action,raw,CORPORATE_ACTION_FREEZE,2024-06-04T09:25:00+08:00,,,,,,,,,,,,,,,,,,2024-06-04,CORPORATE_ACTION_UNKNOWN_FAIL_CLOSED,0.0,0.0
vls_mom_contrarian_v1_frozen,corporate_action,raw,CORPORATE_ACTION_FREEZE,2024-06-05T09:25:00+08:00,,,,,,,,,,,,,,,,,,2024-06-05,unknown_corporate_action_type,0.0,0.0
vls_mom_contrarian_v1_frozen,corporate_action,raw,CORPORATE_ACTION_FREEZE,2024-06-05T09:25:00+08:00,,,,,,,,,,,,,,,,,,2024-06-05,CORPORATE_ACTION_UNKNOWN_FAIL_CLOSED,0.0,0.0
vls_mom_contrarian_v1_frozen,corporate_action,raw,CORPORATE_ACTION_FREEZE,2024-06-06T09:25:00+08:00,,,,,,,,,,,,,,,,,,2024-06-06,unknown_corporate_action_type,0.0,0.0
vls_mom_contrarian_v1_frozen,corporate_action,raw,CORPORATE_ACTION_FREEZE,2024-06-06T09:25:00+08:00,,,,,,,,,,,,,,,,,,2024-06-06,CORPORATE_ACTION_UNKNOWN_FAIL_CLOSED,0.0,0.0
vls_mom_contrarian_v1_frozen,corporate_action,raw,CORPORATE_ACTION_FREEZE,2024-06-07T09:25:00+08:00,,,,,,,,,,,,,,,,,,2024-06-07,unknown_corporate_action_type,0.0,0.0
vls_mom_contrarian_v1_frozen,corporate_action,raw,CORPORATE_ACTION_FREEZE,2024-06-07T09:25:00+08:00,,,,,,,,,,,,,,,,,,2024-06-07,CORPORATE_ACTION_UNKNOWN_FAIL_CLOSED,0.0,0.0
vls_mom_contrarian_v1_frozen,corporate_action,raw,CORPORATE_ACTION_FREEZE,2024-06-11T09:25:00+08:00,,,,,,,,,,,,,,,,,,2024-06-11,unknown_corporate_action_type,0.0,0.0
vls_mom_contrarian_v1_frozen,corporate_action,raw,CORPORATE_ACTION_FREEZE,2024-06-11T09:25:00+08:00,,,,,,,,,,,,,,,,,,2024-06-11,CORPORATE_ACTION_UNKNOWN_FAIL_CLOSED,0.0,0.0
vls_mom_contrarian_v1_frozen,corporate_action,raw,CORPORATE_ACTION_FREEZE,2024-06-12T09:25:00+08:00,,,,,,,,,,,,,,,,,,2024-06-12,unknown_corporate_action_type,0.0,0.0
vls_mom_contrarian_v1_frozen,corporate_action,raw,CORPORATE_ACTION_FREEZE,2024-06-12T09:25:00+08:00,,,,,,,,,,,,,,,,,,2024-06-12,CORPORATE_ACTION_UNKNOWN_FAIL_CLOSED,0.0,0.0
vls_mom_contrarian_v1_frozen,corporate_action,raw,CORPORATE_ACTION_FREEZE,2024-06-13T09:25:00+08:00,,,,,,,,,,,,,,,,,,2024-06-13,unknown_corporate_action_type,0.0,0.0
vls_mom_contrarian_v1_frozen,corporate_action,raw,CORPORATE_ACTION_FREEZE,2024-06-13T09:25:00+08:00,,,,,,,,,,,,,,,,,,2024-06-13,CORPORATE_ACTION_UNKNOWN_FAIL_CLOSED,0.0,0.0
vls_mom_contrarian_v1_frozen,corporate_action,raw,CORPORATE_ACTION_FREEZE,2024-06-14T09:25:00+08:00,,,,,,,,,,,,,,,,,,2024-06-14,unknown_corporate_action_type,0.0,0.0
vls_mom_contrarian_v1_frozen,corporate_action,raw,CORPORATE_ACTION_FREEZE,2024-06-14T09:25:00+08:00,,,,,,,,,,,,,,,,,,2024-06-14,CORPORATE_ACTION_UNKNOWN_FAIL_CLOSED,0.0,0.0
vls_mom_contrarian_v1_frozen,corporate_action,raw,CORPORATE_ACTION_FREEZE,2024-06-17T09:25:00+08:00,,,,,,,,,,,,,,,,,,2024-06-17,unknown_corporate_action_type,0.0,0.0
vls_mom_contrarian_v1_frozen,corporate_action,raw,CORPORATE_ACTION_FREEZE,2024-06-17T09:25:00+08:00,,,,,,,,,,,,,,,,,,2024-06-17,CORPORATE_ACTION_UNKNOWN_FAIL_CLOSED,0.0,0.0
vls_mom_contrarian_v1_frozen,corporate_action,raw,CORPORATE_ACTION_FREEZE,2024-06-18T09:25:00+08:00,,,,,,,,,,,,,,,,,,2024-06-18,unknown_corporate_action_type,0.0,0.0
vls_mom_contrarian_v1_frozen,corporate_action,raw,CORPORATE_ACTION_FREEZE,2024-06-18T09:25:00+08:00,,,,,,,,,,,,,,,,,,2024-06-18,CORPORATE_ACTION_UNKNOWN_FAIL_CLOSED,0.0,0.0
vls_mom_contrarian_v1_frozen,corporate_action,raw,CORPORATE_ACTION_FREEZE,2024-06-19T09:25:00+08:00,,,,,,,,,,,,,,,,,,2024-06-19,unknown_corporate_action_type,0.0,0.0
vls_mom_contrarian_v1_frozen,corporate_action,raw,CORPORATE_ACTION_FREEZE,2024-06-19T09:25:00+08:00,,,,,,,,,,,,,,,,,,2024-06-19,CORPORATE_ACTION_UNKNOWN_FAIL_CLOSED,0.0,0.0
vls_mom_contrarian_v1_frozen,corporate_action,raw,CORPORATE_ACTION_FREEZE,2024-06-20T09:25:00+08:00,,,,,,,,,,,,,,,,,,2024-06-20,unknown_corporate_action_type,0.0,0.0
vls_mom_contrarian_v1_frozen,corporate_action,raw,CORPORATE_ACTION_FREEZE,2024-06-20T09:25:00+08:00,,,,,,,,,,,,,,,,,,2024-06-20,CORPORATE_ACTION_UNKNOWN_FAIL_CLOSED,0.0,0.0
vls_mom_contrarian_v1_frozen,corporate_action,raw,CORPORATE_ACTION_FREEZE,2024-06-21T09:25:00+08:00,,,,,,,,,,,,,,,,,,2024-06-21,unknown_corporate_action_type,0.0,0.0
vls_mom_contrarian_v1_frozen,corporate_action,raw,CORPORATE_ACTION_FREEZE,2024-06-21T09:25:00+08:00,,,,,,,,,,,,,,,,,,2024-06-21,CORPORATE_ACTION_UNKNOWN_FAIL_CLOSED,0.0,0.0
vls_mom_contrarian_v1_frozen,corporate_action,raw,CORPORATE_ACTION_FREEZE,2024-06-24T09:25:00+08:00,,,,,,,,,,,,,,,,,,2024-06-24,unknown_corporate_action_type,0.0,0.0
vls_mom_contrarian_v1_frozen,corporate_action,raw,CORPORATE_ACTION_FREEZE,2024-06-24T09:25:00+08:00,,,,,,,,,,,,,,,,,,2024-06-24,CORPORATE_ACTION_UNKNOWN_FAIL_CLOSED,0.0,0.0
vls_mom_contrarian_v1_frozen,corporate_action,raw,CORPORATE_ACTION_FREEZE,2024-06-25T09:25:00+08:00,,,,,,,,,,,,,,,,,,2024-06-25,unknown_corporate_action_type,0.0,0.0
vls_mom_contrarian_v1_frozen,corporate_action,raw,CORPORATE_ACTION_FREEZE,2024-06-25T09:25:00+08:00,,,,,,,,,,,,,,,,,,2024-06-25,CORPORATE_ACTION_UNKNOWN_FAIL_CLOSED,0.0,0.0
vls_mom_contrarian_v1_frozen,corporate_action,raw,CORPORATE_ACTION_FREEZE,2024-06-26T09:25:00+08:00,,,,,,,,,,,,,,,,,,2024-06-26,unknown_corporate_action_type,0.0,0.0
vls_mom_contrarian_v1_frozen,corporate_action,raw,CORPORATE_ACTION_FREEZE,2024-06-26T09:25:00+08:00,,,,,,,,,,,,,,,,,,2024-06-26,CORPORATE_ACTION_UNKNOWN_FAIL_CLOSED,0.0,0.0
vls_mom_contrarian_v1_frozen,corporate_action,raw,CORPORATE_ACTION_FREEZE,2024-06-27T09:25:00+08:00,,,,,,,,,,,,,,,,,,2024-06-27,unknown_corporate_action_type,0.0,0.0
vls_mom_contrarian_v1_frozen,corporate_action,raw,CORPORATE_ACTION_FREEZE,2024-06-27T09:25:00+08:00,,,,,,,,,,,,,,,,,,2024-06-27,CORPORATE_ACTION_UNKNOWN_FAIL_CLOSED,0.0,0.0
vls_mom_contrarian_v1_frozen,corporate_action,raw,CORPORATE_ACTION_FREEZE,2024-06-28T09:25:00+08:00,,,,,,,,,,,,,,,,,,2024-06-28,unknown_corporate_action_type,0.0,0.0
vls_mom_contrarian_v1_frozen,corporate_action,raw,CORPORATE_ACTION_FREEZE,2024-06-28T09:25:00+08:00,,,,,,,,,,,,,,,,,,2024-06-28,CORPORATE_ACTION_UNKNOWN_FAIL_CLOSED,0.0,0.0
vls_mom_contrarian_v1_frozen,corporate_action,raw,CORPORATE_ACTION_FREEZE,2024-07-01T09:25:00+08:00,,,,,,,,,,,,,,,,,,2024-07-01,unknown_corporate_action_type,0.0,0.0
vls_mom_contrarian_v1_frozen,corporate_action,raw,CORPORATE_ACTION_FREEZE,2024-07-01T09:25:00+08:00,,,,,,,,,,,,,,,,,,2024-07-01,CORPORATE_ACTION_UNKNOWN_FAIL_CLOSED,0.0,0.0
vls_mom_contrarian_v1_frozen,corporate_action,raw,CORPORATE_ACTION_FREEZE,2024-07-02T09:25:00+08:00,,,,,,,,,,,,,,,,,,2024-07-02,unknown_corporate_action_type,0.0,0.0
vls_mom_contrarian_v1_frozen,corporate_action,raw,CORPORATE_ACTION_FREEZE,2024-07-02T09:25:00+08:00,,,,,,,,,,,,,,,,,,2024-07-02,CORPORATE_ACTION_UNKNOWN_FAIL_CLOSED,0.0,0.0
vls_mom_contrarian_v1_frozen,corporate_action,raw,CORPORATE_ACTION_FREEZE,2024-07-03T09:25:00+08:00,,,,,,,,,,,,,,,,,,2024-07-03,unknown_corporate_action_type,0.0,0.0
vls_mom_contrarian_v1_frozen,corporate_action,raw,CORPORATE_ACTION_FREEZE,2024-07-03T09:25:00+08:00,,,,,,,,,,,,,,,,,,2024-07-03,CORPORATE_ACTION_UNKNOWN_FAIL_CLOSED,0.0,0.0
vls_mom_contrarian_v1_frozen,corporate_action,raw,CORPORATE_ACTION_FREEZE,2024-07-04T09:25:00+08:00,,,,,,,,,,,,,,,,,,2024-07-04,unknown_corporate_action_type,0.0,0.0
vls_mom_contrarian_v1_frozen,corporate_action,raw,CORPORATE_ACTION_FREEZE,2024-07-04T09:25:00+08:00,,,,,,,,,,,,,,,,,,2024-07-04,CORPORATE_ACTION_UNKNOWN_FAIL_CLOSED,0.0,0.0
vls_mom_contrarian_v1_frozen,corporate_action,raw,CORPORATE_ACTION_FREEZE,2024-07-05T09:25:00+08:00,,,,,,,,,,,,,,,,,,2024-07-05,unknown_corporate_action_type,0.0,0.0
vls_mom_contrarian_v1_frozen,corporate_action,raw,CORPORATE_ACTION_FREEZE,2024-07-05T09:25:00+08:00,,,,,,,,,,,,,,,,,,2024-07-05,CORPORATE_ACTION_UNKNOWN_FAIL_CLOSED,0.0,0.0
vls_mom_contrarian_v1_frozen,corporate_action,raw,CORPORATE_ACTION_FREEZE,2024-07-08T09:25:00+08:00,,,,,,,,,,,,,,,,,,2024-07-08,unknown_corporate_action_type,0.0,0.0
vls_mom_contrarian_v1_frozen,corporate_action,raw,CORPORATE_ACTION_FREEZE,2024-07-08T09:25:00+08:00,,,,,,,,,,,,,,,,,,2024-07-08,CORPORATE_ACTION_UNKNOWN_FAIL_CLOSED,0.0,0.0
vls_mom_contrarian_v1_frozen,corporate_action,raw,CORPORATE_ACTION_FREEZE,2024-07-09T09:25:00+08:00,,,,,,,,,,,,,,,,,,2024-07-09,unknown_corporate_action_type,0.0,0.0
vls_mom_contrarian_v1_frozen,corporate_action,raw,CORPORATE_ACTION_FREEZE,2024-07-09T09:25:00+08:00,,,,,,,,,,,,,,,,,,2024-07-09,CORPORATE_ACTION_UNKNOWN_FAIL_CLOSED,0.0,0.0
vls_mom_contrarian_v1_frozen,corporate_action,raw,CORPORATE_ACTION_FREEZE,2024-07-10T09:25:00+08:00,,,,,,,,,,,,,,,,,,2024-07-10,unknown_corporate_action_type,0.0,0.0
vls_mom_contrarian_v1_frozen,corporate_action,raw,CORPORATE_ACTION_FREEZE,2024-07-10T09:25:00+08:00,,,,,,,,,,,,,,,,,,2024-07-10,CORPORATE_ACTION_UNKNOWN_FAIL_CLOSED,0.0,0.0
vls_mom_contrarian_v1_frozen,corporate_action,raw,CORPORATE_ACTION_FREEZE,2024-07-11T09:25:00+08:00,,,,,,,,,,,,,,,,,,2024-07-11,unknown_corporate_action_type,0.0,0.0
vls_mom_contrarian_v1_frozen,corporate_action,raw,CORPORATE_ACTION_FREEZE,2024-07-11T09:25:00+08:00,,,,,,,,,,,,,,,,,,2024-07-11,CORPORATE_ACTION_UNKNOWN_FAIL_CLOSED,0.0,0.0
vls_mom_contrarian_v1_frozen,corporate_action,raw,CORPORATE_ACTION_FREEZE,2024-07-12T09:25:00+08:00,,,,,,,,,,,,,,,,,,2024-07-12,unknown_corporate_action_type,0.0,0.0
vls_mom_contrarian_v1_frozen,corporate_action,raw,CORPORATE_ACTION_FREEZE,2024-07-12T09:25:00+08:00,,,,,,,,,,,,,,,,,,2024-07-12,CORPORATE_ACTION_UNKNOWN_FAIL_CLOSED,0.0,0.0
vls_mom_contrarian_v1_frozen,corporate_action,raw,CORPORATE_ACTION_FREEZE,2024-07-15T09:25:00+08:00,,,,,,,,,,,,,,,,,,2024-07-15,unknown_corporate_action_type,0.0,0.0
vls_mom_contrarian_v1_frozen,corporate_action,raw,CORPORATE_ACTION_FREEZE,2024-07-15T09:25:00+08:00,,,,,,,,,,,,,,,,,,2024-07-15,CORPORATE_ACTION_UNKNOWN_FAIL_CLOSED,0.0,0.0
vls_mom_contrarian_v1_frozen,corporate_action,raw,CORPORATE_ACTION_FREEZE,2024-07-16T09:25:00+08:00,,,,,,,,,,,,,,,,,,2024-07-16,unknown_corporate_action_type,0.0,0.0
vls_mom_contrarian_v1_frozen,corporate_action,raw,CORPORATE_ACTION_FREEZE,2024-07-16T09:25:00+08:00,,,,,,,,,,,,,,,,,,2024-07-16,CORPORATE_ACTION_UNKNOWN_FAIL_CLOSED,0.0,0.0
vls_mom_contrarian_v1_frozen,corporate_action,raw,CORPORATE_ACTION_FREEZE,2024-07-17T09:25:00+08:00,,,,,,,,,,,,,,,,,,2024-07-17,unknown_corporate_action_type,0.0,0.0
vls_mom_contrarian_v1_frozen,corporate_action,raw,CORPORATE_ACTION_FREEZE,2024-07-17T09:25:00+08:00,,,,,,,,,,,,,,,,,,2024-07-17,CORPORATE_ACTION_UNKNOWN_FAIL_CLOSED,0.0,0.0
vls_mom_contrarian_v1_frozen,corporate_action,raw,CORPORATE_ACTION_FREEZE,2024-07-18T09:25:00+08:00,,,,,,,,,,,,,,,,,,2024-07-18,unknown_corporate_action_type,0.0,0.0
vls_mom_contrarian_v1_frozen,corporate_action,raw,CORPORATE_ACTION_FREEZE,2024-07-18T09:25:00+08:00,,,,,,,,,,,,,,,,,,2024-07-18,CORPORATE_ACTION_UNKNOWN_FAIL_CLOSED,0.0,0.0
vls_mom_contrarian_v1_frozen,corporate_action,raw,CORPORATE_ACTION_FREEZE,2024-07-19T09:25:00+08:00,,,,,,,,,,,,,,,,,,2024-07-19,unknown_corporate_action_type,0.0,0.0
vls_mom_contrarian_v1_frozen,corporate_action,raw,CORPORATE_ACTION_FREEZE,2024-07-19T09:25:00+08:00,,,,,,,,,,,,,,,,,,2024-07-19,CORPORATE_ACTION_UNKNOWN_FAIL_CLOSED,0.0,0.0
vls_mom_contrarian_v1_frozen,corporate_action,raw,CORPORATE_ACTION_FREEZE,2024-07-22T09:25:00+08:00,,,,,,,,,,,,,,,,,,2024-07-22,unknown_corporate_action_type,0.0,0.0
vls_mom_contrarian_v1_frozen,corporate_action,raw,CORPORATE_ACTION_FREEZE,2024-07-22T09:25:00+08:00,,,,,,,,,,,,,,,,,,2024-07-22,CORPORATE_ACTION_UNKNOWN_FAIL_CLOSED,0.0,0.0
vls_mom_contrarian_v1_frozen,corporate_action,raw,CORPORATE_ACTION_FREEZE,2024-07-23T09:25:00+08:00,,,,,,,,,,,,,,,,,,2024-07-23,unknown_corporate_action_type,0.0,0.0
vls_mom_contrarian_v1_frozen,corporate_action,raw,CORPORATE_ACTION_FREEZE,2024-07-23T09:25:00+08:00,,,,,,,,,,,,,,,,,,2024-07-23,CORPORATE_ACTION_UNKNOWN_FAIL_CLOSED,0.0,0.0
vls_mom_contrarian_v1_frozen,corporate_action,raw,CORPORATE_ACTION_FREEZE,2024-07-24T09:25:00+08:00,,,,,,,,,,,,,,,,,,2024-07-24,unknown_corporate_action_type,0.0,0.0
vls_mom_contrarian_v1_frozen,corporate_action,raw,CORPORATE_ACTION_FREEZE,2024-07-24T09:25:00+08:00,,,,,,,,,,,,,,,,,,2024-07-24,CORPORATE_ACTION_UNKNOWN_FAIL_CLOSED,0.0,0.0
vls_mom_contrarian_v1_frozen,corporate_action,raw,CORPORATE_ACTION_FREEZE,2024-07-25T09:25:00+08:00,,,,,,,,,,,,,,,,,,2024-07-25,unknown_corporate_action_type,0.0,0.0
vls_mom_contrarian_v1_frozen,corporate_action,raw,CORPORATE_ACTION_FREEZE,2024-07-25T09:25:00+08:00,,,,,,,,,,,,,,,,,,2024-07-25,CORPORATE_ACTION_UNKNOWN_FAIL_CLOSED,0.0,0.0
vls_mom_contrarian_v1_frozen,corporate_action,raw,CORPORATE_ACTION_FREEZE,2024-07-26T09:25:00+08:00,,,,,,,,,,,,,,,,,,2024-07-26,unknown_corporate_action_type,0.0,0.0
vls_mom_contrarian_v1_frozen,corporate_action,raw,CORPORATE_ACTION_FREEZE,2024-07-26T09:25:00+08:00,,,,,,,,,,,,,,,,,,2024-07-26,CORPORATE_ACTION_UNKNOWN_FAIL_CLOSED,0.0,0.0
vls_mom_contrarian_v1_frozen,corporate_action,raw,CORPORATE_ACTION_FREEZE,2024-07-29T09:25:00+08:00,,,,,,,,,,,,,,,,,,2024-07-29,unknown_corporate_action_type,0.0,0.0
vls_mom_contrarian_v1_frozen,corporate_action,raw,CORPORATE_ACTION_FREEZE,2024-07-29T09:25:00+08:00,,,,,,,,,,,,,,,,,,2024-07-29,CORPORATE_ACTION_UNKNOWN_FAIL_CLOSED,0.0,0.0
vls_mom_contrarian_v1_frozen,corporate_action,raw,CORPORATE_ACTION_FREEZE,2024-07-30T09:25:00+08:00,,,,,,,,,,,,,,,,,,2024-07-30,unknown_corporate_action_type,0.0,0.0
vls_mom_contrarian_v1_frozen,corporate_action,raw,CORPORATE_ACTION_FREEZE,2024-07-30T09:25:00+08:00,,,,,,,,,,,,,,,,,,2024-07-30,CORPORATE_ACTION_UNKNOWN_FAIL_CLOSED,0.0,0.0
vls_mom_contrarian_v1_frozen,corporate_action,raw,CORPORATE_ACTION_FREEZE,2024-07-31T09:25:00+08:00,,,,,,,,,,,,,,,,,,2024-07-31,unknown_corporate_action_type,0.0,0.0
vls_mom_contrarian_v1_frozen,corporate_action,raw,CORPORATE_ACTION_FREEZE,2024-07-31T09:25:00+08:00,,,,,,,,,,,,,,,,,,2024-07-31,CORPORATE_ACTION_UNKNOWN_FAIL_CLOSED,0.0,0.0
vls_mom_contrarian_v1_frozen,corporate_action,raw,CORPORATE_ACTION_FREEZE,2024-08-01T09:25:00+08:00,,,,,,,,,,,,,,,,,,2024-08-01,unknown_corporate_action_type,0.0,0.0
vls_mom_contrarian_v1_frozen,corporate_action,raw,CORPORATE_ACTION_FREEZE,2024-08-01T09:25:00+08:00,,,,,,,,,,,,,,,,,,2024-08-01,CORPORATE_ACTION_UNKNOWN_FAIL_CLOSED,0.0,0.0
vls_mom_contrarian_v1_frozen,corporate_action,raw,CORPORATE_ACTION_FREEZE,2024-08-02T09:25:00+08:00,,,,,,,,,,,,,,,,,,2024-08-02,unknown_corporate_action_type,0.0,0.0
vls_mom_contrarian_v1_frozen,corporate_action,raw,CORPORATE_ACTION_FREEZE,2024-08-02T09:25:00+08:00,,,,,,,,,,,,,,,,,,2024-08-02,CORPORATE_ACTION_UNKNOWN_FAIL_CLOSED,0.0,0.0
vls_mom_contrarian_v1_frozen,corporate_action,raw,CORPORATE_ACTION_FREEZE,2024-08-05T09:25:00+08:00,,,,,,,,,,,,,,,,,,2024-08-05,unknown_corporate_action_type,0.0,0.0
vls_mom_contrarian_v1_frozen,corporate_action,raw,CORPORATE_ACTION_FREEZE,2024-08-05T09:25:00+08:00,,,,,,,,,,,,,,,,,,2024-08-05,CORPORATE_ACTION_UNKNOWN_FAIL_CLOSED,0.0,0.0
vls_mom_contrarian_v1_frozen,corporate_action,raw,CORPORATE_ACTION_FREEZE,2024-08-06T09:25:00+08:00,,,,,,,,,,,,,,,,,,2024-08-06,unknown_corporate_action_type,0.0,0.0
vls_mom_contrarian_v1_frozen,corporate_action,raw,CORPORATE_ACTION_FREEZE,2024-08-06T09:25:00+08:00,,,,,,,,,,,,,,,,,,2024-08-06,CORPORATE_ACTION_UNKNOWN_FAIL_CLOSED,0.0,0.0
vls_mom_contrarian_v1_frozen,corporate_action,raw,CORPORATE_ACTION_FREEZE,2024-08-07T09:25:00+08:00,,,,,,,,,,,,,,,,,,2024-08-07,unknown_corporate_action_type,0.0,0.0
vls_mom_contrarian_v1_frozen,corporate_action,raw,CORPORATE_ACTION_FREEZE,2024-08-07T09:25:00+08:00,,,,,,,,,,,,,,,,,,2024-08-07,CORPORATE_ACTION_UNKNOWN_FAIL_CLOSED,0.0,0.0
vls_mom_contrarian_v1_frozen,corporate_action,raw,CORPORATE_ACTION_FREEZE,2024-08-08T09:25:00+08:00,,,,,,,,,,,,,,,,,,2024-08-08,unknown_corporate_action_type,0.0,0.0
vls_mom_contrarian_v1_frozen,corporate_action,raw,CORPORATE_ACTION_FREEZE,2024-08-08T09:25:00+08:00,,,,,,,,,,,,,,,,,,2024-08-08,CORPORATE_ACTION_UNKNOWN_FAIL_CLOSED,0.0,0.0
vls_mom_contrarian_v1_frozen,corporate_action,raw,CORPORATE_ACTION_FREEZE,2024-08-09T09:25:00+08:00,,,,,,,,,,,,,,,,,,2024-08-09,unknown_corporate_action_type,0.0,0.0
vls_mom_contrarian_v1_frozen,corporate_action,raw,CORPORATE_ACTION_FREEZE,2024-08-09T09:25:00+08:00,,,,,,,,,,,,,,,,,,2024-08-09,CORPORATE_ACTION_UNKNOWN_FAIL_CLOSED,0.0,0.0
vls_mom_contrarian_v1_frozen,corporate_action,raw,CORPORATE_ACTION_FREEZE,2024-08-12T09:25:00+08:00,,,,,,,,,,,,,,,,,,2024-08-12,unknown_corporate_action_type,0.0,0.0
vls_mom_contrarian_v1_frozen,corporate_action,raw,CORPORATE_ACTION_FREEZE,2024-08-12T09:25:00+08:00,,,,,,,,,,,,,,,,,,2024-08-12,CORPORATE_ACTION_UNKNOWN_FAIL_CLOSED,0.0,0.0
vls_mom_contrarian_v1_frozen,corporate_action,raw,CORPORATE_ACTION_FREEZE,2024-08-13T09:25:00+08:00,,,,,,,,,,,,,,,,,,2024-08-13,unknown_corporate_action_type,0.0,0.0
vls_mom_contrarian_v1_frozen,corporate_action,raw,CORPORATE_ACTION_FREEZE,2024-08-13T09:25:00+08:00,,,,,,,,,,,,,,,,,,2024-08-13,CORPORATE_ACTION_UNKNOWN_FAIL_CLOSED,0.0,0.0
vls_mom_contrarian_v1_frozen,corporate_action,raw,CORPORATE_ACTION_FREEZE,2024-08-14T09:25:00+08:00,,,,,,,,,,,,,,,,,,2024-08-14,unknown_corporate_action_type,0.0,0.0
vls_mom_contrarian_v1_frozen,corporate_action,raw,CORPORATE_ACTION_FREEZE,2024-08-14T09:25:00+08:00,,,,,,,,,,,,,,,,,,2024-08-14,CORPORATE_ACTION_UNKNOWN_FAIL_CLOSED,0.0,0.0
vls_mom_contrarian_v1_frozen,corporate_action,raw,CORPORATE_ACTION_FREEZE,2024-08-15T09:25:00+08:00,,,,,,,,,,,,,,,,,,2024-08-15,unknown_corporate_action_type,0.0,0.0
vls_mom_contrarian_v1_frozen,corporate_action,raw,CORPORATE_ACTION_FREEZE,2024-08-15T09:25:00+08:00,,,,,,,,,,,,,,,,,,2024-08-15,CORPORATE_ACTION_UNKNOWN_FAIL_CLOSED,0.0,0.0
vls_mom_contrarian_v1_frozen,corporate_action,raw,CORPORATE_ACTION_FREEZE,2024-08-16T09:25:00+08:00,,,,,,,,,,,,,,,,,,2024-08-16,unknown_corporate_action_type,0.0,0.0
vls_mom_contrarian_v1_frozen,corporate_action,raw,CORPORATE_ACTION_FREEZE,2024-08-16T09:25:00+08:00,,,,,,,,,,,,,,,,,,2024-08-16,CORPORATE_ACTION_UNKNOWN_FAIL_CLOSED,0.0,0.0
vls_mom_contrarian_v1_frozen,corporate_action,raw,CORPORATE_ACTION_FREEZE,2024-08-19T09:25:00+08:00,,,,,,,,,,,,,,,,,,2024-08-19,unknown_corporate_action_type,0.0,0.0
vls_mom_contrarian_v1_frozen,corporate_action,raw,CORPORATE_ACTION_FREEZE,2024-08-19T09:25:00+08:00,,,,,,,,,,,,,,,,,,2024-08-19,CORPORATE_ACTION_UNKNOWN_FAIL_CLOSED,0.0,0.0
vls_mom_contrarian_v1_frozen,corporate_action,raw,CORPORATE_ACTION_FREEZE,2024-08-20T09:25:00+08:00,,,,,,,,,,,,,,,,,,2024-08-20,unknown_corporate_action_type,0.0,0.0
vls_mom_contrarian_v1_frozen,corporate_action,raw,CORPORATE_ACTION_FREEZE,2024-08-20T09:25:00+08:00,,,,,,,,,,,,,,,,,,2024-08-20,CORPORATE_ACTION_UNKNOWN_FAIL_CLOSED,0.0,0.0
vls_mom_contrarian_v1_frozen,corporate_action,raw,CORPORATE_ACTION_FREEZE,2024-08-21T09:25:00+08:00,,,,,,,,,,,,,,,,,,2024-08-21,unknown_corporate_action_type,0.0,0.0
vls_mom_contrarian_v1_frozen,corporate_action,raw,CORPORATE_ACTION_FREEZE,2024-08-21T09:25:00+08:00,,,,,,,,,,,,,,,,,,2024-08-21,CORPORATE_ACTION_UNKNOWN_FAIL_CLOSED,0.0,0.0
vls_mom_contrarian_v1_frozen,corporate_action,raw,CORPORATE_ACTION_FREEZE,2024-08-22T09:25:00+08:00,,,,,,,,,,,,,,,,,,2024-08-22,unknown_corporate_action_type,0.0,0.0
vls_mom_contrarian_v1_frozen,corporate_action,raw,CORPORATE_ACTION_FREEZE,2024-08-22T09:25:00+08:00,,,,,,,,,,,,,,,,,,2024-08-22,CORPORATE_ACTION_UNKNOWN_FAIL_CLOSED,0.0,0.0
vls_mom_contrarian_v1_frozen,corporate_action,raw,CORPORATE_ACTION_FREEZE,2024-08-23T09:25:00+08:00,,,,,,,,,,,,,,,,,,2024-08-23,unknown_corporate_action_type,0.0,0.0
vls_mom_contrarian_v1_frozen,corporate_action,raw,CORPORATE_ACTION_FREEZE,2024-08-23T09:25:00+08:00,,,,,,,,,,,,,,,,,,2024-08-23,CORPORATE_ACTION_UNKNOWN_FAIL_CLOSED,0.0,0.0
vls_mom_contrarian_v1_frozen,corporate_action,raw,CORPORATE_ACTION_FREEZE,2024-08-26T09:25:00+08:00,,,,,,,,,,,,,,,,,,2024-08-26,unknown_corporate_action_type,0.0,0.0
vls_mom_contrarian_v1_frozen,corporate_action,raw,CORPORATE_ACTION_FREEZE,2024-08-26T09:25:00+08:00,,,,,,,,,,,,,,,,,,2024-08-26,CORPORATE_ACTION_UNKNOWN_FAIL_CLOSED,0.0,0.0
vls_mom_contrarian_v1_frozen,corporate_action,raw,CORPORATE_ACTION_FREEZE,2024-08-27T09:25:00+08:00,,,,,,,,,,,,,,,,,,2024-08-27,unknown_corporate_action_type,0.0,0.0
vls_mom_contrarian_v1_frozen,corporate_action,raw,CORPORATE_ACTION_FREEZE,2024-08-27T09:25:00+08:00,,,,,,,,,,,,,,,,,,2024-08-27,CORPORATE_ACTION_UNKNOWN_FAIL_CLOSED,0.0,0.0
vls_mom_contrarian_v1_frozen,corporate_action,raw,CORPORATE_ACTION_FREEZE,2024-08-28T09:25:00+08:00,,,,,,,,,,,,,,,,,,2024-08-28,unknown_corporate_action_type,0.0,0.0
vls_mom_contrarian_v1_frozen,corporate_action,raw,CORPORATE_ACTION_FREEZE,2024-08-28T09:25:00+08:00,,,,,,,,,,,,,,,,,,2024-08-28,CORPORATE_ACTION_UNKNOWN_FAIL_CLOSED,0.0,0.0
vls_mom_contrarian_v1_frozen,corporate_action,raw,CORPORATE_ACTION_FREEZE,2024-08-29T09:25:00+08:00,,,,,,,,,,,,,,,,,,2024-08-29,unknown_corporate_action_type,0.0,0.0
vls_mom_contrarian_v1_frozen,corporate_action,raw,CORPORATE_ACTION_FREEZE,2024-08-29T09:25:00+08:00,,,,,,,,,,,,,,,,,,2024-08-29,CORPORATE_ACTION_UNKNOWN_FAIL_CLOSED,0.0,0.0
vls_mom_contrarian_v1_frozen,corporate_action,raw,CORPORATE_ACTION_FREEZE,2024-08-30T09:25:00+08:00,,,,,,,,,,,,,,,,,,2024-08-30,unknown_corporate_action_type,0.0,0.0
vls_mom_contrarian_v1_frozen,corporate_action,raw,CORPORATE_ACTION_FREEZE,2024-08-30T09:25:00+08:00,,,,,,,,,,,,,,,,,,2024-08-30,CORPORATE_ACTION_UNKNOWN_FAIL_CLOSED,0.0,0.0
vls_mom_contrarian_v1_frozen,corporate_action,raw,CORPORATE_ACTION_FREEZE,2024-09-02T09:25:00+08:00,,,,,,,,,,,,,,,,,,2024-09-02,unknown_corporate_action_type,0.0,0.0
vls_mom_contrarian_v1_frozen,corporate_action,raw,CORPORATE_ACTION_FREEZE,2024-09-02T09:25:00+08:00,,,,,,,,,,,,,,,,,,2024-09-02,CORPORATE_ACTION_UNKNOWN_FAIL_CLOSED,0.0,0.0
vls_mom_contrarian_v1_frozen,corporate_action,raw,CORPORATE_ACTION_FREEZE,2024-09-03T09:25:00+08:00,,,,,,,,,,,,,,,,,,2024-09-03,unknown_corporate_action_type,0.0,0.0
vls_mom_contrarian_v1_frozen,corporate_action,raw,CORPORATE_ACTION_FREEZE,2024-09-03T09:25:00+08:00,,,,,,,,,,,,,,,,,,2024-09-03,CORPORATE_ACTION_UNKNOWN_FAIL_CLOSED,0.0,0.0
vls_mom_contrarian_v1_frozen,corporate_action,raw,CORPORATE_ACTION_FREEZE,2024-09-04T09:25:00+08:00,,,,,,,,,,,,,,,,,,2024-09-04,unknown_corporate_action_type,0.0,0.0
vls_mom_contrarian_v1_frozen,corporate_action,raw,CORPORATE_ACTION_FREEZE,2024-09-04T09:25:00+08:00,,,,,,,,,,,,,,,,,,2024-09-04,CORPORATE_ACTION_UNKNOWN_FAIL_CLOSED,0.0,0.0
vls_mom_contrarian_v1_frozen,corporate_action,raw,CORPORATE_ACTION_FREEZE,2024-09-05T09:25:00+08:00,,,,,,,,,,,,,,,,,,2024-09-05,unknown_corporate_action_type,0.0,0.0
vls_mom_contrarian_v1_frozen,corporate_action,raw,CORPORATE_ACTION_FREEZE,2024-09-05T09:25:00+08:00,,,,,,,,,,,,,,,,,,2024-09-05,CORPORATE_ACTION_UNKNOWN_FAIL_CLOSED,0.0,0.0
vls_mom_contrarian_v1_frozen,corporate_action,raw,CORPORATE_ACTION_FREEZE,2024-09-06T09:25:00+08:00,,,,,,,,,,,,,,,,,,2024-09-06,unknown_corporate_action_type,0.0,0.0
vls_mom_contrarian_v1_frozen,corporate_action,raw,CORPORATE_ACTION_FREEZE,2024-09-06T09:25:00+08:00,,,,,,,,,,,,,,,,,,2024-09-06,CORPORATE_ACTION_UNKNOWN_FAIL_CLOSED,0.0,0.0
vls_mom_contrarian_v1_frozen,corporate_action,raw,CORPORATE_ACTION_FREEZE,2024-09-09T09:25:00+08:00,,,,,,,,,,,,,,,,,,2024-09-09,unknown_corporate_action_type,0.0,0.0
vls_mom_contrarian_v1_frozen,corporate_action,raw,CORPORATE_ACTION_FREEZE,2024-09-09T09:25:00+08:00,,,,,,,,,,,,,,,,,,2024-09-09,CORPORATE_ACTION_UNKNOWN_FAIL_CLOSED,0.0,0.0
vls_mom_contrarian_v1_frozen,corporate_action,raw,CORPORATE_ACTION_FREEZE,2024-09-10T09:25:00+08:00,,,,,,,,,,,,,,,,,,2024-09-10,unknown_corporate_action_type,0.0,0.0
vls_mom_contrarian_v1_frozen,corporate_action,raw,CORPORATE_ACTION_FREEZE,2024-09-10T09:25:00+08:00,,,,,,,,,,,,,,,,,,2024-09-10,CORPORATE_ACTION_UNKNOWN_FAIL_CLOSED,0.0,0.0
vls_mom_contrarian_v1_frozen,corporate_action,raw,CORPORATE_ACTION_FREEZE,2024-09-11T09:25:00+08:00,,,,,,,,,,,,,,,,,,2024-09-11,unknown_corporate_action_type,0.0,0.0
vls_mom_contrarian_v1_frozen,corporate_action,raw,CORPORATE_ACTION_FREEZE,2024-09-11T09:25:00+08:00,,,,,,,,,,,,,,,,,,2024-09-11,CORPORATE_ACTION_UNKNOWN_FAIL_CLOSED,0.0,0.0
vls_mom_contrarian_v1_frozen,corporate_action,raw,CORPORATE_ACTION_FREEZE,2024-09-12T09:25:00+08:00,,,,,,,,,,,,,,,,,,2024-09-12,unknown_corporate_action_type,0.0,0.0
vls_mom_contrarian_v1_frozen,corporate_action,raw,CORPORATE_ACTION_FREEZE,2024-09-12T09:25:00+08:00,,,,,,,,,,,,,,,,,,2024-09-12,CORPORATE_ACTION_UNKNOWN_FAIL_CLOSED,0.0,0.0
vls_mom_contrarian_v1_frozen,corporate_action,raw,CORPORATE_ACTION_FREEZE,2024-09-13T09:25:00+08:00,,,,,,,,,,,,,,,,,,2024-09-13,unknown_corporate_action_type,0.0,0.0
vls_mom_contrarian_v1_frozen,corporate_action,raw,CORPORATE_ACTION_FREEZE,2024-09-13T09:25:00+08:00,,,,,,,,,,,,,,,,,,2024-09-13,CORPORATE_ACTION_UNKNOWN_FAIL_CLOSED,0.0,0.0
vls_mom_contrarian_v1_frozen,corporate_action,raw,CORPORATE_ACTION_FREEZE,2024-09-18T09:25:00+08:00,,,,,,,,,,,,,,,,,,2024-09-18,unknown_corporate_action_type,0.0,0.0
vls_mom_contrarian_v1_frozen,corporate_action,raw,CORPORATE_ACTION_FREEZE,2024-09-18T09:25:00+08:00,,,,,,,,,,,,,,,,,,2024-09-18,CORPORATE_ACTION_UNKNOWN_FAIL_CLOSED,0.0,0.0
vls_mom_contrarian_v1_frozen,corporate_action,raw,CORPORATE_ACTION_FREEZE,2024-09-19T09:25:00+08:00,,,,,,,,,,,,,,,,,,2024-09-19,unknown_corporate_action_type,0.0,0.0
vls_mom_contrarian_v1_frozen,corporate_action,raw,CORPORATE_ACTION_FREEZE,2024-09-19T09:25:00+08:00,,,,,,,,,,,,,,,,,,2024-09-19,CORPORATE_ACTION_UNKNOWN_FAIL_CLOSED,0.0,0.0
vls_mom_contrarian_v1_frozen,corporate_action,raw,CORPORATE_ACTION_FREEZE,2024-09-20T09:25:00+08:00,,,,,,,,,,,,,,,,,,2024-09-20,unknown_corporate_action_type,0.0,0.0
vls_mom_contrarian_v1_frozen,corporate_action,raw,CORPORATE_ACTION_FREEZE,2024-09-20T09:25:00+08:00,,,,,,,,,,,,,,,,,,2024-09-20,CORPORATE_ACTION_UNKNOWN_FAIL_CLOSED,0.0,0.0
vls_mom_contrarian_v1_frozen,corporate_action,raw,CORPORATE_ACTION_FREEZE,2024-09-23T09:25:00+08:00,,,,,,,,,,,,,,,,,,2024-09-23,unknown_corporate_action_type,0.0,0.0
vls_mom_contrarian_v1_frozen,corporate_action,raw,CORPORATE_ACTION_FREEZE,2024-09-23T09:25:00+08:00,,,,,,,,,,,,,,,,,,2024-09-23,CORPORATE_ACTION_UNKNOWN_FAIL_CLOSED,0.0,0.0
vls_mom_contrarian_v1_frozen,corporate_action,raw,CORPORATE_ACTION_FREEZE,2024-09-24T09:25:00+08:00,,,,,,,,,,,,,,,,,,2024-09-24,unknown_corporate_action_type,0.0,0.0
vls_mom_contrarian_v1_frozen,corporate_action,raw,CORPORATE_ACTION_FREEZE,2024-09-24T09:25:00+08:00,,,,,,,,,,,,,,,,,,2024-09-24,CORPORATE_ACTION_UNKNOWN_FAIL_CLOSED,0.0,0.0
vls_mom_contrarian_v1_frozen,corporate_action,raw,CORPORATE_ACTION_FREEZE,2024-09-25T09:25:00+08:00,,,,,,,,,,,,,,,,,,2024-09-25,unknown_corporate_action_type,0.0,0.0
vls_mom_contrarian_v1_frozen,corporate_action,raw,CORPORATE_ACTION_FREEZE,2024-09-25T09:25:00+08:00,,,,,,,,,,,,,,,,,,2024-09-25,CORPORATE_ACTION_UNKNOWN_FAIL_CLOSED,0.0,0.0
vls_mom_contrarian_v1_frozen,corporate_action,raw,CORPORATE_ACTION_FREEZE,2024-09-26T09:25:00+08:00,,,,,,,,,,,,,,,,,,2024-09-26,unknown_corporate_action_type,0.0,0.0
vls_mom_contrarian_v1_frozen,corporate_action,raw,CORPORATE_ACTION_FREEZE,2024-09-26T09:25:00+08:00,,,,,,,,,,,,,,,,,,2024-09-26,CORPORATE_ACTION_UNKNOWN_FAIL_CLOSED,0.0,0.0
vls_mom_contrarian_v1_frozen,corporate_action,raw,CORPORATE_ACTION_FREEZE,2024-09-27T09:25:00+08:00,,,,,,,,,,,,,,,,,,2024-09-27,unknown_corporate_action_type,0.0,0.0
vls_mom_contrarian_v1_frozen,corporate_action,raw,CORPORATE_ACTION_FREEZE,2024-09-27T09:25:00+08:00,,,,,,,,,,,,,,,,,,2024-09-27,CORPORATE_ACTION_UNKNOWN_FAIL_CLOSED,0.0,0.0
vls_mom_contrarian_v1_frozen,corporate_action,raw,CORPORATE_ACTION_FREEZE,2024-09-30T09:25:00+08:00,,,,,,,,,,,,,,,,,,2024-09-30,unknown_corporate_action_type,0.0,0.0
vls_mom_contrarian_v1_frozen,corporate_action,raw,CORPORATE_ACTION_FREEZE,2024-09-30T09:25:00+08:00,,,,,,,,,,,,,,,,,,2024-09-30,CORPORATE_ACTION_UNKNOWN_FAIL_CLOSED,0.0,0.0
vls_mom_contrarian_v1_frozen,corporate_action,raw,CORPORATE_ACTION_FREEZE,2024-10-08T09:25:00+08:00,,,,,,,,,,,,,,,,,,2024-10-08,unknown_corporate_action_type,0.0,0.0
vls_mom_contrarian_v1_frozen,corporate_action,raw,CORPORATE_ACTION_FREEZE,2024-10-08T09:25:00+08:00,,,,,,,,,,,,,,,,,,2024-10-08,CORPORATE_ACTION_UNKNOWN_FAIL_CLOSED,0.0,0.0
vls_mom_contrarian_v1_frozen,corporate_action,raw,CORPORATE_ACTION_FREEZE,2024-10-09T09:25:00+08:00,,,,,,,,,,,,,,,,,,2024-10-09,unknown_corporate_action_type,0.0,0.0
vls_mom_contrarian_v1_frozen,corporate_action,raw,CORPORATE_ACTION_FREEZE,2024-10-09T09:25:00+08:00,,,,,,,,,,,,,,,,,,2024-10-09,CORPORATE_ACTION_UNKNOWN_FAIL_CLOSED,0.0,0.0
vls_mom_contrarian_v1_frozen,corporate_action,raw,CORPORATE_ACTION_FREEZE,2024-10-10T09:25:00+08:00,,,,,,,,,,,,,,,,,,2024-10-10,unknown_corporate_action_type,0.0,0.0
vls_mom_contrarian_v1_frozen,corporate_action,raw,CORPORATE_ACTION_FREEZE,2024-10-10T09:25:00+08:00,,,,,,,,,,,,,,,,,,2024-10-10,CORPORATE_ACTION_UNKNOWN_FAIL_CLOSED,0.0,0.0
vls_mom_contrarian_v1_frozen,corporate_action,raw,CORPORATE_ACTION_FREEZE,2024-10-11T09:25:00+08:00,,,,,,,,,,,,,,,,,,2024-10-11,unknown_corporate_action_type,0.0,0.0
vls_mom_contrarian_v1_frozen,corporate_action,raw,CORPORATE_ACTION_FREEZE,2024-10-11T09:25:00+08:00,,,,,,,,,,,,,,,,,,2024-10-11,CORPORATE_ACTION_UNKNOWN_FAIL_CLOSED,0.0,0.0
vls_mom_contrarian_v1_frozen,corporate_action,raw,CORPORATE_ACTION_FREEZE,2024-10-14T09:25:00+08:00,,,,,,,,,,,,,,,,,,2024-10-14,unknown_corporate_action_type,0.0,0.0
vls_mom_contrarian_v1_frozen,corporate_action,raw,CORPORATE_ACTION_FREEZE,2024-10-14T09:25:00+08:00,,,,,,,,,,,,,,,,,,2024-10-14,CORPORATE_ACTION_UNKNOWN_FAIL_CLOSED,0.0,0.0
vls_mom_contrarian_v1_frozen,corporate_action,raw,CORPORATE_ACTION_FREEZE,2024-10-15T09:25:00+08:00,,,,,,,,,,,,,,,,,,2024-10-15,unknown_corporate_action_type,0.0,0.0
vls_mom_contrarian_v1_frozen,corporate_action,raw,CORPORATE_ACTION_FREEZE,2024-10-15T09:25:00+08:00,,,,,,,,,,,,,,,,,,2024-10-15,CORPORATE_ACTION_UNKNOWN_FAIL_CLOSED,0.0,0.0
vls_mom_contrarian_v1_frozen,corporate_action,raw,CORPORATE_ACTION_FREEZE,2024-10-16T09:25:00+08:00,,,,,,,,,,,,,,,,,,2024-10-16,unknown_corporate_action_type,0.0,0.0
vls_mom_contrarian_v1_frozen,corporate_action,raw,CORPORATE_ACTION_FREEZE,2024-10-16T09:25:00+08:00,,,,,,,,,,,,,,,,,,2024-10-16,CORPORATE_ACTION_UNKNOWN_FAIL_CLOSED,0.0,0.0
vls_mom_contrarian_v1_frozen,corporate_action,raw,CORPORATE_ACTION_FREEZE,2024-10-17T09:25:00+08:00,,,,,,,,,,,,,,,,,,2024-10-17,unknown_corporate_action_type,0.0,0.0
vls_mom_contrarian_v1_frozen,corporate_action,raw,CORPORATE_ACTION_FREEZE,2024-10-17T09:25:00+08:00,,,,,,,,,,,,,,,,,,2024-10-17,CORPORATE_ACTION_UNKNOWN_FAIL_CLOSED,0.0,0.0
vls_mom_contrarian_v1_frozen,corporate_action,raw,CORPORATE_ACTION_FREEZE,2024-10-18T09:25:00+08:00,,,,,,,,,,,,,,,,,,2024-10-18,unknown_corporate_action_type,0.0,0.0
vls_mom_contrarian_v1_frozen,corporate_action,raw,CORPORATE_ACTION_FREEZE,2024-10-18T09:25:00+08:00,,,,,,,,,,,,,,,,,,2024-10-18,CORPORATE_ACTION_UNKNOWN_FAIL_CLOSED,0.0,0.0
vls_mom_contrarian_v1_frozen,corporate_action,raw,CORPORATE_ACTION_FREEZE,2024-10-21T09:25:00+08:00,,,,,,,,,,,,,,,,,,2024-10-21,unknown_corporate_action_type,0.0,0.0
vls_mom_contrarian_v1_frozen,corporate_action,raw,CORPORATE_ACTION_FREEZE,2024-10-21T09:25:00+08:00,,,,,,,,,,,,,,,,,,2024-10-21,CORPORATE_ACTION_UNKNOWN_FAIL_CLOSED,0.0,0.0
vls_mom_contrarian_v1_frozen,corporate_action,raw,CORPORATE_ACTION_FREEZE,2024-10-22T09:25:00+08:00,,,,,,,,,,,,,,,,,,2024-10-22,unknown_corporate_action_type,0.0,0.0
vls_mom_contrarian_v1_frozen,corporate_action,raw,CORPORATE_ACTION_FREEZE,2024-10-22T09:25:00+08:00,,,,,,,,,,,,,,,,,,2024-10-22,CORPORATE_ACTION_UNKNOWN_FAIL_CLOSED,0.0,0.0
vls_mom_contrarian_v1_frozen,corporate_action,raw,CORPORATE_ACTION_FREEZE,2024-10-23T09:25:00+08:00,,,,,,,,,,,,,,,,,,2024-10-23,unknown_corporate_action_type,0.0,0.0
vls_mom_contrarian_v1_frozen,corporate_action,raw,CORPORATE_ACTION_FREEZE,2024-10-23T09:25:00+08:00,,,,,,,,,,,,,,,,,,2024-10-23,CORPORATE_ACTION_UNKNOWN_FAIL_CLOSED,0.0,0.0
vls_mom_contrarian_v1_frozen,corporate_action,raw,CORPORATE_ACTION_FREEZE,2024-10-24T09:25:00+08:00,,,,,,,,,,,,,,,,,,2024-10-24,unknown_corporate_action_type,0.0,0.0
vls_mom_contrarian_v1_frozen,corporate_action,raw,CORPORATE_ACTION_FREEZE,2024-10-24T09:25:00+08:00,,,,,,,,,,,,,,,,,,2024-10-24,CORPORATE_ACTION_UNKNOWN_FAIL_CLOSED,0.0,0.0
vls_mom_contrarian_v1_frozen,corporate_action,raw,CORPORATE_ACTION_FREEZE,2024-10-25T09:25:00+08:00,,,,,,,,,,,,,,,,,,2024-10-25,unknown_corporate_action_type,0.0,0.0
vls_mom_contrarian_v1_frozen,corporate_action,raw,CORPORATE_ACTION_FREEZE,2024-10-25T09:25:00+08:00,,,,,,,,,,,,,,,,,,2024-10-25,CORPORATE_ACTION_UNKNOWN_FAIL_CLOSED,0.0,0.0
vls_mom_contrarian_v1_frozen,corporate_action,raw,CORPORATE_ACTION_FREEZE,2024-10-28T09:25:00+08:00,,,,,,,,,,,,,,,,,,2024-10-28,unknown_corporate_action_type,0.0,0.0
vls_mom_contrarian_v1_frozen,corporate_action,raw,CORPORATE_ACTION_FREEZE,2024-10-28T09:25:00+08:00,,,,,,,,,,,,,,,,,,2024-10-28,CORPORATE_ACTION_UNKNOWN_FAIL_CLOSED,0.0,0.0
vls_mom_contrarian_v1_frozen,corporate_action,raw,CORPORATE_ACTION_FREEZE,2024-10-29T09:25:00+08:00,,,,,,,,,,,,,,,,,,2024-10-29,unknown_corporate_action_type,0.0,0.0
vls_mom_contrarian_v1_frozen,corporate_action,raw,CORPORATE_ACTION_FREEZE,2024-10-29T09:25:00+08:00,,,,,,,,,,,,,,,,,,2024-10-29,CORPORATE_ACTION_UNKNOWN_FAIL_CLOSED,0.0,0.0
vls_mom_contrarian_v1_frozen,corporate_action,raw,CORPORATE_ACTION_FREEZE,2024-10-30T09:25:00+08:00,,,,,,,,,,,,,,,,,,2024-10-30,unknown_corporate_action_type,0.0,0.0
vls_mom_contrarian_v1_frozen,corporate_action,raw,CORPORATE_ACTION_FREEZE,2024-10-30T09:25:00+08:00,,,,,,,,,,,,,,,,,,2024-10-30,CORPORATE_ACTION_UNKNOWN_FAIL_CLOSED,0.0,0.0
vls_mom_contrarian_v1_frozen,corporate_action,raw,CORPORATE_ACTION_FREEZE,2024-10-31T09:25:00+08:00,,,,,,,,,,,,,,,,,,2024-10-31,unknown_corporate_action_type,0.0,0.0
vls_mom_contrarian_v1_frozen,corporate_action,raw,CORPORATE_ACTION_FREEZE,2024-10-31T09:25:00+08:00,,,,,,,,,,,,,,,,,,2024-10-31,CORPORATE_ACTION_UNKNOWN_FAIL_CLOSED,0.0,0.0
vls_mom_contrarian_v1_frozen,corporate_action,raw,CORPORATE_ACTION_FREEZE,2024-11-01T09:25:00+08:00,,,,,,,,,,,,,,,,,,2024-11-01,unknown_corporate_action_type,0.0,0.0
vls_mom_contrarian_v1_frozen,corporate_action,raw,CORPORATE_ACTION_FREEZE,2024-11-01T09:25:00+08:00,,,,,,,,,,,,,,,,,,2024-11-01,CORPORATE_ACTION_UNKNOWN_FAIL_CLOSED,0.0,0.0
vls_mom_contrarian_v1_frozen,corporate_action,raw,CORPORATE_ACTION_FREEZE,2024-11-04T09:25:00+08:00,,,,,,,,,,,,,,,,,,2024-11-04,unknown_corporate_action_type,0.0,0.0
vls_mom_contrarian_v1_frozen,corporate_action,raw,CORPORATE_ACTION_FREEZE,2024-11-04T09:25:00+08:00,,,,,,,,,,,,,,,,,,2024-11-04,CORPORATE_ACTION_UNKNOWN_FAIL_CLOSED,0.0,0.0
vls_mom_contrarian_v1_frozen,corporate_action,raw,CORPORATE_ACTION_FREEZE,2024-11-05T09:25:00+08:00,,,,,,,,,,,,,,,,,,2024-11-05,unknown_corporate_action_type,0.0,0.0
vls_mom_contrarian_v1_frozen,corporate_action,raw,CORPORATE_ACTION_FREEZE,2024-11-05T09:25:00+08:00,,,,,,,,,,,,,,,,,,2024-11-05,CORPORATE_ACTION_UNKNOWN_FAIL_CLOSED,0.0,0.0
vls_mom_contrarian_v1_frozen,corporate_action,raw,CORPORATE_ACTION_FREEZE,2024-11-06T09:25:00+08:00,,,,,,,,,,,,,,,,,,2024-11-06,unknown_corporate_action_type,0.0,0.0
vls_mom_contrarian_v1_frozen,corporate_action,raw,CORPORATE_ACTION_FREEZE,2024-11-06T09:25:00+08:00,,,,,,,,,,,,,,,,,,2024-11-06,CORPORATE_ACTION_UNKNOWN_FAIL_CLOSED,0.0,0.0
vls_mom_contrarian_v1_frozen,corporate_action,raw,CORPORATE_ACTION_FREEZE,2024-11-07T09:25:00+08:00,,,,,,,,,,,,,,,,,,2024-11-07,unknown_corporate_action_type,0.0,0.0
vls_mom_contrarian_v1_frozen,corporate_action,raw,CORPORATE_ACTION_FREEZE,2024-11-07T09:25:00+08:00,,,,,,,,,,,,,,,,,,2024-11-07,CORPORATE_ACTION_UNKNOWN_FAIL_CLOSED,0.0,0.0
vls_mom_contrarian_v1_frozen,corporate_action,raw,CORPORATE_ACTION_FREEZE,2024-11-08T09:25:00+08:00,,,,,,,,,,,,,,,,,,2024-11-08,unknown_corporate_action_type,0.0,0.0
vls_mom_contrarian_v1_frozen,corporate_action,raw,CORPORATE_ACTION_FREEZE,2024-11-08T09:25:00+08:00,,,,,,,,,,,,,,,,,,2024-11-08,CORPORATE_ACTION_UNKNOWN_FAIL_CLOSED,0.0,0.0
vls_mom_contrarian_v1_frozen,corporate_action,raw,CORPORATE_ACTION_FREEZE,2024-11-11T09:25:00+08:00,,,,,,,,,,,,,,,,,,2024-11-11,unknown_corporate_action_type,0.0,0.0
vls_mom_contrarian_v1_frozen,corporate_action,raw,CORPORATE_ACTION_FREEZE,2024-11-11T09:25:00+08:00,,,,,,,,,,,,,,,,,,2024-11-11,CORPORATE_ACTION_UNKNOWN_FAIL_CLOSED,0.0,0.0
vls_mom_contrarian_v1_frozen,corporate_action,raw,CORPORATE_ACTION_FREEZE,2024-11-12T09:25:00+08:00,,,,,,,,,,,,,,,,,,2024-11-12,unknown_corporate_action_type,0.0,0.0
vls_mom_contrarian_v1_frozen,corporate_action,raw,CORPORATE_ACTION_FREEZE,2024-11-12T09:25:00+08:00,,,,,,,,,,,,,,,,,,2024-11-12,CORPORATE_ACTION_UNKNOWN_FAIL_CLOSED,0.0,0.0
vls_mom_contrarian_v1_frozen,corporate_action,raw,CORPORATE_ACTION_FREEZE,2024-11-13T09:25:00+08:00,,,,,,,,,,,,,,,,,,2024-11-13,unknown_corporate_action_type,0.0,0.0
vls_mom_contrarian_v1_frozen,corporate_action,raw,CORPORATE_ACTION_FREEZE,2024-11-13T09:25:00+08:00,,,,,,,,,,,,,,,,,,2024-11-13,CORPORATE_ACTION_UNKNOWN_FAIL_CLOSED,0.0,0.0
vls_mom_contrarian_v1_frozen,corporate_action,raw,CORPORATE_ACTION_FREEZE,2024-11-14T09:25:00+08:00,,,,,,,,,,,,,,,,,,2024-11-14,unknown_corporate_action_type,0.0,0.0
vls_mom_contrarian_v1_frozen,corporate_action,raw,CORPORATE_ACTION_FREEZE,2024-11-14T09:25:00+08:00,,,,,,,,,,,,,,,,,,2024-11-14,CORPORATE_ACTION_UNKNOWN_FAIL_CLOSED,0.0,0.0
vls_mom_contrarian_v1_frozen,corporate_action,raw,CORPORATE_ACTION_FREEZE,2024-11-15T09:25:00+08:00,,,,,,,,,,,,,,,,,,2024-11-15,unknown_corporate_action_type,0.0,0.0
vls_mom_contrarian_v1_frozen,corporate_action,raw,CORPORATE_ACTION_FREEZE,2024-11-15T09:25:00+08:00,,,,,,,,,,,,,,,,,,2024-11-15,CORPORATE_ACTION_UNKNOWN_FAIL_CLOSED,0.0,0.0
vls_mom_contrarian_v1_frozen,corporate_action,raw,CORPORATE_ACTION_FREEZE,2024-11-18T09:25:00+08:00,,,,,,,,,,,,,,,,,,2024-11-18,unknown_corporate_action_type,0.0,0.0
vls_mom_contrarian_v1_frozen,corporate_action,raw,CORPORATE_ACTION_FREEZE,2024-11-18T09:25:00+08:00,,,,,,,,,,,,,,,,,,2024-11-18,CORPORATE_ACTION_UNKNOWN_FAIL_CLOSED,0.0,0.0
vls_mom_contrarian_v1_frozen,corporate_action,raw,CORPORATE_ACTION_FREEZE,2024-11-19T09:25:00+08:00,,,,,,,,,,,,,,,,,,2024-11-19,unknown_corporate_action_type,0.0,0.0
vls_mom_contrarian_v1_frozen,corporate_action,raw,CORPORATE_ACTION_FREEZE,2024-11-19T09:25:00+08:00,,,,,,,,,,,,,,,,,,2024-11-19,CORPORATE_ACTION_UNKNOWN_FAIL_CLOSED,0.0,0.0
vls_mom_contrarian_v1_frozen,corporate_action,raw,CORPORATE_ACTION_FREEZE,2024-11-21T09:25:00+08:00,,,,,,,,,,,,,,,,,,2024-11-21,unknown_corporate_action_type,0.0,0.0
vls_mom_contrarian_v1_frozen,corporate_action,raw,CORPORATE_ACTION_FREEZE,2024-11-21T09:25:00+08:00,,,,,,,,,,,,,,,,,,2024-11-21,CORPORATE_ACTION_UNKNOWN_FAIL_CLOSED,0.0,0.0
vls_mom_contrarian_v1_frozen,corporate_action,raw,CORPORATE_ACTION_FREEZE,2024-11-22T09:25:00+08:00,,,,,,,,,,,,,,,,,,2024-11-22,unknown_corporate_action_type,0.0,0.0
vls_mom_contrarian_v1_frozen,corporate_action,raw,CORPORATE_ACTION_FREEZE,2024-11-22T09:25:00+08:00,,,,,,,,,,,,,,,,,,2024-11-22,CORPORATE_ACTION_UNKNOWN_FAIL_CLOSED,0.0,0.0
vls_mom_contrarian_v1_frozen,corporate_action,raw,CORPORATE_ACTION_FREEZE,2024-11-25T09:25:00+08:00,,,,,,,,,,,,,,,,,,2024-11-25,unknown_corporate_action_type,0.0,0.0
vls_mom_contrarian_v1_frozen,corporate_action,raw,CORPORATE_ACTION_FREEZE,2024-11-25T09:25:00+08:00,,,,,,,,,,,,,,,,,,2024-11-25,CORPORATE_ACTION_UNKNOWN_FAIL_CLOSED,0.0,0.0
vls_mom_contrarian_v1_frozen,corporate_action,raw,CORPORATE_ACTION_FREEZE,2024-11-26T09:25:00+08:00,,,,,,,,,,,,,,,,,,2024-11-26,unknown_corporate_action_type,0.0,0.0
vls_mom_contrarian_v1_frozen,corporate_action,raw,CORPORATE_ACTION_FREEZE,2024-11-26T09:25:00+08:00,,,,,,,,,,,,,,,,,,2024-11-26,CORPORATE_ACTION_UNKNOWN_FAIL_CLOSED,0.0,0.0
vls_mom_contrarian_v1_frozen,corporate_action,raw,CORPORATE_ACTION_FREEZE,2024-11-27T09:25:00+08:00,,,,,,,,,,,,,,,,,,2024-11-27,unknown_corporate_action_type,0.0,0.0
vls_mom_contrarian_v1_frozen,corporate_action,raw,CORPORATE_ACTION_FREEZE,2024-11-27T09:25:00+08:00,,,,,,,,,,,,,,,,,,2024-11-27,CORPORATE_ACTION_UNKNOWN_FAIL_CLOSED,0.0,0.0
vls_mom_contrarian_v1_frozen,corporate_action,raw,CORPORATE_ACTION_FREEZE,2024-11-28T09:25:00+08:00,,,,,,,,,,,,,,,,,,2024-11-28,unknown_corporate_action_type,0.0,0.0
vls_mom_contrarian_v1_frozen,corporate_action,raw,CORPORATE_ACTION_FREEZE,2024-11-28T09:25:00+08:00,,,,,,,,,,,,,,,,,,2024-11-28,CORPORATE_ACTION_UNKNOWN_FAIL_CLOSED,0.0,0.0
vls_mom_contrarian_v1_frozen,corporate_action,raw,CORPORATE_ACTION_FREEZE,2024-11-29T09:25:00+08:00,,,,,,,,,,,,,,,,,,2024-11-29,unknown_corporate_action_type,0.0,0.0
vls_mom_contrarian_v1_frozen,corporate_action,raw,CORPORATE_ACTION_FREEZE,2024-11-29T09:25:00+08:00,,,,,,,,,,,,,,,,,,2024-11-29,CORPORATE_ACTION_UNKNOWN_FAIL_CLOSED,0.0,0.0
vls_mom_contrarian_v1_frozen,corporate_action,raw,CORPORATE_ACTION_FREEZE,2024-12-02T09:25:00+08:00,,,,,,,,,,,,,,,,,,2024-12-02,unknown_corporate_action_type,0.0,0.0
vls_mom_contrarian_v1_frozen,corporate_action,raw,CORPORATE_ACTION_FREEZE,2024-12-02T09:25:00+08:00,,,,,,,,,,,,,,,,,,2024-12-02,CORPORATE_ACTION_UNKNOWN_FAIL_CLOSED,0.0,0.0
vls_mom_contrarian_v1_frozen,corporate_action,raw,CORPORATE_ACTION_FREEZE,2024-12-03T09:25:00+08:00,,,,,,,,,,,,,,,,,,2024-12-03,unknown_corporate_action_type,0.0,0.0
vls_mom_contrarian_v1_frozen,corporate_action,raw,CORPORATE_ACTION_FREEZE,2024-12-03T09:25:00+08:00,,,,,,,,,,,,,,,,,,2024-12-03,CORPORATE_ACTION_UNKNOWN_FAIL_CLOSED,0.0,0.0
vls_mom_contrarian_v1_frozen,corporate_action,raw,CORPORATE_ACTION_FREEZE,2024-12-04T09:25:00+08:00,,,,,,,,,,,,,,,,,,2024-12-04,unknown_corporate_action_type,0.0,0.0
vls_mom_contrarian_v1_frozen,corporate_action,raw,CORPORATE_ACTION_FREEZE,2024-12-04T09:25:00+08:00,,,,,,,,,,,,,,,,,,2024-12-04,CORPORATE_ACTION_UNKNOWN_FAIL_CLOSED,0.0,0.0
vls_mom_contrarian_v1_frozen,corporate_action,raw,CORPORATE_ACTION_FREEZE,2024-12-05T09:25:00+08:00,,,,,,,,,,,,,,,,,,2024-12-05,unknown_corporate_action_type,0.0,0.0
vls_mom_contrarian_v1_frozen,corporate_action,raw,CORPORATE_ACTION_FREEZE,2024-12-05T09:25:00+08:00,,,,,,,,,,,,,,,,,,2024-12-05,CORPORATE_ACTION_UNKNOWN_FAIL_CLOSED,0.0,0.0
vls_mom_contrarian_v1_frozen,corporate_action,raw,CORPORATE_ACTION_FREEZE,2024-12-06T09:25:00+08:00,,,,,,,,,,,,,,,,,,2024-12-06,unknown_corporate_action_type,0.0,0.0
vls_mom_contrarian_v1_frozen,corporate_action,raw,CORPORATE_ACTION_FREEZE,2024-12-06T09:25:00+08:00,,,,,,,,,,,,,,,,,,2024-12-06,CORPORATE_ACTION_UNKNOWN_FAIL_CLOSED,0.0,0.0
vls_mom_contrarian_v1_frozen,corporate_action,raw,CORPORATE_ACTION_FREEZE,2024-12-09T09:25:00+08:00,,,,,,,,,,,,,,,,,,2024-12-09,unknown_corporate_action_type,0.0,0.0
vls_mom_contrarian_v1_frozen,corporate_action,raw,CORPORATE_ACTION_FREEZE,2024-12-09T09:25:00+08:00,,,,,,,,,,,,,,,,,,2024-12-09,CORPORATE_ACTION_UNKNOWN_FAIL_CLOSED,0.0,0.0
vls_mom_contrarian_v1_frozen,corporate_action,raw,CORPORATE_ACTION_FREEZE,2024-12-10T09:25:00+08:00,,,,,,,,,,,,,,,,,,2024-12-10,unknown_corporate_action_type,0.0,0.0
vls_mom_contrarian_v1_frozen,corporate_action,raw,CORPORATE_ACTION_FREEZE,2024-12-10T09:25:00+08:00,,,,,,,,,,,,,,,,,,2024-12-10,CORPORATE_ACTION_UNKNOWN_FAIL_CLOSED,0.0,0.0
vls_mom_contrarian_v1_frozen,corporate_action,raw,CORPORATE_ACTION_FREEZE,2024-12-11T09:25:00+08:00,,,,,,,,,,,,,,,,,,2024-12-11,unknown_corporate_action_type,0.0,0.0
vls_mom_contrarian_v1_frozen,corporate_action,raw,CORPORATE_ACTION_FREEZE,2024-12-11T09:25:00+08:00,,,,,,,,,,,,,,,,,,2024-12-11,CORPORATE_ACTION_UNKNOWN_FAIL_CLOSED,0.0,0.0
vls_mom_contrarian_v1_frozen,corporate_action,raw,CORPORATE_ACTION_FREEZE,2024-12-12T09:25:00+08:00,,,,,,,,,,,,,,,,,,2024-12-12,unknown_corporate_action_type,0.0,0.0
vls_mom_contrarian_v1_frozen,corporate_action,raw,CORPORATE_ACTION_FREEZE,2024-12-12T09:25:00+08:00,,,,,,,,,,,,,,,,,,2024-12-12,CORPORATE_ACTION_UNKNOWN_FAIL_CLOSED,0.0,0.0
vls_mom_contrarian_v1_frozen,corporate_action,raw,CORPORATE_ACTION_FREEZE,2024-12-13T09:25:00+08:00,,,,,,,,,,,,,,,,,,2024-12-13,unknown_corporate_action_type,0.0,0.0
vls_mom_contrarian_v1_frozen,corporate_action,raw,CORPORATE_ACTION_FREEZE,2024-12-13T09:25:00+08:00,,,,,,,,,,,,,,,,,,2024-12-13,CORPORATE_ACTION_UNKNOWN_FAIL_CLOSED,0.0,0.0
vls_mom_contrarian_v1_frozen,corporate_action,raw,CORPORATE_ACTION_FREEZE,2024-12-16T09:25:00+08:00,,,,,,,,,,,,,,,,,,2024-12-16,unknown_corporate_action_type,0.0,0.0
vls_mom_contrarian_v1_frozen,corporate_action,raw,CORPORATE_ACTION_FREEZE,2024-12-16T09:25:00+08:00,,,,,,,,,,,,,,,,,,2024-12-16,CORPORATE_ACTION_UNKNOWN_FAIL_CLOSED,0.0,0.0
vls_mom_contrarian_v1_frozen,corporate_action,raw,CORPORATE_ACTION_FREEZE,2024-12-17T09:25:00+08:00,,,,,,,,,,,,,,,,,,2024-12-17,unknown_corporate_action_type,0.0,0.0
vls_mom_contrarian_v1_frozen,corporate_action,raw,CORPORATE_ACTION_FREEZE,2024-12-17T09:25:00+08:00,,,,,,,,,,,,,,,,,,2024-12-17,CORPORATE_ACTION_UNKNOWN_FAIL_CLOSED,0.0,0.0
vls_mom_contrarian_v1_frozen,corporate_action,raw,CORPORATE_ACTION_FREEZE,2024-12-18T09:25:00+08:00,,,,,,,,,,,,,,,,,,2024-12-18,unknown_corporate_action_type,0.0,0.0
vls_mom_contrarian_v1_frozen,corporate_action,raw,CORPORATE_ACTION_FREEZE,2024-12-18T09:25:00+08:00,,,,,,,,,,,,,,,,,,2024-12-18,CORPORATE_ACTION_UNKNOWN_FAIL_CLOSED,0.0,0.0
vls_mom_contrarian_v1_frozen,corporate_action,raw,CORPORATE_ACTION_FREEZE,2024-12-19T09:25:00+08:00,,,,,,,,,,,,,,,,,,2024-12-19,unknown_corporate_action_type,0.0,0.0
vls_mom_contrarian_v1_frozen,corporate_action,raw,CORPORATE_ACTION_FREEZE,2024-12-19T09:25:00+08:00,,,,,,,,,,,,,,,,,,2024-12-19,CORPORATE_ACTION_UNKNOWN_FAIL_CLOSED,0.0,0.0
vls_mom_contrarian_v1_frozen,corporate_action,raw,CORPORATE_ACTION_FREEZE,2024-12-20T09:25:00+08:00,,,,,,,,,,,,,,,,,,2024-12-20,unknown_corporate_action_type,0.0,0.0
vls_mom_contrarian_v1_frozen,corporate_action,raw,CORPORATE_ACTION_FREEZE,2024-12-20T09:25:00+08:00,,,,,,,,,,,,,,,,,,2024-12-20,CORPORATE_ACTION_UNKNOWN_FAIL_CLOSED,0.0,0.0
vls_mom_contrarian_v1_frozen,corporate_action,raw,CORPORATE_ACTION_FREEZE,2024-12-23T09:25:00+08:00,,,,,,,,,,,,,,,,,,2024-12-23,unknown_corporate_action_type,0.0,0.0
vls_mom_contrarian_v1_frozen,corporate_action,raw,CORPORATE_ACTION_FREEZE,2024-12-23T09:25:00+08:00,,,,,,,,,,,,,,,,,,2024-12-23,CORPORATE_ACTION_UNKNOWN_FAIL_CLOSED,0.0,0.0
vls_mom_contrarian_v1_frozen,corporate_action,raw,CORPORATE_ACTION_FREEZE,2024-12-24T09:25:00+08:00,,,,,,,,,,,,,,,,,,2024-12-24,unknown_corporate_action_type,0.0,0.0
vls_mom_contrarian_v1_frozen,corporate_action,raw,CORPORATE_ACTION_FREEZE,2024-12-24T09:25:00+08:00,,,,,,,,,,,,,,,,,,2024-12-24,CORPORATE_ACTION_UNKNOWN_FAIL_CLOSED,0.0,0.0
vls_mom_contrarian_v1_frozen,corporate_action,raw,CORPORATE_ACTION_FREEZE,2024-12-25T09:25:00+08:00,,,,,,,,,,,,,,,,,,2024-12-25,unknown_corporate_action_type,0.0,0.0
vls_mom_contrarian_v1_frozen,corporate_action,raw,CORPORATE_ACTION_FREEZE,2024-12-25T09:25:00+08:00,,,,,,,,,,,,,,,,,,2024-12-25,CORPORATE_ACTION_UNKNOWN_FAIL_CLOSED,0.0,0.0
vls_mom_contrarian_v1_frozen,corporate_action,raw,CORPORATE_ACTION_FREEZE,2024-12-26T09:25:00+08:00,,,,,,,,,,,,,,,,,,2024-12-26,unknown_corporate_action_type,0.0,0.0
vls_mom_contrarian_v1_frozen,corporate_action,raw,CORPORATE_ACTION_FREEZE,2024-12-26T09:25:00+08:00,,,,,,,,,,,,,,,,,,2024-12-26,CORPORATE_ACTION_UNKNOWN_FAIL_CLOSED,0.0,0.0
vls_mom_contrarian_v1_frozen,corporate_action,raw,CORPORATE_ACTION_FREEZE,2024-12-27T09:25:00+08:00,,,,,,,,,,,,,,,,,,2024-12-27,unknown_corporate_action_type,0.0,0.0
vls_mom_contrarian_v1_frozen,corporate_action,raw,CORPORATE_ACTION_FREEZE,2024-12-27T09:25:00+08:00,,,,,,,,,,,,,,,,,,2024-12-27,CORPORATE_ACTION_UNKNOWN_FAIL_CLOSED,0.0,0.0
vls_mom_contrarian_v1_frozen,corporate_action,raw,CORPORATE_ACTION_FREEZE,2024-12-30T09:25:00+08:00,,,,,,,,,,,,,,,,,,2024-12-30,unknown_corporate_action_type,0.0,0.0
vls_mom_contrarian_v1_frozen,corporate_action,raw,CORPORATE_ACTION_FREEZE,2024-12-30T09:25:00+08:00,,,,,,,,,,,,,,,,,,2024-12-30,CORPORATE_ACTION_UNKNOWN_FAIL_CLOSED,0.0,0.0
vls_mom_contrarian_v1_frozen,corporate_action,raw,CORPORATE_ACTION_FREEZE,2024-12-31T09:25:00+08:00,,,,,,,,,,,,,,,,,,2024-12-31,unknown_corporate_action_type,0.0,0.0
vls_mom_contrarian_v1_frozen,corporate_action,raw,CORPORATE_ACTION_FREEZE,2024-12-31T09:25:00+08:00,,,,,,,,,,,,,,,,,,2024-12-31,CORPORATE_ACTION_UNKNOWN_FAIL_CLOSED,0.0,0.0
