signal_date,execution_date,in_risk,event,triggers,csi300_ret20,turnover_ratio,acct_dd,recovery_count,reasons,target_position
2023-01-03,2023-01-04,False,NORMAL,0,0.0,1.0,0.0,0,,0.6
2023-01-04,2023-01-05,False,NORMAL,0,0.0,1.0,0.0,0,,0.6
2023-01-05,2023-01-06,False,NORMAL,0,0.0,1.0,0.0,0,,0.6
2023-01-06,2023-01-09,False,NORMAL,0,0.0,1.0,0.0,0,,0.6
2023-01-09,2023-01-10,False,NORMAL,0,0.0,1.0,0.0,0,,0.6
2023-01-10,2023-01-11,False,NORMAL,0,0.0,1.0,0.0,0,,0.6
2023-01-11,2023-01-12,False,NORMAL,0,0.0,1.0,0.0,0,,0.6
2023-01-12,2023-01-13,False,NORMAL,0,0.0,1.0,0.0,0,,0.6
2023-01-13,2023-01-16,False,NORMAL,0,0.0,1.0,0.0,0,,0.6
2023-01-16,2023-01-17,False,NORMAL,0,0.0,1.0,0.0,0,,0.6
2023-01-17,2023-01-18,False,NORMAL,0,0.0,1.0,0.0,0,,0.6
2023-01-18,2023-01-19,False,NORMAL,0,0.0,1.0,0.0,0,,0.6
2023-01-19,2023-01-20,False,NORMAL,0,0.0,1.0,0.0,0,,0.6
2023-01-20,2023-01-30,False,NORMAL,0,0.0,1.0,0.0,0,,0.6
2023-01-30,2023-01-31,False,NORMAL,0,0.0,1.0,0.0,0,,0.6
2023-01-31,2023-02-01,False,NORMAL,0,0.0,1.0,0.0,0,,0.6
2023-02-01,2023-02-02,False,NORMAL,0,0.0,1.0,0.0,0,,0.6
2023-02-02,2023-02-03,False,NORMAL,0,0.0,1.0,0.0,0,,0.6
2023-02-03,2023-02-06,False,NORMAL,0,0.0,1.0,0.0,0,,0.6
2023-02-06,2023-02-07,False,NORMAL,0,0.0,1.0,0.0,0,,0.6
2023-02-07,2023-02-08,False,NORMAL,0,0.0531,1.0,0.0,0,,0.6
2023-02-08,2023-02-09,False,NORMAL,0,0.0471,1.0,0.0,0,,0.6
2023-02-09,2023-02-10,False,NORMAL,0,0.0409,1.0,0.0,0,,0.6
2023-02-10,2023-02-13,False,NORMAL,0,0.0315,1.0,0.0,0,,0.6
2023-02-13,2023-02-14,False,NORMAL,0,0.0325,1.0,0.0,0,,0.6
2023-02-14,2023-02-15,False,NORMAL,0,0.0318,1.0,0.0,0,,0.6
2023-02-15,2023-02-16,False,NORMAL,0,0.0283,1.0,0.0,0,,0.6
2023-02-16,2023-02-17,False,NORMAL,0,0.0188,1.0,0.0,0,,0.6
2023-02-17,2023-02-20,False,NORMAL,0,-0.0098,1.0,0.0,0,,0.6
2023-02-20,2023-02-21,False,NORMAL,0,-0.0011,1.0,0.0,0,,0.6
2023-02-21,2023-02-22,False,NORMAL,0,0.0017,1.0,0.0,0,,0.6
2023-02-22,2023-02-23,False,NORMAL,0,-0.0057,1.0,0.0,0,,0.6
2023-02-23,2023-02-24,False,NORMAL,0,-0.0126,1.0,0.0,0,,0.6
2023-02-24,2023-02-27,False,NORMAL,0,-0.0288,1.0,0.0,0,,0.6
2023-02-27,2023-02-28,False,NORMAL,0,-0.0375,1.0,0.0,0,,0.6
2023-02-28,2023-03-01,False,NORMAL,0,-0.021,1.0,0.0,0,,0.6
2023-03-01,2023-03-02,False,NORMAL,0,-0.0164,1.0,0.0,0,,0.6
2023-03-02,2023-03-03,False,NORMAL,0,-0.0152,1.0,0.0,0,,0.6
2023-03-03,2023-03-06,False,NORMAL,0,-0.0027,1.0,0.0,0,,0.6
2023-03-06,2023-03-07,False,NORMAL,0,0.0054,1.0,0.0,0,,0.6
2023-03-07,2023-03-08,False,NORMAL,0,-0.0111,1.0,0.0,0,,0.6
2023-03-08,2023-03-09,False,NORMAL,0,-0.0103,1.0,0.0,0,,0.6
2023-03-09,2023-03-10,False,NORMAL,0,-0.0269,1.0,0.0,0,,0.6
2023-03-10,2023-03-13,False,NORMAL,0,-0.0339,1.0,0.0,0,,0.6
2023-03-13,2023-03-14,False,NORMAL,0,-0.0326,1.0,0.0,0,,0.6
2023-03-14,2023-03-15,False,NORMAL,0,-0.0387,1.0,0.0,0,,0.6
2023-03-15,2023-03-16,False,NORMAL,0,-0.0332,1.0,0.0,0,,0.6
2023-03-16,2023-03-17,False,NORMAL,0,-0.0377,1.0,0.0,0,,0.6
2023-03-17,2023-03-20,False,NORMAL,0,-0.0188,1.0,0.0,0,,0.6
2023-03-20,2023-03-21,False,NORMAL,0,-0.047,1.0,0.0,0,,0.6
2023-03-21,2023-03-22,False,NORMAL,0,-0.0391,1.0,0.0,0,,0.6
2023-03-22,2023-03-23,False,NORMAL,0,-0.0262,1.0,0.0,0,,0.6
2023-03-23,2023-03-24,False,NORMAL,0,-0.0157,1.0,0.0,0,,0.6
2023-03-24,2023-03-27,False,NORMAL,0,-0.0084,1.0,0.0,0,,0.6
2023-03-27,2023-03-28,False,NORMAL,0,-0.0078,1.0,0.0,0,,0.6
2023-03-28,2023-03-29,False,NORMAL,0,-0.0172,1.0,0.0,0,,0.6
2023-03-29,2023-03-30,False,NORMAL,0,-0.0293,1.0,0.0,0,,0.6
2023-03-30,2023-03-31,False,NORMAL,0,-0.0192,1.0,0.0,0,,0.6
2023-03-31,2023-04-03,False,NORMAL,0,-0.0193,1.0,0.0,0,,0.6
2023-04-03,2023-04-04,False,NORMAL,0,-0.0045,1.0,0.0,0,,0.6
2023-04-04,2023-04-06,False,NORMAL,0,0.0134,1.0,0.0,0,,0.6
2023-04-06,2023-04-07,False,NORMAL,0,0.0155,1.0,0.0,0,,0.6
2023-04-07,2023-04-10,False,NORMAL,0,0.0257,1.0,0.0,0,,0.6
2023-04-10,2023-04-11,False,NORMAL,0,0.0347,1.0,0.0,0,,0.6
2023-04-11,2023-04-12,False,NORMAL,0,0.0228,1.0,0.0,0,,0.6
2023-04-12,2023-04-13,False,NORMAL,0,0.0283,1.0,0.0,0,,0.6
2023-04-13,2023-04-14,False,NORMAL,0,0.0206,1.0,0.0,0,,0.6
2023-04-14,2023-04-17,False,NORMAL,0,0.0388,1.0,0.0,0,,0.6
2023-04-17,2023-04-18,False,NORMAL,0,0.0481,1.0,0.0,0,,0.6
2023-04-18,2023-04-19,False,NORMAL,0,0.0566,1.0,0.0,0,,0.6
2023-04-19,2023-04-20,False,NORMAL,0,0.0357,1.0,0.0,0,,0.6
2023-04-20,2023-04-21,False,NORMAL,0,0.0284,1.0,0.0,0,,0.6
2023-04-21,2023-04-24,False,NORMAL,0,-0.0016,1.0,0.0,0,,0.6
2023-04-24,2023-04-25,False,NORMAL,0,-0.011,1.0,0.0,0,,0.6
2023-04-25,2023-04-26,False,NORMAL,0,-0.0124,1.0,0.0,0,,0.6
2023-04-26,2023-04-27,False,NORMAL,0,-0.0101,1.0,0.0,0,,0.6
2023-04-27,2023-04-28,False,NORMAL,0,-0.0044,1.0,0.0,0,,0.6
2023-04-28,2023-05-04,False,NORMAL,0,-0.0023,1.0,0.0,0,,0.6
2023-05-04,2023-05-05,False,NORMAL,0,-0.0051,1.0,0.0,0,,0.6
2023-05-05,2023-05-08,False,NORMAL,0,-0.018,1.0,0.0,0,,0.6
2023-05-08,2023-05-09,False,NORMAL,0,-0.0099,1.0,0.0,0,,0.6
2023-05-09,2023-05-10,False,NORMAL,0,-0.0168,1.0,0.0,0,,0.6
2023-05-10,2023-05-11,False,NORMAL,0,-0.0307,1.0,0.0,0,,0.6
2023-05-11,2023-05-12,False,NORMAL,0,-0.0278,1.0,0.0,0,,0.6
2023-05-12,2023-05-15,False,NORMAL,0,-0.0396,1.0,0.0,0,,0.6
2023-05-15,2023-05-16,False,NORMAL,0,-0.024,1.0,0.0,0,,0.6
2023-05-16,2023-05-17,False,NORMAL,0,-0.0223,1.0,0.0,0,,0.6
2023-05-17,2023-05-18,False,NORMAL,0,-0.0322,1.0,0.0,0,,0.6
2023-05-18,2023-05-19,False,NORMAL,0,-0.0466,1.0,0.0,0,,0.6
2023-05-19,2023-05-22,False,NORMAL,0,-0.0523,1.0,0.0,0,,0.6
2023-05-22,2023-05-23,False,NORMAL,0,-0.0376,1.0,0.0,0,,0.6
2023-05-23,2023-05-24,False,NORMAL,0,-0.0486,1.0,0.0,0,,0.6
2023-05-24,2023-05-25,False,NORMAL,0,-0.043,1.0,0.0,0,,0.6
2023-05-25,2023-05-26,False,NORMAL,0,-0.0332,1.0,0.0,0,,0.6
2023-05-26,2023-05-29,False,NORMAL,0,-0.0282,1.0,0.0,0,,0.6
2023-05-29,2023-05-30,False,NORMAL,0,-0.0316,1.0,0.0,0,,0.6
2023-05-30,2023-05-31,False,NORMAL,0,-0.0378,1.0,0.0,0,,0.6
2023-05-31,2023-06-01,False,NORMAL,0,-0.0572,1.0,0.0,0,,0.6
2023-06-01,2023-06-02,False,NORMAL,0,-0.0554,1.0,0.0,0,,0.6
2023-06-02,2023-06-05,False,NORMAL,0,-0.0386,1.0,0.0,0,,0.6
2023-06-05,2023-06-06,False,NORMAL,0,-0.0538,1.0,0.0,0,,0.6
2023-06-06,2023-06-07,False,NORMAL,0,-0.0545,1.0,0.0,0,,0.6
2023-06-07,2023-06-08,False,NORMAL,0,-0.0519,1.0,0.0,0,,0.6
2023-06-08,2023-06-09,False,NORMAL,0,-0.0427,1.0,0.0,0,,0.6
2023-06-09,2023-06-12,False,NORMAL,0,-0.0257,1.0,0.0,0,,0.6
2023-06-12,2023-06-13,False,NORMAL,0,-0.0386,1.0,0.0,0,,0.6
2023-06-13,2023-06-14,False,NORMAL,0,-0.0285,1.0,0.0,0,,0.6
2023-06-14,2023-06-15,False,NORMAL,0,-0.0243,1.0,0.0,0,,0.6
2023-06-15,2023-06-16,False,NORMAL,0,-0.0077,1.0,0.0,0,,0.6
2023-06-16,2023-06-19,False,NORMAL,0,0.0048,1.0,0.0,0,,0.6
2023-06-19,2023-06-20,False,NORMAL,0,-0.0097,1.0,0.0,0,,0.6
2023-06-20,2023-06-21,False,NORMAL,0,0.0028,1.0,0.0,0,,0.6
2023-06-21,2023-06-26,False,NORMAL,0,0.0013,1.0,0.0,0,,0.6
2023-06-26,2023-06-27,False,NORMAL,0,-0.0106,1.0,0.0,0,,0.6
2023-06-27,2023-06-28,False,NORMAL,0,-0.0014,1.0,0.0,0,,0.6
2023-06-28,2023-06-29,False,NORMAL,0,0.0018,1.0,0.0,0,,0.6
2023-06-29,2023-06-30,False,NORMAL,0,-0.0041,1.0,0.0,0,,0.6
2023-06-30,2023-07-03,False,NORMAL,0,0.0116,1.0,0.0,0,,0.6
2023-07-03,2023-07-04,False,NORMAL,0,0.0226,1.0,0.0,0,,0.6
2023-07-04,2023-07-05,False,NORMAL,0,0.0096,1.0,0.0,0,,0.6
2023-07-05,2023-07-06,False,NORMAL,0,0.0064,1.0,0.0,0,,0.6
2023-07-06,2023-07-07,False,NORMAL,0,0.0091,1.0,0.0,0,,0.6
2023-07-07,2023-07-10,False,NORMAL,0,0.0096,1.0,0.0,0,,0.6
2023-07-10,2023-07-11,False,NORMAL,0,0.0063,1.0,0.0,0,,0.6
2023-07-11,2023-07-12,False,NORMAL,0,0.0085,1.0,0.0,0,,0.6
2023-07-12,2023-07-13,False,NORMAL,0,-0.0003,1.0,0.0,0,,0.6
2023-07-13,2023-07-14,False,NORMAL,0,0.0087,1.0,0.0,0,,0.6
2023-07-14,2023-07-17,False,NORMAL,0,0.0091,1.0,0.0,0,,0.6
2023-07-17,2023-07-18,False,NORMAL,0,-0.0149,1.0,0.0,0,,0.6
2023-07-18,2023-07-19,False,NORMAL,0,-0.0274,1.0,0.0,0,,0.6
2023-07-19,2023-07-20,False,NORMAL,0,-0.0204,1.0,0.0,0,,0.6
2023-07-20,2023-07-21,False,NORMAL,0,-0.0256,1.0,0.0,0,,0.6
2023-07-21,2023-07-24,False,NORMAL,0,-0.0109,1.0,0.0,0,,0.6
2023-07-24,2023-07-25,False,NORMAL,0,-0.0012,1.0,0.0,0,,0.6
2023-07-25,2023-07-26,False,NORMAL,0,0.0181,1.0,0.0,0,,0.6
2023-07-26,2023-07-27,False,NORMAL,0,0.0172,1.0,0.0,0,,0.6
2023-07-27,2023-07-28,False,NORMAL,0,0.0211,1.0,0.0,0,,0.6
2023-07-28,2023-07-31,False,NORMAL,0,0.0391,1.0,0.0,0,,0.6
2023-07-31,2023-08-01,False,NORMAL,0,0.0313,1.0,0.0,0,,0.6
2023-08-01,2023-08-02,False,NORMAL,0,0.0254,1.0,0.0,0,,0.6
2023-08-02,2023-08-03,False,NORMAL,0,0.0261,1.0,0.0,0,,0.6
2023-08-03,2023-08-04,False,NORMAL,0,0.0422,1.0,0.0,0,,0.6
2023-08-04,2023-08-07,False,NORMAL,0,0.0509,1.0,0.0,0,,0.6
2023-08-07,2023-08-08,False,NORMAL,0,0.0379,1.0,0.0,0,,0.6
2023-08-08,2023-08-09,False,NORMAL,0,0.0285,1.0,0.0,0,,0.6
2023-08-09,2023-08-10,False,NORMAL,0,0.0323,1.0,0.0,0,,0.6
2023-08-10,2023-08-11,False,NORMAL,0,0.0198,1.0,0.0,0,,0.6
2023-08-11,2023-08-14,False,NORMAL,0,-0.0038,1.0,0.0,0,,0.6
2023-08-14,2023-08-15,False,NORMAL,0,-0.0029,1.0,0.0,0,,0.6
2023-08-15,2023-08-16,False,NORMAL,0,-0.0022,1.0,0.0,0,,0.6
2023-08-16,2023-08-17,False,NORMAL,0,-0.0084,1.0,0.0,0,,0.6
2023-08-17,2023-08-18,False,NORMAL,0,0.0019,1.0,0.0,0,,0.6
2023-08-18,2023-08-21,False,NORMAL,0,-0.0099,1.0,0.0,0,,0.6
2023-08-21,2023-08-22,False,NORMAL,0,-0.0199,1.0,0.0,0,,0.6
2023-08-22,2023-08-23,False,NORMAL,0,-0.0401,1.0,0.0,0,,0.6
2023-08-23,2023-08-24,False,NORMAL,0,-0.0538,1.0,0.0,0,,0.6
2023-08-24,2023-08-25,False,NORMAL,0,-0.0458,1.0,0.0,0,,0.6
2023-08-25,2023-08-28,False,NORMAL,1,-0.071,1.0,0.0,0,CSI300_ret20=-0.0710≤-0.06,0.6
2023-08-28,2023-08-29,False,NORMAL,1,-0.0653,1.0,0.0,0,CSI300_ret20=-0.0653≤-0.06,0.6
2023-08-29,2023-08-30,False,NORMAL,0,-0.052,1.0,0.0,0,,0.6
2023-08-30,2023-08-31,False,NORMAL,0,-0.0457,1.0,0.0,0,,0.6
2023-08-31,2023-09-01,False,NORMAL,0,-0.0599,1.0,0.0,0,,0.6
2023-09-01,2023-09-04,False,NORMAL,0,-0.057,1.0,0.0,0,,0.6
2023-09-04,2023-09-05,False,NORMAL,0,-0.0354,1.0,0.0,0,,0.6
2023-09-05,2023-09-06,False,NORMAL,0,-0.0401,1.0,0.0,0,,0.6
2023-09-06,2023-09-07,False,NORMAL,0,-0.0392,1.0,0.0,0,,0.6
2023-09-07,2023-09-08,False,NORMAL,0,-0.0546,1.0,0.0,0,,0.6
2023-09-08,2023-09-11,False,NORMAL,0,-0.0371,1.0,0.0,0,,0.6
2023-09-11,2023-09-12,False,NORMAL,0,-0.0229,1.0,0.0,0,,0.6
2023-09-12,2023-09-13,False,NORMAL,0,-0.0223,1.0,0.0,0,,0.6
2023-09-13,2023-09-14,False,NORMAL,0,-0.0214,1.0,0.0,0,,0.6
2023-09-14,2023-09-15,False,NORMAL,0,-0.0255,1.0,0.0,0,,0.6
2023-09-15,2023-09-18,False,NORMAL,0,-0.0199,1.0,0.0,0,,0.6
2023-09-18,2023-09-19,False,NORMAL,0,-0.0005,1.0,0.0,0,,0.6
2023-09-19,2023-09-20,False,NORMAL,0,-0.01,1.0,0.0,0,,0.6
2023-09-20,2023-09-21,False,NORMAL,0,0.0024,1.0,0.0,0,,0.6
2023-09-21,2023-09-22,False,NORMAL,0,-0.0137,1.0,0.0,0,,0.6
2023-09-22,2023-09-25,False,NORMAL,0,0.008,1.0,0.0,0,,0.6
2023-09-25,2023-09-26,False,NORMAL,0,-0.0101,1.0,0.0,0,,0.6
2023-09-26,2023-09-27,False,NORMAL,0,-0.0256,1.0,0.0,0,,0.6
2023-09-27,2023-09-28,False,NORMAL,0,-0.0232,1.0,0.0,0,,0.6
2023-09-28,2023-10-09,False,NORMAL,0,-0.0201,1.0,0.0,0,,0.6
2023-10-09,2023-10-10,False,NORMAL,0,-0.0282,1.0,0.0,0,,0.6
2023-10-10,2023-10-11,False,NORMAL,0,-0.0498,1.0,0.0,0,,0.6
2023-10-11,2023-10-12,False,NORMAL,0,-0.04,1.0,0.0,0,,0.6
2023-10-12,2023-10-13,False,NORMAL,0,-0.0288,1.0,0.0,0,,0.6
2023-10-13,2023-10-16,False,NORMAL,0,-0.0253,1.0,0.0,0,,0.6
2023-10-16,2023-10-17,False,NORMAL,0,-0.0303,1.0,0.0,0,,0.6
2023-10-17,2023-10-18,False,NORMAL,0,-0.034,1.0,0.0,0,,0.6
2023-10-18,2023-10-19,False,NORMAL,0,-0.0399,1.0,0.0,0,,0.6
2023-10-19,2023-10-20,False,NORMAL,0,-0.0544,1.0,0.0,0,,0.6
2023-10-20,2023-10-23,False,NORMAL,0,-0.0597,1.0,0.0,0,,0.6
2023-10-23,2023-10-24,False,NORMAL,1,-0.0632,1.0,0.0,0,CSI300_ret20=-0.0632≤-0.06,0.6
2023-10-24,2023-10-25,False,NORMAL,1,-0.0645,1.0,0.0,0,CSI300_ret20=-0.0645≤-0.06,0.6
2023-10-25,2023-10-26,False,NORMAL,0,-0.0581,1.0,0.0,0,,0.6
2023-10-26,2023-10-27,False,NORMAL,0,-0.0517,1.0,0.0,0,,0.6
2023-10-27,2023-10-30,False,NORMAL,0,-0.03,1.0,0.0,0,,0.6
2023-10-30,2023-10-31,False,NORMAL,0,-0.0415,1.0,0.0,0,,0.6
2023-10-31,2023-11-01,False,NORMAL,0,-0.0383,1.0,0.0,0,,0.6
2023-11-01,2023-11-02,False,NORMAL,0,-0.033,1.0,0.0,0,,0.6
2023-11-02,2023-11-03,False,NORMAL,0,-0.0395,1.0,0.0,0,,0.6
2023-11-03,2023-11-06,False,NORMAL,0,-0.0286,1.0,0.0,0,,0.6
2023-11-06,2023-11-07,False,NORMAL,0,-0.0141,1.0,0.0,0,,0.6
2023-11-07,2023-11-08,False,NORMAL,0,-0.0102,1.0,0.0,0,,0.6
2023-11-08,2023-11-09,False,NORMAL,0,-0.0154,1.0,0.0,0,,0.6
2023-11-09,2023-11-10,False,NORMAL,0,-0.0242,1.0,0.0,0,,0.6
2023-11-10,2023-11-13,False,NORMAL,0,-0.021,1.0,0.0,0,,0.6
2023-11-13,2023-11-14,False,NORMAL,0,-0.013,1.0,0.0,0,,0.6
2023-11-14,2023-11-15,False,NORMAL,0,-0.0158,1.0,0.0,0,,0.6
2023-11-15,2023-11-16,False,NORMAL,0,-0.0009,1.0,0.0,0,,0.6
2023-11-16,2023-11-17,False,NORMAL,0,0.011,1.0,0.0,0,,0.6
2023-11-17,2023-11-20,False,NORMAL,0,0.0164,1.0,0.0,0,,0.6
2023-11-20,2023-11-21,False,NORMAL,0,0.0294,1.0,0.0,0,,0.6
2023-11-21,2023-11-22,False,NORMAL,0,0.0269,1.0,0.0,0,,0.6
2023-11-22,2023-11-23,False,NORMAL,0,0.0114,1.0,0.0,0,,0.6
2023-11-23,2023-11-24,False,NORMAL,0,0.0135,1.0,0.0,0,,0.6
2023-11-24,2023-11-27,False,NORMAL,0,-0.0068,1.0,0.0,0,,0.6
2023-11-27,2023-11-28,False,NORMAL,0,-0.02,1.0,0.0,0,,0.6
2023-11-28,2023-11-29,False,NORMAL,0,-0.0151,1.0,0.0,0,,0.6
2023-11-29,2023-11-30,False,NORMAL,0,-0.0232,0.8894,0.0,0,,0.6
2023-11-30,2023-12-01,False,NORMAL,1,-0.0163,1.0,-0.091,0,acct_dd=-0.0910≤-0.08,0.6
2023-12-01,2023-12-04,False,NORMAL,1,-0.0283,0.9435,-0.097,0,acct_dd=-0.0970≤-0.08,0.6
2023-12-04,2023-12-05,False,NORMAL,1,-0.0475,1.0,-0.1023,0,acct_dd=-0.1023≤-0.08,0.6
2023-12-05,2023-12-06,True,ENTER_RISK,2,-0.0623,0.9553,-0.1117,0,CSI300_ret20=-0.0623≤-0.06; acct_dd=-0.1117≤-0.08,0.4
2023-12-06,2023-12-07,True,STAY_RISK,1,-0.0586,0.9598,-0.103,0,acct_dd=-0.1030≤-0.08,0.4
2023-12-07,2023-12-08,True,STAY_RISK,2,-0.0613,0.9711,-0.1103,0,CSI300_ret20=-0.0613≤-0.06; acct_dd=-0.1103≤-0.08,0.4
2023-12-08,2023-12-11,True,STAY_RISK,1,-0.0521,1.1277,-0.1027,0,acct_dd=-0.1027≤-0.08,0.4
2023-12-11,2023-12-12,True,STAY_RISK,1,-0.0447,1.0632,-0.1025,0,acct_dd=-0.1025≤-0.08,0.4
2023-12-12,2023-12-13,True,STAY_RISK,1,-0.0433,0.9234,-0.1076,0,acct_dd=-0.1076≤-0.08,0.4
2023-12-13,2023-12-14,True,STAY_RISK,2,-0.0659,0.9183,-0.1196,0,CSI300_ret20=-0.0659≤-0.06; acct_dd=-0.1196≤-0.08,0.4
2023-12-14,2023-12-15,True,STAY_RISK,1,-0.0617,0.8911,-0.0538,0,CSI300_ret20=-0.0617≤-0.06,0.4
2023-12-15,2023-12-18,True,STAY_RISK,1,-0.0635,0.8845,-0.0553,0,CSI300_ret20=-0.0635≤-0.06,0.4
2023-12-18,2023-12-19,True,STAY_RISK,2,-0.0691,0.8485,-0.0541,0,CSI300_ret20=-0.0691≤-0.06; turnover=0.848≤0.85,0.4
2023-12-19,2023-12-20,True,STAY_RISK,2,-0.069,0.805,-0.0574,0,CSI300_ret20=-0.0690≤-0.06; turnover=0.805≤0.85,0.4
2023-12-20,2023-12-21,True,STAY_RISK,2,-0.0697,0.8451,-0.0586,0,CSI300_ret20=-0.0697≤-0.06; turnover=0.845≤0.85,0.4
2023-12-21,2023-12-22,True,STAY_RISK,1,-0.0648,0.9408,-0.0546,0,CSI300_ret20=-0.0648≤-0.06,0.4
2023-12-22,2023-12-25,True,STAY_RISK,0,-0.0567,0.9898,-0.0564,0,,0.4
2023-12-25,2023-12-26,True,STAY_RISK,1,-0.0468,0.7905,-0.0574,0,turnover=0.790≤0.85,0.4
2023-12-26,2023-12-27,True,STAY_RISK,1,-0.0551,0.8045,-0.0584,0,turnover=0.804≤0.85,0.4
2023-12-27,2023-12-28,True,STAY_RISK,1,-0.0436,0.8438,-0.0575,0,turnover=0.844≤0.85,0.4
2023-12-28,2023-12-29,True,RECOVERING,0,-0.0234,1.1578,-0.038,1,,0.4
2023-12-29,2024-01-02,True,RECOVERING,0,-0.0149,1.0799,-0.0383,2,,0.4
2024-01-02,2024-01-03,True,STAY_RISK,0,-0.0213,1.0429,-0.0514,0,,0.4
2024-01-03,2024-01-04,True,STAY_RISK,0,-0.0047,0.9789,-0.0549,0,,0.4
2024-01-04,2024-01-05,True,STAY_RISK,0,-0.0155,0.9006,-0.0528,0,,0.4
2024-01-05,2024-01-08,True,STAY_RISK,0,-0.0183,0.9902,-0.0594,0,,0.4
2024-01-08,2024-01-09,True,STAY_RISK,0,-0.0334,0.897,-0.0612,0,,0.4
2024-01-09,2024-01-10,True,STAY_RISK,0,-0.0371,0.9347,-0.0638,0,,0.4
2024-01-10,2024-01-11,True,STAY_RISK,0,-0.0437,0.9004,-0.072,0,,0.4
2024-01-11,2024-01-12,True,STAY_RISK,0,-0.0219,0.9927,-0.0689,0,,0.4
2024-01-12,2024-01-15,True,STAY_RISK,1,-0.0202,0.952,-0.0873,0,acct_dd=-0.0873≤-0.08,0.4
2024-01-15,2024-01-16,True,STAY_RISK,0,-0.0181,0.8631,-0.0704,0,,0.4
2024-01-16,2024-01-17,True,STAY_RISK,0,-0.0086,0.9745,-0.0689,0,,0.4
2024-01-17,2024-01-18,True,STAY_RISK,0,-0.0315,0.909,-0.0767,0,,0.4
2024-01-18,2024-01-19,True,STAY_RISK,0,-0.0069,1.2114,-0.0708,0,,0.4
2024-01-19,2024-01-22,True,STAY_RISK,1,-0.0183,0.9455,-0.0818,0,acct_dd=-0.0818≤-0.08,0.4
2024-01-22,2024-01-23,True,STAY_RISK,1,-0.0355,1.1188,-0.0941,0,acct_dd=-0.0941≤-0.08,0.4
2024-01-23,2024-01-24,True,STAY_RISK,1,-0.0345,0.9845,-0.0939,0,acct_dd=-0.0939≤-0.08,0.4
2024-01-24,2024-01-25,True,STAY_RISK,1,-0.0143,1.0625,-0.0886,0,acct_dd=-0.0886≤-0.08,0.4
2024-01-25,2024-01-26,True,STAY_RISK,0,0.002,1.2111,-0.0688,0,,0.4
2024-01-26,2024-01-29,True,STAY_RISK,0,-0.0236,1.1294,-0.055,0,,0.4
2024-01-29,2024-01-30,True,STAY_RISK,0,-0.0371,1.1003,-0.064,0,,0.4
2024-01-30,2024-01-31,True,STAY_RISK,0,-0.0417,0.9159,-0.0696,0,,0.4
2024-01-31,2024-02-01,True,STAY_RISK,0,-0.0482,1.0449,-0.075,0,,0.4
2024-02-01,2024-02-02,True,STAY_RISK,0,-0.0386,0.9682,-0.0788,0,,0.4
2024-02-02,2024-02-05,True,STAY_RISK,1,-0.0449,1.1051,-0.0815,0,acct_dd=-0.0815≤-0.08,0.4
2024-02-05,2024-02-06,True,STAY_RISK,1,-0.0261,1.1857,-0.0853,0,acct_dd=-0.0853≤-0.08,0.4
2024-02-06,2024-02-07,True,STAY_RISK,0,0.0058,1.2322,-0.075,0,,0.4
2024-02-07,2024-02-08,True,STAY_RISK,0,0.0203,1.3274,-0.0723,0,,0.4
2024-02-08,2024-02-19,True,STAY_RISK,0,0.021,1.2903,-0.0642,0,,0.4
2024-02-19,2024-02-20,True,STAY_RISK,0,0.0364,1.1931,-0.0673,0,,0.4
2024-02-20,2024-02-21,True,STAY_RISK,0,0.0396,0.9764,-0.0727,0,,0.4
2024-02-21,2024-02-22,True,STAY_RISK,0,0.0473,1.1884,-0.079,0,,0.4
2024-02-22,2024-02-23,True,STAY_RISK,0,0.0798,0.9863,-0.0668,0,,0.4
2024-02-23,2024-02-26,True,STAY_RISK,0,0.0657,1.1015,-0.0664,0,,0.4
2024-02-26,2024-02-27,True,STAY_RISK,0,0.0561,1.1588,-0.0576,0,,0.4
2024-02-27,2024-02-28,True,RECOVERING,0,0.0857,1.1518,-0.0448,1,,0.4
2024-02-28,2024-02-29,True,STAY_RISK,0,0.0676,1.5159,-0.0627,0,,0.4
2024-02-29,2024-03-01,True,STAY_RISK,0,0.0729,1.1592,-0.0522,0,,0.4
2024-03-01,2024-03-04,True,RECOVERING,0,0.0583,1.153,-0.0454,1,,0.4
2024-03-04,2024-03-05,True,RECOVERING,0,0.0621,1.159,-0.0221,2,,0.4
2024-03-05,2024-03-06,True,RECOVERING,0,0.0792,1.1335,-0.0297,3,,0.4
2024-03-06,2024-03-07,True,RECOVERING,0,0.0943,0.9757,-0.0297,4,,0.4
2024-03-07,2024-03-08,False,EXIT_RISK,0,0.0978,1.0148,-0.0392,0,,0.6
2024-03-08,2024-03-11,False,NORMAL,0,0.1017,0.8801,-0.0286,0,,0.6
2024-03-11,2024-03-12,False,NORMAL,0,0.1288,1.0191,-0.0183,0,,0.6
2024-03-12,2024-03-13,False,NORMAL,0,0.1241,1.1452,-0.0236,0,,0.6
2024-03-13,2024-03-14,False,NORMAL,0,0.0787,1.0484,-0.03,0,,0.6
2024-03-14,2024-03-15,False,NORMAL,0,0.0654,1.0027,-0.0314,0,,0.6
2024-03-15,2024-03-18,False,NORMAL,0,0.0609,0.9471,-0.027,0,,0.6
2024-03-18,2024-03-19,False,NORMAL,0,0.0587,1.1273,-0.022,0,,0.6
2024-03-19,2024-03-20,False,NORMAL,0,0.0489,1.0526,-0.0313,0,,0.6
2024-03-20,2024-03-21,False,NORMAL,0,0.0372,0.9743,-0.0314,0,,0.6
2024-03-21,2024-03-22,False,NORMAL,0,0.0271,1.0278,-0.0362,0,,0.6
2024-03-22,2024-03-25,False,NORMAL,0,0.0158,1.0463,-0.0517,0,,0.6
2024-03-25,2024-03-26,False,NORMAL,0,0.021,0.993,-0.0481,0,,0.6
2024-03-26,2024-03-27,False,NORMAL,0,0.014,0.9116,-0.055,0,,0.6
2024-03-27,2024-03-28,False,NORMAL,0,0.0152,0.8675,-0.0633,0,,0.6
2024-03-28,2024-03-29,False,NORMAL,0,0.0014,0.9148,-0.0514,0,,0.6
2024-03-29,2024-04-01,False,NORMAL,0,-0.0001,0.8504,-0.0447,0,,0.6
2024-04-01,2024-04-02,False,NORMAL,0,0.0155,0.995,-0.0526,0,,0.6
2024-04-02,2024-04-03,False,NORMAL,0,0.0043,0.9675,-0.0627,0,,0.6
2024-04-03,2024-04-08,False,NORMAL,0,0.0047,0.9186,-0.0739,0,,0.6
2024-04-08,2024-04-09,False,NORMAL,0,0.0019,0.9355,-0.0791,0,,0.6
2024-04-09,2024-04-10,True,ENTER_RISK,2,-0.0032,0.8019,-0.0831,0,turnover=0.802≤0.85; acct_dd=-0.0831≤-0.08,0.4
2024-04-10,2024-04-11,True,STAY_RISK,1,-0.0236,0.8473,-0.0782,0,turnover=0.847≤0.85,0.4
2024-04-11,2024-04-12,True,STAY_RISK,2,-0.0259,0.8431,-0.0831,0,turnover=0.843≤0.85; acct_dd=-0.0831≤-0.08,0.4
2024-04-12,2024-04-15,True,STAY_RISK,1,-0.027,0.8501,-0.0862,0,acct_dd=-0.0862≤-0.08,0.4
2024-04-15,2024-04-16,True,STAY_RISK,0,-0.0037,1.0454,-0.0764,0,,0.4
2024-04-16,2024-04-17,True,STAY_RISK,0,-0.0165,0.9947,-0.0768,0,,0.4
2024-04-17,2024-04-18,True,RECOVERING,0,-0.0106,0.976,-0.0445,1,,0.4
2024-04-18,2024-04-19,True,STAY_RISK,0,-0.0022,1.0173,-0.0595,0,,0.4
2024-04-19,2024-04-22,True,STAY_RISK,0,-0.0122,0.9279,-0.0567,0,,0.4
2024-04-22,2024-04-23,True,STAY_RISK,0,-0.014,0.8975,-0.0619,0,,0.4
2024-04-23,2024-04-24,True,STAY_RISK,0,-0.0109,0.8621,-0.0654,0,,0.4
2024-04-24,2024-04-25,True,STAY_RISK,0,-0.0012,0.8964,-0.0653,0,,0.4
2024-04-25,2024-04-26,True,STAY_RISK,0,-0.0038,0.8806,-0.0635,0,,0.4
2024-04-26,2024-04-29,True,STAY_RISK,0,0.0233,1.2229,-0.0627,0,,0.4
2024-04-29,2024-04-30,True,STAY_RISK,0,0.0292,1.3425,-0.0587,0,,0.4
2024-04-30,2024-05-06,True,STAY_RISK,0,0.0189,1.1324,-0.0607,0,,0.4
2024-05-06,2024-05-07,True,STAY_RISK,0,0.0173,1.2054,-0.0557,0,,0.4
2024-05-07,2024-05-08,True,RECOVERING,0,0.0219,1.0588,-0.0458,1,,0.4
2024-05-08,2024-05-09,True,STAY_RISK,0,0.0175,0.9476,-0.0519,0,,0.4
2024-05-09,2024-05-10,True,RECOVERING,0,0.0362,0.9888,-0.0496,1,,0.4
2024-05-10,2024-05-13,True,STAY_RISK,0,0.0376,0.9945,-0.0605,0,,0.4
2024-05-13,2024-05-14,True,STAY_RISK,0,0.0456,0.9875,-0.0528,0,,0.4
2024-05-14,2024-05-15,True,STAY_RISK,0,0.0436,0.893,-0.0533,0,,0.4
2024-05-15,2024-05-16,True,STAY_RISK,1,0.0432,0.8255,-0.052,0,turnover=0.826≤0.85,0.4
2024-05-16,2024-05-17,True,STAY_RISK,0,0.0257,0.9259,-0.0542,0,,0.4
2024-05-17,2024-05-20,True,STAY_RISK,0,0.0475,0.9736,-0.0512,0,,0.4
2024-05-20,2024-05-21,True,RECOVERING,0,0.0352,1.0878,-0.0465,1,,0.4
2024-05-21,2024-05-22,True,STAY_RISK,0,0.0298,0.8819,-0.0503,0,,0.4
2024-05-22,2024-05-23,True,STAY_RISK,0,0.0403,0.919,-0.0532,0,,0.4
2024-05-23,2024-05-24,True,STAY_RISK,0,0.0314,0.9405,-0.0519,0,,0.4
2024-05-24,2024-05-27,True,RECOVERING,1,0.0272,0.8448,-0.0289,1,turnover=0.845≤0.85,0.4
2024-05-27,2024-05-28,True,RECOVERING,0,0.0324,0.856,-0.0201,2,,0.4
2024-05-28,2024-05-29,True,STAY_RISK,1,0.0223,0.8221,-0.0532,0,turnover=0.822≤0.85,0.4
2024-05-29,2024-05-30,True,STAY_RISK,1,0.0082,0.8012,-0.0576,0,turnover=0.801≤0.85,0.4
2024-05-30,2024-05-31,True,STAY_RISK,1,-0.0082,0.8411,-0.0739,0,turnover=0.841≤0.85,0.4
2024-05-31,2024-06-03,True,STAY_RISK,1,-0.0068,0.8467,-0.0703,0,turnover=0.847≤0.85,0.4
2024-06-03,2024-06-04,True,STAY_RISK,1,-0.0189,0.9999,-0.0825,0,acct_dd=-0.0825≤-0.08,0.4
2024-06-04,2024-06-05,True,STAY_RISK,0,-0.0118,0.9104,-0.0673,0,,0.4
2024-06-05,2024-06-06,True,STAY_RISK,1,-0.0098,0.8487,-0.0645,0,turnover=0.849≤0.85,0.4
2024-06-06,2024-06-07,True,STAY_RISK,0,-0.0197,1.0472,-0.0619,0,,0.4
2024-06-07,2024-06-11,True,STAY_RISK,0,-0.0251,0.8969,-0.0617,0,,0.4
2024-06-11,2024-06-12,True,STAY_RISK,0,-0.0332,0.8914,-0.062,0,,0.4
2024-06-12,2024-06-13,True,STAY_RISK,0,-0.0309,0.8859,-0.0636,0,,0.4
2024-06-13,2024-06-14,True,STAY_RISK,0,-0.0276,0.9638,-0.0637,0,,0.4
2024-06-14,2024-06-17,True,STAY_RISK,0,-0.0271,1.0843,-0.0574,0,,0.4
2024-06-17,2024-06-18,True,STAY_RISK,0,-0.0385,0.9705,-0.054,0,,0.4
2024-06-18,2024-06-19,True,RECOVERING,0,-0.0394,0.967,-0.0378,1,,0.4
2024-06-19,2024-06-20,True,RECOVERING,0,-0.0401,0.9333,-0.0344,2,,0.4
2024-06-20,2024-06-21,True,RECOVERING,0,-0.0492,0.9647,-0.0434,3,,0.4
2024-06-21,2024-06-24,True,RECOVERING,1,-0.0401,0.8393,-0.0408,4,turnover=0.839≤0.85,0.4
2024-06-24,2024-06-25,True,STAY_RISK,0,-0.0346,0.9465,-0.0504,0,,0.4
2024-06-25,2024-06-26,True,STAY_RISK,0,-0.0489,0.8902,-0.0516,0,,0.4
2024-06-26,2024-06-27,True,RECOVERING,0,-0.0357,0.8878,-0.0425,1,,0.4
2024-06-27,2024-06-28,True,RECOVERING,0,-0.0441,0.8691,-0.047,2,,0.4
2024-06-28,2024-07-01,True,RECOVERING,0,-0.0369,0.9762,-0.0492,3,,0.4
2024-07-01,2024-07-02,True,STAY_RISK,0,-0.0284,0.9184,-0.0502,0,,0.4
2024-07-02,2024-07-03,True,RECOVERING,0,-0.0326,0.912,-0.0444,1,,0.4
2024-07-03,2024-07-04,True,STAY_RISK,1,-0.0421,0.8316,-0.0612,0,turnover=0.832≤0.85,0.4
2024-07-04,2024-07-05,True,STAY_RISK,1,-0.0414,0.8399,-0.064,0,turnover=0.840≤0.85,0.4
2024-07-05,2024-07-08,True,STAY_RISK,1,-0.0449,0.8437,-0.0676,0,turnover=0.844≤0.85,0.4
2024-07-08,2024-07-09,True,STAY_RISK,0,-0.0482,0.8632,-0.0675,0,,0.4
2024-07-09,2024-07-10,True,STAY_RISK,0,-0.0291,1.0726,-0.0641,0,,0.4
2024-07-10,2024-07-11,True,STAY_RISK,0,-0.0325,1.0045,-0.0672,0,,0.4
2024-07-11,2024-07-12,True,STAY_RISK,0,-0.0164,1.1644,-0.0683,0,,0.4
2024-07-12,2024-07-15,True,STAY_RISK,0,-0.0195,1.0281,-0.0627,0,,0.4
2024-07-15,2024-07-16,True,STAY_RISK,0,-0.017,0.9107,-0.057,0,,0.4
2024-07-16,2024-07-17,True,STAY_RISK,0,-0.0133,0.98,-0.0605,0,,0.4
2024-07-17,2024-07-18,True,RECOVERING,0,-0.0077,1.0451,-0.049,1,,0.4
2024-07-18,2024-07-19,True,STAY_RISK,0,0.005,1.0405,-0.0512,0,,0.4
2024-07-19,2024-07-22,True,STAY_RISK,0,0.0124,1.0287,-0.0656,0,,0.4
2024-07-22,2024-07-23,True,STAY_RISK,1,0.011,1.0086,-0.0814,0,acct_dd=-0.0814≤-0.08,0.4
2024-07-23,2024-07-24,True,STAY_RISK,1,-0.0052,1.0158,-0.0945,0,acct_dd=-0.0945≤-0.08,0.4
2024-07-24,2024-07-25,True,STAY_RISK,1,-0.0178,0.9625,-0.1035,0,acct_dd=-0.1035≤-0.08,0.4
2024-07-25,2024-07-26,True,STAY_RISK,1,-0.0159,0.906,-0.1031,0,acct_dd=-0.1031≤-0.08,0.4
2024-07-26,2024-07-29,True,STAY_RISK,1,-0.0151,0.9409,-0.0987,0,acct_dd=-0.0987≤-0.08,0.4
2024-07-29,2024-07-30,True,STAY_RISK,1,-0.0251,0.912,-0.1,0,acct_dd=-0.1000≤-0.08,0.4
2024-07-30,2024-07-31,True,STAY_RISK,1,-0.0295,0.9383,-0.1051,0,acct_dd=-0.1051≤-0.08,0.4
2024-07-31,2024-08-01,True,STAY_RISK,1,-0.0062,1.3778,-0.1093,0,acct_dd=-0.1093≤-0.08,0.4
2024-08-01,2024-08-02,True,STAY_RISK,1,-0.0077,1.1745,-0.1073,0,acct_dd=-0.1073≤-0.08,0.4
2024-08-02,2024-08-05,True,STAY_RISK,1,-0.0136,1.0715,-0.1117,0,acct_dd=-0.1117≤-0.08,0.4
2024-08-05,2024-08-06,True,STAY_RISK,1,-0.0172,1.1539,-0.0893,0,acct_dd=-0.0893≤-0.08,0.4
2024-08-06,2024-08-07,True,STAY_RISK,1,-0.0282,0.9597,-0.0984,0,acct_dd=-0.0984≤-0.08,0.4
2024-08-07,2024-08-08,True,STAY_RISK,1,-0.0255,0.8749,-0.1023,0,acct_dd=-0.1023≤-0.08,0.4
2024-08-08,2024-08-09,True,STAY_RISK,1,-0.0361,0.9278,-0.1083,0,acct_dd=-0.1083≤-0.08,0.4
2024-08-09,2024-08-12,True,STAY_RISK,2,-0.0405,0.8498,-0.1076,0,turnover=0.850≤0.85; acct_dd=-0.1076≤-0.08,0.4
2024-08-12,2024-08-13,True,STAY_RISK,2,-0.0433,0.7558,-0.1118,0,turnover=0.756≤0.85; acct_dd=-0.1118≤-0.08,0.4
2024-08-13,2024-08-14,True,STAY_RISK,2,-0.0468,0.7362,-0.1073,0,turnover=0.736≤0.85; acct_dd=-0.1073≤-0.08,0.4
2024-08-14,2024-08-15,True,STAY_RISK,2,-0.0549,0.7488,-0.1142,0,turnover=0.749≤0.85; acct_dd=-0.1142≤-0.08,0.4
2024-08-15,2024-08-16,True,STAY_RISK,1,-0.0508,0.933,-0.1235,0,acct_dd=-0.1235≤-0.08,0.4
2024-08-16,2024-08-19,True,STAY_RISK,1,-0.0546,0.9384,-0.1386,0,acct_dd=-0.1386≤-0.08,0.4
2024-08-19,2024-08-20,True,STAY_RISK,1,-0.0449,0.9106,-0.127,0,acct_dd=-0.1270≤-0.08,0.4
2024-08-20,2024-08-21,True,STAY_RISK,1,-0.0312,0.8995,-0.1269,0,acct_dd=-0.1269≤-0.08,0.4
2024-08-21,2024-08-22,True,STAY_RISK,2,-0.0282,0.8308,-0.1285,0,turnover=0.831≤0.85; acct_dd=-0.1285≤-0.08,0.4
2024-08-22,2024-08-23,True,STAY_RISK,1,-0.0253,0.8982,-0.1315,0,acct_dd=-0.1315≤-0.08,0.4
2024-08-23,2024-08-26,True,STAY_RISK,2,-0.0241,0.8412,-0.1373,0,turnover=0.841≤0.85; acct_dd=-0.1373≤-0.08,0.4
2024-08-26,2024-08-27,True,STAY_RISK,1,-0.0196,0.8722,-0.1359,0,acct_dd=-0.1359≤-0.08,0.4
2024-08-27,2024-08-28,True,STAY_RISK,1,-0.019,0.8534,-0.1403,0,acct_dd=-0.1403≤-0.08,0.4
2024-08-28,2024-08-29,True,STAY_RISK,1,-0.0452,0.8568,-0.1485,0,acct_dd=-0.1485≤-0.08,0.4
2024-08-29,2024-08-30,True,STAY_RISK,1,-0.0414,1.0641,-0.1554,0,acct_dd=-0.1554≤-0.08,0.4
2024-08-30,2024-09-02,True,STAY_RISK,1,-0.0186,1.5159,-0.1565,0,acct_dd=-0.1565≤-0.08,0.4
2024-09-02,2024-09-03,True,STAY_RISK,1,-0.0234,1.2278,-0.1584,0,acct_dd=-0.1584≤-0.08,0.4
2024-09-03,2024-09-04,True,STAY_RISK,1,-0.0208,1.018,-0.166,0,acct_dd=-0.1660≤-0.08,0.4
2024-09-04,2024-09-05,True,STAY_RISK,1,-0.0267,0.983,-0.1694,0,acct_dd=-0.1694≤-0.08,0.4
2024-09-05,2024-09-06,True,STAY_RISK,1,-0.0255,0.9481,-0.1739,0,acct_dd=-0.1739≤-0.08,0.4
2024-09-06,2024-09-09,True,STAY_RISK,1,-0.0301,0.9631,-0.1747,0,acct_dd=-0.1747≤-0.08,0.4
2024-09-09,2024-09-10,True,STAY_RISK,1,-0.04,0.9174,-0.1788,0,acct_dd=-0.1788≤-0.08,0.4
2024-09-10,2024-09-11,True,STAY_RISK,1,-0.0416,0.9293,-0.1743,0,acct_dd=-0.1743≤-0.08,0.4
2024-09-11,2024-09-12,True,STAY_RISK,1,-0.0372,0.8782,-0.1749,0,acct_dd=-0.1749≤-0.08,0.4
2024-09-12,2024-09-13,True,STAY_RISK,1,-0.0507,0.9115,-0.1766,0,acct_dd=-0.1766≤-0.08,0.4
2024-09-13,2024-09-18,True,STAY_RISK,1,-0.0557,0.9376,-0.1781,0,acct_dd=-0.1781≤-0.08,0.4
2024-09-18,2024-09-19,True,STAY_RISK,1,-0.0554,0.8598,-0.2276,0,acct_dd=-0.2276≤-0.08,0.4
2024-09-19,2024-09-20,True,STAY_RISK,1,-0.041,1.1147,-0.2271,0,acct_dd=-0.2271≤-0.08,0.4
2024-09-20,2024-09-23,True,STAY_RISK,1,-0.0363,1.0169,-0.2307,0,acct_dd=-0.2307≤-0.08,0.4
2024-09-23,2024-09-24,True,STAY_RISK,1,-0.0303,0.9757,-0.2301,0,acct_dd=-0.2301≤-0.08,0.4
2024-09-24,2024-09-25,True,STAY_RISK,1,0.0074,1.6552,-0.2142,0,acct_dd=-0.2142≤-0.08,0.4
2024-09-25,2024-09-26,True,STAY_RISK,1,0.0233,1.8726,-0.2117,0,acct_dd=-0.2117≤-0.08,0.4
2024-09-26,2024-09-27,True,STAY_RISK,1,0.0726,1.785,-0.203,0,acct_dd=-0.2030≤-0.08,0.4
2024-09-27,2024-09-30,True,STAY_RISK,1,0.1269,2.0779,-0.1913,0,acct_dd=-0.1913≤-0.08,0.4
2024-09-30,2024-10-08,True,STAY_RISK,1,0.2258,3.2633,-0.1633,0,acct_dd=-0.1633≤-0.08,0.4
2024-10-08,2024-10-09,True,STAY_RISK,1,0.2814,3.7453,-0.1327,0,acct_dd=-0.1327≤-0.08,0.4
2024-10-09,2024-10-10,True,STAY_RISK,1,0.2116,2.8459,-0.0882,0,acct_dd=-0.0882≤-0.08,0.4
2024-10-10,2024-10-11,True,STAY_RISK,1,0.2213,1.9259,-0.0832,0,acct_dd=-0.0832≤-0.08,0.4
2024-10-11,2024-10-14,True,STAY_RISK,1,0.1953,1.3521,-0.0903,0,acct_dd=-0.0903≤-0.08,0.4
2024-10-14,2024-10-15,True,STAY_RISK,1,0.216,1.3361,-0.081,0,acct_dd=-0.0810≤-0.08,0.4
2024-10-15,2024-10-16,True,STAY_RISK,1,0.1933,1.2831,-0.089,0,acct_dd=-0.0890≤-0.08,0.4
2024-10-16,2024-10-17,True,STAY_RISK,1,0.2,1.043,-0.0899,0,acct_dd=-0.0899≤-0.08,0.4
2024-10-17,2024-10-18,True,STAY_RISK,1,0.1854,1.0975,-0.0922,0,acct_dd=-0.0922≤-0.08,0.4
2024-10-18,2024-10-21,True,STAY_RISK,0,0.232,1.4552,-0.0745,0,,0.4
2024-10-21,2024-10-22,True,STAY_RISK,0,0.2404,1.4413,-0.0558,0,,0.4
2024-10-22,2024-10-23,True,STAY_RISK,0,0.2528,1.2125,-0.0616,0,,0.4
2024-10-23,2024-10-24,True,STAY_RISK,0,0.253,1.1629,-0.0628,0,,0.4
2024-10-24,2024-10-25,True,STAY_RISK,0,0.2293,0.8997,-0.061,0,,0.4
2024-10-25,2024-10-28,True,STAY_RISK,0,0.236,1.018,-0.0592,0,,0.4
2024-10-28,2024-10-29,True,RECOVERING,0,0.2339,1.0203,-0.0444,1,,0.4
2024-10-29,2024-10-30,True,RECOVERING,0,0.1709,1.0974,-0.0366,2,,0.4
2024-10-30,2024-10-31,True,RECOVERING,0,0.1434,0.965,-0.0196,3,,0.4
2024-10-31,2024-11-01,True,RECOVERING,0,0.0975,1.1227,-0.0143,4,,0.4
2024-11-01,2024-11-04,False,EXIT_RISK,0,0.0503,1.1015,-0.0434,0,,0.6
2024-11-04,2024-11-05,False,NORMAL,0,-0.0182,0.8558,-0.0399,0,,0.6
2024-11-05,2024-11-06,False,NORMAL,0,-0.0497,1.2019,-0.0123,0,,0.6
2024-11-06,2024-11-07,False,NORMAL,0,0.0173,1.3538,0.0,0,,0.6
2024-11-07,2024-11-08,False,NORMAL,0,0.037,1.3093,-0.0048,0,,0.6
2024-11-08,2024-11-11,False,NORMAL,0,0.0558,1.3553,-0.0081,0,,0.6
2024-11-11,2024-11-12,False,NORMAL,0,0.0429,1.2376,0.0,0,,0.6
2024-11-12,2024-11-13,False,NORMAL,0,0.0596,1.2293,-0.0164,0,,0.6
2024-11-13,2024-11-14,False,NORMAL,0,0.0729,0.9545,-0.0368,0,,0.6
2024-11-14,2024-11-15,False,NORMAL,0,0.0664,0.8677,-0.0501,0,,0.6
2024-11-15,2024-11-18,False,NORMAL,0,0.0111,0.8695,-0.0786,0,,0.6
2024-11-18,2024-11-19,True,ENTER_RISK,2,0.0039,0.8469,-0.1042,0,turnover=0.847≤0.85; acct_dd=-0.1042≤-0.08,0.4
2024-11-19,2024-11-20,True,STAY_RISK,2,0.0048,0.759,-0.0919,0,turnover=0.759≤0.85; acct_dd=-0.0919≤-0.08,0.4
2024-11-20,2024-11-21,True,STAY_RISK,2,0.0032,0.7907,-0.1033,0,turnover=0.791≤0.85; acct_dd=-0.1033≤-0.08,0.4
2024-11-21,2024-11-22,True,STAY_RISK,2,0.0154,0.7912,-0.1026,0,turnover=0.791≤0.85; acct_dd=-0.1026≤-0.08,0.4
2024-11-22,2024-11-25,True,STAY_RISK,1,-0.0229,0.8762,-0.1101,0,acct_dd=-0.1101≤-0.08,0.4
2024-11-25,2024-11-26,True,STAY_RISK,2,-0.0293,0.7343,-0.112,0,turnover=0.734≤0.85; acct_dd=-0.1120≤-0.08,0.4
2024-11-26,2024-11-27,True,STAY_RISK,2,-0.0215,0.6566,-0.1131,0,turnover=0.657≤0.85; acct_dd=-0.1131≤-0.08,0.4
2024-11-27,2024-11-28,True,STAY_RISK,2,0.0045,0.739,-0.108,0,turnover=0.739≤0.85; acct_dd=-0.1080≤-0.08,0.4
2024-11-28,2024-11-29,True,STAY_RISK,2,-0.0048,0.7719,-0.1094,0,turnover=0.772≤0.85; acct_dd=-0.1094≤-0.08,0.4
2024-11-29,2024-12-02,True,STAY_RISK,1,0.0068,0.8954,-0.1053,0,acct_dd=-0.1053≤-0.08,0.4
2024-12-02,2024-12-03,True,STAY_RISK,1,0.0007,0.9329,-0.0998,0,acct_dd=-0.0998≤-0.08,0.4
2024-12-03,2024-12-04,True,STAY_RISK,1,-0.0229,0.9106,-0.099,0,acct_dd=-0.0990≤-0.08,0.4
2024-12-04,2024-12-05,True,STAY_RISK,1,-0.0233,0.9021,-0.0842,0,acct_dd=-0.0842≤-0.08,0.4
2024-12-05,2024-12-06,True,STAY_RISK,1,-0.0541,0.8342,-0.0769,0,turnover=0.834≤0.85,0.4
2024-12-06,2024-12-09,True,STAY_RISK,0,-0.0319,1.0186,-0.0786,0,,0.4
2024-12-09,2024-12-10,True,STAY_RISK,1,-0.0398,0.9542,-0.0891,0,acct_dd=-0.0891≤-0.08,0.4
2024-12-10,2024-12-11,True,STAY_RISK,1,-0.0221,1.2937,-0.0929,0,acct_dd=-0.0929≤-0.08,0.4
2024-12-11,2024-12-12,True,STAY_RISK,1,-0.0297,1.0528,-0.0954,0,acct_dd=-0.0954≤-0.08,0.4
2024-12-12,2024-12-13,True,STAY_RISK,1,-0.0028,1.1037,-0.0914,0,acct_dd=-0.0914≤-0.08,0.4
2024-12-13,2024-12-16,True,STAY_RISK,1,-0.009,1.2139,-0.1139,0,acct_dd=-0.1139≤-0.08,0.4
2024-12-16,2024-12-17,True,STAY_RISK,1,-0.0098,0.9995,-0.1222,0,acct_dd=-0.1222≤-0.08,0.4
2024-12-17,2024-12-18,True,STAY_RISK,1,-0.0138,0.8897,-0.1317,0,acct_dd=-0.1317≤-0.08,0.4
2024-12-18,2024-12-19,True,STAY_RISK,2,-0.011,0.8087,-0.1454,0,turnover=0.809≤0.85; acct_dd=-0.1454≤-0.08,0.4
2024-12-19,2024-12-20,True,STAY_RISK,1,-0.011,0.8663,-0.1399,0,acct_dd=-0.1399≤-0.08,0.4
2024-12-20,2024-12-23,True,STAY_RISK,1,0.0161,0.9156,-0.1369,0,acct_dd=-0.1369≤-0.08,0.4
2024-12-23,2024-12-24,True,STAY_RISK,1,0.0222,0.9221,-0.1371,0,acct_dd=-0.1371≤-0.08,0.4
2024-12-24,2024-12-25,True,STAY_RISK,2,0.0374,0.7882,-0.1347,0,turnover=0.788≤0.85; acct_dd=-0.1347≤-0.08,0.4
2024-12-25,2024-12-26,True,STAY_RISK,2,0.0201,0.7766,-0.136,0,turnover=0.777≤0.85; acct_dd=-0.1360≤-0.08,0.4
2024-12-26,2024-12-27,True,STAY_RISK,2,0.0297,0.7777,-0.1301,0,turnover=0.778≤0.85; acct_dd=-0.1301≤-0.08,0.4
2024-12-27,2024-12-30,True,STAY_RISK,1,0.0165,0.883,-0.1326,0,acct_dd=-0.1326≤-0.08,0.4
2024-12-30,2024-12-31,True,STAY_RISK,2,0.013,0.799,-0.1303,0,turnover=0.799≤0.85; acct_dd=-0.1303≤-0.08,0.4
2024-12-31,2025-01-02,True,STAY_RISK,1,-0.0043,0.8532,-0.1395,0,acct_dd=-0.1395≤-0.08,0.4
2025-01-02,2025-01-03,True,STAY_RISK,1,-0.028,0.8927,-0.1483,0,acct_dd=-0.1483≤-0.08,0.4
2025-01-03,2025-01-06,True,STAY_RISK,2,-0.0373,0.8182,-0.1554,0,turnover=0.818≤0.85; acct_dd=-0.1554≤-0.08,0.4
2025-01-06,2025-01-07,True,STAY_RISK,2,-0.0514,0.7006,-0.153,0,turnover=0.701≤0.85; acct_dd=-0.1530≤-0.08,0.4
2025-01-07,2025-01-08,True,STAY_RISK,2,-0.043,0.7262,-0.1481,0,turnover=0.726≤0.85; acct_dd=-0.1481≤-0.08,0.4
2025-01-08,2025-01-09,True,STAY_RISK,1,-0.0517,0.8667,-0.1477,0,acct_dd=-0.1477≤-0.08,0.4
2025-01-09,2025-01-10,True,STAY_RISK,2,-0.0524,0.7967,-0.1475,0,turnover=0.797≤0.85; acct_dd=-0.1475≤-0.08,0.4
2025-01-10,2025-01-13,True,STAY_RISK,3,-0.0735,0.842,-0.147,0,CSI300_ret20=-0.0735≤-0.06; turnover=0.842≤0.85; acct_dd=-0.1470≤-0.08,0.4
2025-01-13,2025-01-14,True,STAY_RISK,2,-0.0536,0.7367,-0.1524,0,turnover=0.737≤0.85; acct_dd=-0.1524≤-0.08,0.4
2025-01-14,2025-01-15,True,STAY_RISK,1,-0.0233,1.0485,-0.1435,0,acct_dd=-0.1435≤-0.08,0.4
2025-01-15,2025-01-16,True,STAY_RISK,1,-0.0321,0.9372,-0.1401,0,acct_dd=-0.1401≤-0.08,0.4
2025-01-16,2025-01-17,True,STAY_RISK,1,-0.0359,1.0033,-0.1389,0,acct_dd=-0.1389≤-0.08,0.4
2025-01-17,2025-01-20,True,STAY_RISK,1,-0.0337,0.904,-0.1363,0,acct_dd=-0.1363≤-0.08,0.4
2025-01-20,2025-01-21,True,STAY_RISK,1,-0.025,0.9516,-0.1285,0,acct_dd=-0.1285≤-0.08,0.4
2025-01-21,2025-01-22,True,STAY_RISK,1,-0.0257,0.982,-0.1263,0,acct_dd=-0.1263≤-0.08,0.4
2025-01-22,2025-01-23,True,STAY_RISK,1,-0.0469,0.9314,-0.1322,0,acct_dd=-0.1322≤-0.08,0.4
2025-01-23,2025-01-24,True,STAY_RISK,1,-0.0456,1.1074,-0.149,0,acct_dd=-0.1490≤-0.08,0.4
2025-01-24,2025-01-27,True,STAY_RISK,1,-0.0388,0.9996,-0.1373,0,acct_dd=-0.1373≤-0.08,0.4
2025-01-27,2025-02-05,True,STAY_RISK,1,-0.0412,0.9264,-0.1515,0,acct_dd=-0.1515≤-0.08,0.4
2025-02-05,2025-02-06,True,STAY_RISK,1,-0.051,1.0683,-0.1538,0,acct_dd=-0.1538≤-0.08,0.4
2025-02-06,2025-02-07,True,STAY_RISK,1,-0.0234,1.2681,-0.1432,0,acct_dd=-0.1432≤-0.08,0.4
2025-02-07,2025-02-10,True,STAY_RISK,1,0.0189,1.5864,-0.1466,0,acct_dd=-0.1466≤-0.08,0.4
2025-02-10,2025-02-11,True,STAY_RISK,1,0.0333,1.375,-0.1364,0,acct_dd=-0.1364≤-0.08,0.4
2025-02-11,2025-02-12,True,STAY_RISK,1,0.0303,1.2809,-0.1508,0,acct_dd=-0.1508≤-0.08,0.4
2025-02-12,2025-02-13,True,STAY_RISK,1,0.0326,1.2763,-0.1478,0,acct_dd=-0.1478≤-0.08,0.4
2025-02-13,2025-02-14,True,STAY_RISK,1,0.0306,1.3521,-0.1473,0,acct_dd=-0.1473≤-0.08,0.4
2025-02-14,2025-02-17,True,STAY_RISK,1,0.0421,1.2437,-0.1179,0,acct_dd=-0.1179≤-0.08,0.4
2025-02-17,2025-02-18,True,STAY_RISK,1,0.0576,1.3666,-0.1322,0,acct_dd=-0.1322≤-0.08,0.4
2025-02-18,2025-02-19,True,STAY_RISK,1,0.0511,1.2298,-0.1481,0,acct_dd=-0.1481≤-0.08,0.4
2025-02-19,2025-02-20,True,STAY_RISK,1,0.0313,1.1635,-0.1329,0,acct_dd=-0.1329≤-0.08,0.4
2025-02-20,2025-02-21,True,STAY_RISK,1,0.035,1.1693,-0.1418,0,acct_dd=-0.1418≤-0.08,0.4
2025-02-21,2025-02-24,True,STAY_RISK,1,0.0469,1.4131,-0.1233,0,acct_dd=-0.1233≤-0.08,0.4
2025-02-24,2025-02-25,True,STAY_RISK,1,0.0413,1.2998,-0.1266,0,acct_dd=-0.1266≤-0.08,0.4
2025-02-25,2025-02-26,True,STAY_RISK,1,0.0251,1.1568,-0.1395,0,acct_dd=-0.1395≤-0.08,0.4
2025-02-26,2025-02-27,True,STAY_RISK,1,0.0332,1.1577,-0.1363,0,acct_dd=-0.1363≤-0.08,0.4
2025-02-27,2025-02-28,True,STAY_RISK,1,0.0451,1.1691,-0.1278,0,acct_dd=-0.1278≤-0.08,0.4
2025-02-28,2025-03-03,True,STAY_RISK,1,0.0227,1.0742,-0.1494,0,acct_dd=-0.1494≤-0.08,0.4
2025-03-03,2025-03-04,True,STAY_RISK,1,0.0145,0.9265,-0.1616,0,acct_dd=-0.1616≤-0.08,0.4
2025-03-04,2025-03-05,True,STAY_RISK,2,0.0179,0.8159,-0.1535,0,turnover=0.816≤0.85; acct_dd=-0.1535≤-0.08,0.4
2025-03-05,2025-03-06,True,STAY_RISK,2,0.0283,0.8467,-0.1515,0,turnover=0.847≤0.85; acct_dd=-0.1515≤-0.08,0.4
2025-03-06,2025-03-07,True,STAY_RISK,1,0.0295,1.0582,-0.1696,0,acct_dd=-0.1696≤-0.08,0.4
2025-03-07,2025-03-10,True,STAY_RISK,1,0.0132,1.0114,-0.1757,0,acct_dd=-0.1757≤-0.08,0.4
2025-03-10,2025-03-11,True,STAY_RISK,2,0.0071,0.8445,-0.1726,0,turnover=0.844≤0.85; acct_dd=-0.1726≤-0.08,0.4
2025-03-11,2025-03-12,True,STAY_RISK,2,0.015,0.8349,-0.1729,0,turnover=0.835≤0.85; acct_dd=-0.1729≤-0.08,0.4
2025-03-12,2025-03-13,True,STAY_RISK,1,0.0019,0.9471,-0.1763,0,acct_dd=-0.1763≤-0.08,0.4
2025-03-13,2025-03-14,True,STAY_RISK,1,0.0016,0.9101,-0.2181,0,acct_dd=-0.2181≤-0.08,0.4
2025-03-14,2025-03-17,True,STAY_RISK,1,0.0171,1.0134,-0.2147,0,acct_dd=-0.2147≤-0.08,0.4
2025-03-17,2025-03-18,True,STAY_RISK,1,0.0125,0.9012,-0.2064,0,acct_dd=-0.2064≤-0.08,0.4
2025-03-18,2025-03-19,True,STAY_RISK,1,0.0243,0.8766,-0.1993,0,acct_dd=-0.1993≤-0.08,0.4
2025-03-19,2025-03-20,True,STAY_RISK,1,0.0178,0.8504,-0.2019,0,acct_dd=-0.2019≤-0.08,0.4
2025-03-20,2025-03-21,True,STAY_RISK,2,0.0117,0.8408,-0.1809,0,turnover=0.841≤0.85; acct_dd=-0.1809≤-0.08,0.4
2025-03-21,2025-03-24,True,STAY_RISK,1,-0.016,0.9156,-0.2108,0,acct_dd=-0.2108≤-0.08,0.4
2025-03-24,2025-03-25,True,STAY_RISK,1,-0.0088,0.8698,-0.2063,0,acct_dd=-0.2063≤-0.08,0.4
2025-03-25,2025-03-26,True,STAY_RISK,2,0.0017,0.7747,-0.2128,0,turnover=0.775≤0.85; acct_dd=-0.2128≤-0.08,0.4
2025-03-26,2025-03-27,True,STAY_RISK,2,-0.0102,0.7274,-0.2116,0,turnover=0.727≤0.85; acct_dd=-0.2116≤-0.08,0.4
2025-03-27,2025-03-28,True,STAY_RISK,2,-0.009,0.7705,-0.2103,0,turnover=0.771≤0.85; acct_dd=-0.2103≤-0.08,0.4
2025-03-28,2025-03-31,True,STAY_RISK,2,0.0065,0.7435,-0.2121,0,turnover=0.744≤0.85; acct_dd=-0.2121≤-0.08,0.4
2025-03-31,2025-04-01,True,STAY_RISK,2,-0.0003,0.8163,-0.2202,0,turnover=0.816≤0.85; acct_dd=-0.2202≤-0.08,0.4
2025-04-01,2025-04-02,True,STAY_RISK,2,0.0006,0.7656,-0.2211,0,turnover=0.766≤0.85; acct_dd=-0.2211≤-0.08,0.4
2025-04-02,2025-04-03,True,STAY_RISK,2,-0.0047,0.6714,-0.2177,0,turnover=0.671≤0.85; acct_dd=-0.2177≤-0.08,0.4
2025-04-03,2025-04-07,True,STAY_RISK,2,-0.0239,0.8074,-0.2235,0,turnover=0.807≤0.85; acct_dd=-0.2235≤-0.08,0.4
2025-04-07,2025-04-08,True,STAY_RISK,2,-0.0899,1.1372,-0.2361,0,CSI300_ret20=-0.0899≤-0.06; acct_dd=-0.2361≤-0.08,0.4
2025-04-08,2025-04-09,True,STAY_RISK,2,-0.0708,1.1575,-0.2437,0,CSI300_ret20=-0.0708≤-0.06; acct_dd=-0.2437≤-0.08,0.4
2025-04-09,2025-04-10,True,STAY_RISK,2,-0.0646,1.2094,-0.24,0,CSI300_ret20=-0.0646≤-0.06; acct_dd=-0.2400≤-0.08,0.4
2025-04-10,2025-04-11,True,STAY_RISK,1,-0.0489,1.1547,-0.2344,0,acct_dd=-0.2344≤-0.08,0.4
2025-04-11,2025-04-14,True,STAY_RISK,1,-0.0412,0.977,-0.2194,0,acct_dd=-0.2194≤-0.08,0.4
2025-04-14,2025-04-15,True,STAY_RISK,2,-0.0618,0.9392,-0.2118,0,CSI300_ret20=-0.0618≤-0.06; acct_dd=-0.2118≤-0.08,0.4
2025-04-15,2025-04-16,True,STAY_RISK,2,-0.0589,0.8093,-0.2144,0,turnover=0.809≤0.85; acct_dd=-0.2144≤-0.08,0.4
2025-04-16,2025-04-17,True,STAY_RISK,2,-0.0586,0.8446,-0.2256,0,turnover=0.845≤0.85; acct_dd=-0.2256≤-0.08,0.4
2025-04-17,2025-04-18,True,STAY_RISK,2,-0.0593,0.7765,-0.2241,0,turnover=0.776≤0.85; acct_dd=-0.2241≤-0.08,0.4
2025-04-18,2025-04-21,True,STAY_RISK,2,-0.0509,0.7297,-0.2278,0,turnover=0.730≤0.85; acct_dd=-0.2278≤-0.08,0.4
2025-04-21,2025-04-22,True,STAY_RISK,2,-0.0332,0.842,-0.2107,0,turnover=0.842≤0.85; acct_dd=-0.2107≤-0.08,0.4
2025-04-22,2025-04-23,True,STAY_RISK,1,-0.0383,0.8914,-0.2133,0,acct_dd=-0.2133≤-0.08,0.4
2025-04-23,2025-04-24,True,STAY_RISK,1,-0.037,1.0047,-0.2234,0,acct_dd=-0.2234≤-0.08,0.4
2025-04-24,2025-04-25,True,STAY_RISK,1,-0.0344,0.9075,-0.2319,0,acct_dd=-0.2319≤-0.08,0.4
2025-04-25,2025-04-28,True,STAY_RISK,1,-0.037,0.9091,-0.2332,0,acct_dd=-0.2332≤-0.08,0.4
2025-04-28,2025-04-29,True,STAY_RISK,1,-0.0341,0.8634,-0.2319,0,acct_dd=-0.2319≤-0.08,0.4
2025-04-29,2025-04-30,True,STAY_RISK,2,-0.0289,0.842,-0.2346,0,turnover=0.842≤0.85; acct_dd=-0.2346≤-0.08,0.4
2025-04-30,2025-05-06,True,STAY_RISK,1,-0.0301,0.9623,-0.2228,0,acct_dd=-0.2228≤-0.08,0.4
2025-05-06,2025-05-07,True,STAY_RISK,1,-0.0195,1.0847,-0.2079,0,acct_dd=-0.2079≤-0.08,0.4
2025-05-07,2025-05-08,True,STAY_RISK,1,-0.0077,1.1799,-0.215,0,acct_dd=-0.2150≤-0.08,0.4
2025-05-08,2025-05-09,True,STAY_RISK,1,0.0734,1.0482,-0.2174,0,acct_dd=-0.2174≤-0.08,0.4
2025-05-09,2025-05-12,True,STAY_RISK,1,0.0535,0.9857,-0.2191,0,acct_dd=-0.2191≤-0.08,0.4
2025-05-12,2025-05-13,True,STAY_RISK,1,0.0553,1.0981,-0.2132,0,acct_dd=-0.2132≤-0.08,0.4
2025-05-13,2025-05-14,True,STAY_RISK,1,0.0431,1.1019,-0.2146,0,acct_dd=-0.2146≤-0.08,0.4
2025-05-14,2025-05-15,True,STAY_RISK,1,0.0514,1.1245,-0.2132,0,acct_dd=-0.2132≤-0.08,0.4
2025-05-15,2025-05-16,True,STAY_RISK,1,0.0394,0.9966,-0.2245,0,acct_dd=-0.2245≤-0.08,0.4
2025-05-16,2025-05-19,True,STAY_RISK,1,0.034,0.9405,-0.2241,0,acct_dd=-0.2241≤-0.08,0.4
2025-05-19,2025-05-20,True,STAY_RISK,1,0.0277,0.9371,-0.2276,0,acct_dd=-0.2276≤-0.08,0.4
2025-05-20,2025-05-21,True,STAY_RISK,1,0.0334,1.0068,-0.2312,0,acct_dd=-0.2312≤-0.08,0.4
2025-05-21,2025-05-22,True,STAY_RISK,1,0.0381,0.9983,-0.2329,0,acct_dd=-0.2329≤-0.08,0.4
2025-05-22,2025-05-23,True,STAY_RISK,1,0.0341,0.9342,-0.237,0,acct_dd=-0.2370≤-0.08,0.4
2025-05-23,2025-05-26,True,STAY_RISK,1,0.026,0.9671,-0.2328,0,acct_dd=-0.2328≤-0.08,0.4
2025-05-26,2025-05-27,True,STAY_RISK,1,0.0193,0.8536,-0.2345,0,acct_dd=-0.2345≤-0.08,0.4
2025-05-27,2025-05-28,True,STAY_RISK,2,0.0145,0.8495,-0.2362,0,turnover=0.850≤0.85; acct_dd=-0.2362≤-0.08,0.4
2025-05-28,2025-05-29,True,STAY_RISK,1,0.013,0.8613,-0.2355,0,acct_dd=-0.2355≤-0.08,0.4
2025-05-29,2025-05-30,True,STAY_RISK,1,0.0204,1.0051,-0.2393,0,acct_dd=-0.2393≤-0.08,0.4
2025-05-30,2025-06-03,True,STAY_RISK,1,0.0173,0.9594,-0.2482,0,acct_dd=-0.2482≤-0.08,0.4
2025-06-03,2025-06-04,True,STAY_RISK,1,0.0216,0.9602,-0.2432,0,acct_dd=-0.2432≤-0.08,0.4
2025-06-04,2025-06-05,True,STAY_RISK,1,0.0158,0.9791,-0.2444,0,acct_dd=-0.2444≤-0.08,0.4
2025-06-05,2025-06-06,True,STAY_RISK,1,0.012,1.1038,-0.2394,0,acct_dd=-0.2394≤-0.08,0.4
2025-06-06,2025-06-09,True,STAY_RISK,1,0.0055,0.9927,-0.2415,0,acct_dd=-0.2415≤-0.08,0.4
2025-06-09,2025-06-10,True,STAY_RISK,1,0.0102,1.1027,-0.2198,0,acct_dd=-0.2198≤-0.08,0.4
2025-06-10,2025-06-11,True,STAY_RISK,1,-0.0065,1.2133,-0.2265,0,acct_dd=-0.2265≤-0.08,0.4
2025-06-11,2025-06-12,True,STAY_RISK,1,-0.0004,1.0775,-0.2277,0,acct_dd=-0.2277≤-0.08,0.4
2025-06-12,2025-06-13,True,STAY_RISK,1,-0.0129,1.0937,-0.2229,0,acct_dd=-0.2229≤-0.08,0.4
2025-06-13,2025-06-16,True,STAY_RISK,1,-0.011,1.2453,-0.2299,0,acct_dd=-0.2299≤-0.08,0.4
2025-06-16,2025-06-17,True,STAY_RISK,1,-0.0039,1.0248,-0.2113,0,acct_dd=-0.2113≤-0.08,0.4
2025-06-17,2025-06-18,True,STAY_RISK,1,-0.0017,1.0145,-0.2134,0,acct_dd=-0.2134≤-0.08,0.4
2025-06-18,2025-06-19,True,STAY_RISK,1,-0.006,1.0014,-0.1917,0,acct_dd=-0.1917≤-0.08,0.4
2025-06-19,2025-06-20,True,STAY_RISK,1,-0.0187,1.047,-0.2274,0,acct_dd=-0.2274≤-0.08,0.4
2025-06-20,2025-06-23,True,STAY_RISK,1,-0.0172,0.8941,-0.2376,0,acct_dd=-0.2376≤-0.08,0.4
2025-06-23,2025-06-24,True,STAY_RISK,1,-0.0063,0.9407,-0.2312,0,acct_dd=-0.2312≤-0.08,0.4
2025-06-24,2025-06-25,True,STAY_RISK,1,0.0114,1.1679,-0.223,0,acct_dd=-0.2230≤-0.08,0.4
2025-06-25,2025-06-26,True,STAY_RISK,1,0.0314,1.2901,-0.2187,0,acct_dd=-0.2187≤-0.08,0.4
2025-06-26,2025-06-27,True,STAY_RISK,1,0.0286,1.2483,-0.2198,0,acct_dd=-0.2198≤-0.08,0.4
2025-06-27,2025-06-30,True,STAY_RISK,1,0.0163,1.1953,-0.2325,0,acct_dd=-0.2325≤-0.08,0.4
2025-06-30,2025-07-01,True,STAY_RISK,1,0.025,1.1354,-0.2287,0,acct_dd=-0.2287≤-0.08,0.4
2025-07-01,2025-07-02,True,STAY_RISK,1,0.0236,1.106,-0.241,0,acct_dd=-0.2410≤-0.08,0.4
2025-07-02,2025-07-03,True,STAY_RISK,1,0.0194,1.0298,-0.2464,0,acct_dd=-0.2464≤-0.08,0.4
2025-07-03,2025-07-04,True,STAY_RISK,1,0.0233,0.977,-0.2459,0,acct_dd=-0.2459≤-0.08,0.4
2025-07-04,2025-07-07,True,STAY_RISK,1,0.0279,1.0549,-0.2396,0,acct_dd=-0.2396≤-0.08,0.4
2025-07-07,2025-07-08,True,STAY_RISK,1,0.0206,0.8923,-0.2347,0,acct_dd=-0.2347≤-0.08,0.4
2025-07-08,2025-07-09,True,STAY_RISK,1,0.0344,1.0719,-0.2228,0,acct_dd=-0.2228≤-0.08,0.4
2025-07-09,2025-07-10,True,STAY_RISK,1,0.0248,1.1007,-0.221,0,acct_dd=-0.2210≤-0.08,0.4
2025-07-10,2025-07-11,True,STAY_RISK,1,0.0303,1.0835,-0.2242,0,acct_dd=-0.2242≤-0.08,0.4
2025-07-11,2025-07-14,True,STAY_RISK,1,0.039,1.2307,-0.2284,0,acct_dd=-0.2284≤-0.08,0.4
2025-07-14,2025-07-15,True,STAY_RISK,1,0.0371,1.0414,-0.23,0,acct_dd=-0.2300≤-0.08,0.4
2025-07-15,2025-07-16,True,STAY_RISK,1,0.0384,1.1342,-0.2142,0,acct_dd=-0.2142≤-0.08,0.4
2025-07-16,2025-07-17,True,STAY_RISK,1,0.0341,1.0056,-0.2221,0,acct_dd=-0.2221≤-0.08,0.4
2025-07-17,2025-07-18,True,STAY_RISK,1,0.0498,1.0634,-0.21,0,acct_dd=-0.2100≤-0.08,0.4
2025-07-18,2025-07-21,True,STAY_RISK,1,0.0551,1.0671,-0.2282,0,acct_dd=-0.2282≤-0.08,0.4
2025-07-21,2025-07-22,True,STAY_RISK,1,0.059,1.1346,-0.227,0,acct_dd=-0.2270≤-0.08,0.4
2025-07-22,2025-07-23,True,STAY_RISK,1,0.0551,1.2478,-0.227,0,acct_dd=-0.2270≤-0.08,0.4
2025-07-23,2025-07-24,True,STAY_RISK,1,0.0403,1.218,-0.2209,0,acct_dd=-0.2209≤-0.08,0.4
2025-07-24,2025-07-25,True,STAY_RISK,1,0.0514,1.1929,-0.2154,0,acct_dd=-0.2154≤-0.08,0.4
2025-07-25,2025-07-28,True,STAY_RISK,1,0.0524,1.1469,-0.2182,0,acct_dd=-0.2182≤-0.08,0.4
2025-07-28,2025-07-29,True,STAY_RISK,1,0.0507,1.1072,-0.2203,0,acct_dd=-0.2203≤-0.08,0.4
2025-07-29,2025-07-30,True,STAY_RISK,1,0.0531,1.135,-0.214,0,acct_dd=-0.2140≤-0.08,0.4
2025-07-30,2025-07-31,True,STAY_RISK,1,0.0526,1.144,-0.2245,0,acct_dd=-0.2245≤-0.08,0.4
2025-07-31,2025-08-01,True,STAY_RISK,1,0.0271,1.177,-0.2269,0,acct_dd=-0.2269≤-0.08,0.4
2025-08-01,2025-08-04,True,STAY_RISK,1,0.0183,0.9671,-0.2154,0,acct_dd=-0.2154≤-0.08,0.4
2025-08-04,2025-08-05,True,STAY_RISK,1,0.0266,0.8986,-0.2128,0,acct_dd=-0.2128≤-0.08,0.4
2025-08-05,2025-08-06,True,STAY_RISK,1,0.0263,0.9515,-0.2133,0,acct_dd=-0.2133≤-0.08,0.4
2025-08-06,2025-08-07,True,STAY_RISK,1,0.0306,1.0275,-0.2094,0,acct_dd=-0.2094≤-0.08,0.4
2025-08-07,2025-08-08,True,STAY_RISK,1,0.0261,1.0712,-0.2115,0,acct_dd=-0.2115≤-0.08,0.4
2025-08-08,2025-08-11,True,STAY_RISK,1,0.0225,1.0054,-0.2171,0,acct_dd=-0.2171≤-0.08,0.4
2025-08-11,2025-08-12,True,STAY_RISK,1,0.0261,1.0603,-0.2128,0,acct_dd=-0.2128≤-0.08,0.4
2025-08-12,2025-08-13,True,STAY_RISK,1,0.031,1.0834,-0.2101,0,acct_dd=-0.2101≤-0.08,0.4
2025-08-13,2025-08-14,True,STAY_RISK,1,0.0423,1.2143,-0.2099,0,acct_dd=-0.2099≤-0.08,0.4
2025-08-14,2025-08-15,True,STAY_RISK,1,0.0344,1.2615,-0.2152,0,acct_dd=-0.2152≤-0.08,0.4
2025-08-15,2025-08-18,True,STAY_RISK,1,0.0354,1.2205,-0.2106,0,acct_dd=-0.2106≤-0.08,0.4
2025-08-18,2025-08-19,True,STAY_RISK,1,0.0376,1.4658,-0.2022,0,acct_dd=-0.2022≤-0.08,0.4
2025-08-19,2025-08-20,True,STAY_RISK,1,0.0254,1.3527,-0.2172,0,acct_dd=-0.2172≤-0.08,0.4
2025-08-20,2025-08-21,True,STAY_RISK,1,0.0368,1.2368,-0.2116,0,acct_dd=-0.2116≤-0.08,0.4
2025-08-21,2025-08-22,True,STAY_RISK,1,0.0335,1.2246,-0.2149,0,acct_dd=-0.2149≤-0.08,0.4
2025-08-22,2025-08-25,True,STAY_RISK,1,0.0608,1.2597,-0.2113,0,acct_dd=-0.2113≤-0.08,0.4
2025-08-25,2025-08-26,True,STAY_RISK,1,0.0806,1.5001,-0.2012,0,acct_dd=-0.2012≤-0.08,0.4
2025-08-26,2025-08-27,True,STAY_RISK,1,0.0724,1.2534,-0.2059,0,acct_dd=-0.2059≤-0.08,0.4
2025-08-27,2025-08-28,True,STAY_RISK,1,0.0566,1.435,-0.2246,0,acct_dd=-0.2246≤-0.08,0.4
2025-08-28,2025-08-29,True,STAY_RISK,1,0.0952,1.316,-0.2195,0,acct_dd=-0.2195≤-0.08,0.4
2025-08-29,2025-09-01,True,STAY_RISK,1,0.109,1.209,-0.2422,0,acct_dd=-0.2422≤-0.08,0.4
2025-09-01,2025-09-02,True,STAY_RISK,1,0.1113,1.1555,-0.2627,0,acct_dd=-0.2627≤-0.08,0.4
2025-09-02,2025-09-03,True,STAY_RISK,1,0.0943,1.1797,-0.2719,0,acct_dd=-0.2719≤-0.08,0.4
2025-09-03,2025-09-04,True,STAY_RISK,1,0.0842,0.9579,-0.2721,0,acct_dd=-0.2721≤-0.08,0.4
2025-09-04,2025-09-05,True,STAY_RISK,1,0.0609,1.0174,-0.2879,0,acct_dd=-0.2879≤-0.08,0.4
2025-09-05,2025-09-08,True,STAY_RISK,1,0.0866,0.9143,-0.2795,0,acct_dd=-0.2795≤-0.08,0.4
2025-09-08,2025-09-09,True,STAY_RISK,1,0.0837,0.9476,-0.2816,0,acct_dd=-0.2816≤-0.08,0.4
2025-09-09,2025-09-10,True,STAY_RISK,2,0.0706,0.824,-0.2879,0,turnover=0.824≤0.85; acct_dd=-0.2879≤-0.08,0.4
2025-09-10,2025-09-11,True,STAY_RISK,2,0.0644,0.7698,-0.2846,0,turnover=0.770≤0.85; acct_dd=-0.2846≤-0.08,0.4
2025-09-11,2025-09-12,True,STAY_RISK,1,0.0898,0.9437,-0.2679,0,acct_dd=-0.2679≤-0.08,0.4
2025-09-12,2025-09-15,True,STAY_RISK,1,0.0761,0.9707,-0.2545,0,acct_dd=-0.2545≤-0.08,0.4
2025-09-15,2025-09-16,True,STAY_RISK,1,0.0693,0.8859,-0.2286,0,acct_dd=-0.2286≤-0.08,0.4
2025-09-16,2025-09-17,True,STAY_RISK,1,0.071,0.9153,-0.2266,0,acct_dd=-0.2266≤-0.08,0.4
2025-09-17,2025-09-18,True,STAY_RISK,1,0.0655,0.93,-0.2251,0,acct_dd=-0.2251≤-0.08,0.4
2025-09-18,2025-09-19,True,STAY_RISK,1,0.049,1.2091,-0.2205,0,acct_dd=-0.2205≤-0.08,0.4
2025-09-19,2025-09-22,True,STAY_RISK,1,0.0283,0.901,-0.2167,0,acct_dd=-0.2167≤-0.08,0.4
2025-09-22,2025-09-23,True,STAY_RISK,2,0.0119,0.8383,-0.2029,0,turnover=0.838≤0.85; acct_dd=-0.2029≤-0.08,0.4
2025-09-23,2025-09-24,True,STAY_RISK,1,0.0151,0.9891,-0.1947,0,acct_dd=-0.1947≤-0.08,0.4
2025-09-24,2025-09-25,True,STAY_RISK,1,0.041,0.9374,-0.195,0,acct_dd=-0.1950≤-0.08,0.4
2025-09-25,2025-09-26,True,STAY_RISK,1,0.0291,0.967,-0.1958,0,acct_dd=-0.1958≤-0.08,0.4
2025-09-26,2025-09-29,True,STAY_RISK,1,0.0119,0.8877,-0.2126,0,acct_dd=-0.2126≤-0.08,0.4
2025-09-29,2025-09-30,True,STAY_RISK,1,0.0213,0.9037,-0.2072,0,acct_dd=-0.2072≤-0.08,0.4
2025-09-30,2025-10-09,True,STAY_RISK,1,0.0335,0.9254,-0.2065,0,acct_dd=-0.2065≤-0.08,0.4
2025-10-09,2025-10-10,True,STAY_RISK,1,0.056,1.1188,-0.2069,0,acct_dd=-0.2069≤-0.08,0.4
2025-10-10,2025-10-13,True,STAY_RISK,1,0.0576,1.0622,-0.2261,0,acct_dd=-0.2261≤-0.08,0.4
2025-10-13,2025-10-14,True,STAY_RISK,1,0.03,0.9946,-0.2313,0,acct_dd=-0.2313≤-0.08,0.4
2025-10-14,2025-10-15,True,STAY_RISK,1,0.016,1.0847,-0.2439,0,acct_dd=-0.2439≤-0.08,0.4
2025-10-15,2025-10-16,True,STAY_RISK,1,0.0383,0.8744,-0.2376,0,acct_dd=-0.2376≤-0.08,0.4
2025-10-16,2025-10-17,True,STAY_RISK,2,0.0389,0.8161,-0.2424,0,turnover=0.816≤0.85; acct_dd=-0.2424≤-0.08,0.4
2025-10-17,2025-10-20,True,STAY_RISK,2,-0.0074,0.8273,-0.2535,0,turnover=0.827≤0.85; acct_dd=-0.2535≤-0.08,0.4
2025-10-20,2025-10-21,True,STAY_RISK,2,0.0036,0.754,-0.2538,0,turnover=0.754≤0.85; acct_dd=-0.2538≤-0.08,0.4
2025-10-21,2025-10-22,True,STAY_RISK,2,0.0165,0.8222,-0.2552,0,turnover=0.822≤0.85; acct_dd=-0.2552≤-0.08,0.4
2025-10-22,2025-10-23,True,STAY_RISK,2,0.0153,0.7452,-0.2547,0,turnover=0.745≤0.85; acct_dd=-0.2547≤-0.08,0.4
2025-10-23,2025-10-24,True,STAY_RISK,2,0.0122,0.7443,-0.2594,0,turnover=0.744≤0.85; acct_dd=-0.2594≤-0.08,0.4
2025-10-24,2025-10-27,True,STAY_RISK,1,0.0361,0.9168,-0.2468,0,acct_dd=-0.2468≤-0.08,0.4
2025-10-27,2025-10-28,True,STAY_RISK,1,0.0476,1.0846,-0.2388,0,acct_dd=-0.2388≤-0.08,0.4
2025-10-28,2025-10-29,True,STAY_RISK,1,0.0374,0.9961,-0.2381,0,acct_dd=-0.2381≤-0.08,0.4
2025-10-29,2025-10-30,True,STAY_RISK,1,0.0505,1.0593,-0.2413,0,acct_dd=-0.2413≤-0.08,0.4
2025-10-30,2025-10-31,True,STAY_RISK,1,0.0315,1.1365,-0.2452,0,acct_dd=-0.2452≤-0.08,0.4
2025-10-31,2025-11-03,True,STAY_RISK,1,0.0103,1.0847,-0.2526,0,acct_dd=-0.2526≤-0.08,0.4
2025-11-03,2025-11-04,True,STAY_RISK,1,0.0227,0.9854,-0.253,0,acct_dd=-0.2530≤-0.08,0.4
2025-11-04,2025-11-05,True,STAY_RISK,1,-0.0003,0.9005,-0.2446,0,acct_dd=-0.2446≤-0.08,0.4
2025-11-05,2025-11-06,True,STAY_RISK,1,-0.0029,0.8863,-0.2399,0,acct_dd=-0.2399≤-0.08,0.4
2025-11-06,2025-11-07,True,STAY_RISK,1,-0.0034,0.9849,-0.245,0,acct_dd=-0.2450≤-0.08,0.4
2025-11-07,2025-11-10,True,STAY_RISK,1,0.0134,0.9703,-0.2321,0,acct_dd=-0.2321≤-0.08,0.4
2025-11-10,2025-11-11,True,STAY_RISK,1,0.022,1.0586,-0.2271,0,acct_dd=-0.2271≤-0.08,0.4
2025-11-11,2025-11-12,True,STAY_RISK,1,0.0249,0.9854,-0.2246,0,acct_dd=-0.2246≤-0.08,0.4
2025-11-12,2025-11-13,True,STAY_RISK,1,0.0086,0.9643,-0.2238,0,acct_dd=-0.2238≤-0.08,0.4
2025-11-13,2025-11-14,True,STAY_RISK,1,0.0181,1.0109,-0.1996,0,acct_dd=-0.1996≤-0.08,0.4
2025-11-14,2025-11-17,True,STAY_RISK,1,0.0252,0.9685,-0.206,0,acct_dd=-0.2060≤-0.08,0.4
2025-11-17,2025-11-18,True,STAY_RISK,1,0.0132,0.9399,-0.2054,0,acct_dd=-0.2054≤-0.08,0.4
2025-11-18,2025-11-19,True,STAY_RISK,1,-0.0086,0.9463,-0.2198,0,acct_dd=-0.2198≤-0.08,0.4
2025-11-19,2025-11-20,True,STAY_RISK,2,-0.0009,0.8464,-0.2171,0,turnover=0.846≤0.85; acct_dd=-0.2171≤-0.08,0.4
2025-11-20,2025-11-21,True,STAY_RISK,2,-0.009,0.8354,-0.227,0,turnover=0.835≤0.85; acct_dd=-0.2270≤-0.08,0.4
2025-11-21,2025-11-24,True,STAY_RISK,1,-0.0444,0.9621,-0.2479,0,acct_dd=-0.2479≤-0.08,0.4
2025-11-24,2025-11-25,True,STAY_RISK,1,-0.0568,0.857,-0.2642,0,acct_dd=-0.2642≤-0.08,0.4
2025-11-25,2025-11-26,True,STAY_RISK,1,-0.043,0.9068,-0.2561,0,acct_dd=-0.2561≤-0.08,0.4
2025-11-26,2025-11-27,True,STAY_RISK,1,-0.0485,0.9035,-0.2566,0,acct_dd=-0.2566≤-0.08,0.4
2025-11-27,2025-11-28,True,STAY_RISK,1,-0.0413,0.8827,-0.2588,0,acct_dd=-0.2588≤-0.08,0.4
2025-11-28,2025-12-01,True,STAY_RISK,2,-0.0246,0.8345,-0.2452,0,turnover=0.835≤0.85; acct_dd=-0.2452≤-0.08,0.4
2025-12-01,2025-12-02,True,STAY_RISK,1,-0.0165,0.9932,-0.2518,0,acct_dd=-0.2518≤-0.08,0.4
2025-12-02,2025-12-03,True,STAY_RISK,1,-0.0139,0.8523,-0.2587,0,acct_dd=-0.2587≤-0.08,0.4
2025-12-03,2025-12-04,True,STAY_RISK,1,-0.0208,0.8978,-0.2701,0,acct_dd=-0.2701≤-0.08,0.4
2025-12-04,2025-12-05,True,STAY_RISK,2,-0.0313,0.8444,-0.2757,0,turnover=0.844≤0.85; acct_dd=-0.2757≤-0.08,0.4
2025-12-05,2025-12-08,True,STAY_RISK,1,-0.0201,0.9474,-0.2679,0,acct_dd=-0.2679≤-0.08,0.4
2025-12-08,2025-12-09,True,STAY_RISK,1,-0.0156,1.1221,-0.2626,0,acct_dd=-0.2626≤-0.08,0.4
2025-12-09,2025-12-10,True,STAY_RISK,1,-0.0116,1.0516,-0.2683,0,acct_dd=-0.2683≤-0.08,0.4
2025-12-10,2025-12-11,True,STAY_RISK,1,-0.0116,0.9872,-0.2625,0,acct_dd=-0.2625≤-0.08,0.4
2025-12-11,2025-12-12,True,STAY_RISK,1,-0.0319,1.0439,-0.273,0,acct_dd=-0.2730≤-0.08,0.4
2025-12-12,2025-12-15,True,STAY_RISK,1,-0.0102,1.1689,-0.2679,0,acct_dd=-0.2679≤-0.08,0.4
2025-12-15,2025-12-16,True,STAY_RISK,1,-0.01,0.9936,-0.2719,0,acct_dd=-0.2719≤-0.08,0.4
2025-12-16,2025-12-17,True,STAY_RISK,1,-0.0155,0.9733,-0.2776,0,acct_dd=-0.2776≤-0.08,0.4
2025-12-17,2025-12-18,True,STAY_RISK,1,-0.0018,1.0187,-0.2645,0,acct_dd=-0.2645≤-0.08,0.4
2025-12-18,2025-12-19,True,STAY_RISK,1,-0.0027,0.9324,-0.2662,0,acct_dd=-0.2662≤-0.08,0.4
2025-12-19,2025-12-22,True,STAY_RISK,1,0.0257,0.9788,-0.2716,0,acct_dd=-0.2716≤-0.08,0.4
2025-12-22,2025-12-23,True,STAY_RISK,1,0.0368,1.0493,-0.2639,0,acct_dd=-0.2639≤-0.08,0.4
2025-12-23,2025-12-24,True,STAY_RISK,1,0.029,1.0683,-0.2548,0,acct_dd=-0.2548≤-0.08,0.4
2025-12-24,2025-12-25,True,STAY_RISK,1,0.0258,1.052,-0.2564,0,acct_dd=-0.2564≤-0.08,0.4
2025-12-25,2025-12-26,True,STAY_RISK,1,0.0282,1.0713,-0.2522,0,acct_dd=-0.2522≤-0.08,0.4
2025-12-26,2025-12-29,True,STAY_RISK,1,0.0288,1.183,-0.2517,0,acct_dd=-0.2517≤-0.08,0.4
2025-12-29,2025-12-30,True,STAY_RISK,1,0.0137,1.1618,-0.2474,0,acct_dd=-0.2474≤-0.08,0.4
2025-12-30,2025-12-31,True,STAY_RISK,1,0.0213,1.1468,-0.2443,0,acct_dd=-0.2443≤-0.08,0.4
2025-12-31,2026-01-05,True,STAY_RISK,1,0.0218,1.085,-0.2351,0,acct_dd=-0.2351≤-0.08,0.4
2026-01-05,2026-01-06,True,STAY_RISK,1,0.0377,1.3137,-0.2266,0,acct_dd=-0.2266≤-0.08,0.4
2026-01-06,2026-01-07,True,STAY_RISK,1,0.045,1.4099,-0.2152,0,acct_dd=-0.2152≤-0.08,0.4
2026-01-07,2026-01-08,True,STAY_RISK,1,0.0335,1.4054,-0.2114,0,acct_dd=-0.2114≤-0.08,0.4
2026-01-08,2026-01-09,True,STAY_RISK,1,0.0303,1.3486,-0.1997,0,acct_dd=-0.1997≤-0.08,0.4
2026-01-09,2026-01-12,True,STAY_RISK,1,0.0364,1.4568,-0.1787,0,acct_dd=-0.1787≤-0.08,0.4
2026-01-12,2026-01-13,True,STAY_RISK,1,0.0522,1.6185,-0.1395,0,acct_dd=-0.1395≤-0.08,0.4
2026-01-13,2026-01-14,True,STAY_RISK,1,0.0393,1.5869,-0.1322,0,acct_dd=-0.1322≤-0.08,0.4
2026-01-14,2026-01-15,True,STAY_RISK,1,0.0417,1.6337,-0.114,0,acct_dd=-0.1140≤-0.08,0.4
2026-01-15,2026-01-16,True,STAY_RISK,1,0.0564,1.1754,-0.1514,0,acct_dd=-0.1514≤-0.08,0.4
2026-01-16,2026-01-19,True,STAY_RISK,1,0.0332,1.1935,-0.1823,0,acct_dd=-0.1823≤-0.08,0.4
2026-01-19,2026-01-20,True,STAY_RISK,1,0.0399,1.0453,-0.1806,0,acct_dd=-0.1806≤-0.08,0.4
2026-01-20,2026-01-21,True,STAY_RISK,1,0.033,1.0516,-0.1677,0,acct_dd=-0.1677≤-0.08,0.4
2026-01-21,2026-01-22,True,STAY_RISK,1,0.0242,0.9704,-0.1686,0,acct_dd=-0.1686≤-0.08,0.4
2026-01-22,2026-01-23,True,STAY_RISK,1,0.0223,0.9901,-0.1678,0,acct_dd=-0.1678≤-0.08,0.4
2026-01-23,2026-01-26,True,STAY_RISK,1,0.0148,1.1118,-0.1676,0,acct_dd=-0.1676≤-0.08,0.4
2026-01-26,2026-01-27,True,STAY_RISK,1,0.0139,1.1426,-0.1655,0,acct_dd=-0.1655≤-0.08,0.4
2026-01-27,2026-01-28,True,STAY_RISK,1,0.0104,1.0045,-0.1603,0,acct_dd=-0.1603≤-0.08,0.4
2026-01-28,2026-01-29,True,STAY_RISK,1,0.0169,1.0143,-0.1591,0,acct_dd=-0.1591≤-0.08,0.4
2026-01-29,2026-01-30,True,STAY_RISK,1,0.0221,1.0847,-0.1623,0,acct_dd=-0.1623≤-0.08,0.4
2026-01-30,2026-02-02,True,STAY_RISK,1,0.0165,0.9401,-0.1698,0,acct_dd=-0.1698≤-0.08,0.4
2026-02-02,2026-02-03,True,STAY_RISK,1,-0.0237,0.8555,-0.201,0,acct_dd=-0.2010≤-0.08,0.4
2026-02-03,2026-02-04,True,STAY_RISK,2,-0.0273,0.8458,-0.2214,0,turnover=0.846≤0.85; acct_dd=-0.2214≤-0.08,0.4
2026-02-04,2026-02-05,True,STAY_RISK,2,-0.0163,0.8304,-0.2222,0,turnover=0.830≤0.85; acct_dd=-0.2222≤-0.08,0.4
2026-02-05,2026-02-06,True,STAY_RISK,2,-0.0142,0.7356,-0.2363,0,turnover=0.736≤0.85; acct_dd=-0.2363≤-0.08,0.4
2026-02-06,2026-02-09,True,STAY_RISK,2,-0.0242,0.7375,-0.2374,0,turnover=0.738≤0.85; acct_dd=-0.2374≤-0.08,0.4
2026-02-09,2026-02-10,True,STAY_RISK,2,-0.0148,0.7925,-0.2161,0,turnover=0.792≤0.85; acct_dd=-0.2161≤-0.08,0.4
2026-02-10,2026-02-11,True,STAY_RISK,2,-0.0077,0.7626,-0.2196,0,turnover=0.763≤0.85; acct_dd=-0.2196≤-0.08,0.4
2026-02-11,2026-02-12,True,STAY_RISK,2,-0.0059,0.7448,-0.2152,0,turnover=0.745≤0.85; acct_dd=-0.2152≤-0.08,0.4
2026-02-12,2026-02-13,True,STAY_RISK,2,-0.0067,0.816,-0.2009,0,turnover=0.816≤0.85; acct_dd=-0.2009≤-0.08,0.4
2026-02-13,2026-02-24,True,STAY_RISK,2,-0.0151,0.7703,-0.2034,0,turnover=0.770≤0.85; acct_dd=-0.2034≤-0.08,0.4
2026-02-24,2026-02-25,True,STAY_RISK,1,-0.0057,0.8633,-0.2079,0,acct_dd=-0.2079≤-0.08,0.4
2026-02-25,2026-02-26,True,STAY_RISK,1,0.0036,0.9717,-0.1479,0,acct_dd=-0.1479≤-0.08,0.4
2026-02-26,2026-02-27,True,STAY_RISK,1,0.0008,1.0027,-0.125,0,acct_dd=-0.1250≤-0.08,0.4
2026-02-27,2026-03-02,True,STAY_RISK,1,-0.0028,0.9867,-0.1067,0,acct_dd=-0.1067≤-0.08,0.4
2026-03-02,2026-03-03,True,STAY_RISK,1,0.0056,1.2012,-0.1005,0,acct_dd=-0.1005≤-0.08,0.4
2026-03-03,2026-03-04,True,STAY_RISK,1,-0.0108,1.2483,-0.13,0,acct_dd=-0.1300≤-0.08,0.4
2026-03-04,2026-03-05,True,STAY_RISK,1,-0.0219,0.9541,-0.1167,0,acct_dd=-0.1167≤-0.08,0.4
2026-03-05,2026-03-06,True,STAY_RISK,1,-0.0149,0.9753,-0.124,0,acct_dd=-0.1240≤-0.08,0.4
2026-03-06,2026-03-09,True,STAY_RISK,1,-0.0197,0.9164,-0.1089,0,acct_dd=-0.1089≤-0.08,0.4
2026-03-09,2026-03-10,True,STAY_RISK,1,-0.0193,1.1071,-0.1089,0,acct_dd=-0.1089≤-0.08,0.4
2026-03-10,2026-03-11,True,STAY_RISK,1,0.0149,1.0059,-0.0973,0,acct_dd=-0.0973≤-0.08,0.4
2026-03-11,2026-03-12,True,STAY_RISK,1,0.0095,1.0531,-0.1058,0,acct_dd=-0.1058≤-0.08,0.4
2026-03-12,2026-03-13,True,STAY_RISK,1,-0.0024,1.0258,-0.1124,0,acct_dd=-0.1124≤-0.08,0.4
2026-03-13,2026-03-16,True,STAY_RISK,1,-0.0003,1.0031,-0.1061,0,acct_dd=-0.1061≤-0.08,0.4
2026-03-16,2026-03-17,True,STAY_RISK,1,0.006,0.9674,-0.0893,0,acct_dd=-0.0893≤-0.08,0.4
2026-03-17,2026-03-18,True,STAY_RISK,1,-0.0173,0.9206,-0.094,0,acct_dd=-0.0940≤-0.08,0.4
2026-03-18,2026-03-19,True,STAY_RISK,0,-0.014,0.8541,-0.072,0,,0.4
2026-03-19,2026-03-20,True,STAY_RISK,1,-0.0277,0.8792,-0.0916,0,acct_dd=-0.0916≤-0.08,0.4
2026-03-20,2026-03-23,True,STAY_RISK,1,-0.0323,0.949,-0.1047,0,acct_dd=-0.1047≤-0.08,0.4
2026-03-23,2026-03-24,True,STAY_RISK,1,-0.052,0.9996,-0.1228,0,acct_dd=-0.1228≤-0.08,0.4
2026-03-24,2026-03-25,True,STAY_RISK,1,-0.0495,0.858,-0.1096,0,acct_dd=-0.1096≤-0.08,0.4
2026-03-25,2026-03-26,True,STAY_RISK,1,-0.0419,0.9029,-0.1093,0,acct_dd=-0.1093≤-0.08,0.4
2026-03-26,2026-03-27,True,STAY_RISK,2,-0.0527,0.8159,-0.1064,0,turnover=0.816≤0.85; acct_dd=-0.1064≤-0.08,0.4
2026-03-27,2026-03-30,True,STAY_RISK,2,-0.0442,0.7876,-0.0969,0,turnover=0.788≤0.85; acct_dd=-0.0969≤-0.08,0.4
2026-03-30,2026-03-31,True,STAY_RISK,2,-0.0501,0.8342,-0.1001,0,turnover=0.834≤0.85; acct_dd=-0.1001≤-0.08,0.4
2026-03-31,2026-04-01,True,STAY_RISK,1,-0.0442,0.8903,-0.0967,0,acct_dd=-0.0967≤-0.08,0.4
2026-04-01,2026-04-02,True,STAY_RISK,1,-0.0166,0.906,-0.0856,0,acct_dd=-0.0856≤-0.08,0.4
2026-04-02,2026-04-03,True,STAY_RISK,2,-0.0363,0.8417,-0.0886,0,turnover=0.842≤0.85; acct_dd=-0.0886≤-0.08,0.4
2026-04-03,2026-04-07,True,STAY_RISK,2,-0.0471,0.7657,-0.0955,0,turnover=0.766≤0.85; acct_dd=-0.0955≤-0.08,0.4
2026-04-07,2026-04-08,True,STAY_RISK,2,-0.0379,0.7632,-0.0933,0,turnover=0.763≤0.85; acct_dd=-0.0933≤-0.08,0.4
2026-04-08,2026-04-09,True,STAY_RISK,1,-0.0169,1.1511,-0.084,0,acct_dd=-0.0840≤-0.08,0.4
2026-04-09,2026-04-10,True,STAY_RISK,0,-0.0294,1.0178,-0.0724,0,,0.4
2026-04-10,2026-04-13,True,STAY_RISK,0,-0.0109,1.1112,-0.0738,0,,0.4
2026-04-13,2026-04-14,True,STAY_RISK,1,-0.0049,1.0344,-0.0823,0,acct_dd=-0.0823≤-0.08,0.4
2026-04-14,2026-04-15,True,STAY_RISK,1,0.0064,1.1447,-0.0801,0,acct_dd=-0.0801≤-0.08,0.4
2026-04-15,2026-04-16,True,STAY_RISK,1,0.0103,1.1546,-0.0825,0,acct_dd=-0.0825≤-0.08,0.4
2026-04-16,2026-04-17,True,STAY_RISK,1,0.0168,1.1115,-0.0976,0,acct_dd=-0.0976≤-0.08,0.4
2026-04-17,2026-04-20,True,STAY_RISK,1,0.0317,1.1488,-0.0912,0,acct_dd=-0.0912≤-0.08,0.4
2026-04-20,2026-04-21,True,STAY_RISK,1,0.0417,1.2122,-0.0804,0,acct_dd=-0.0804≤-0.08,0.4
2026-04-21,2026-04-22,True,STAY_RISK,1,0.0792,1.1291,-0.0821,0,acct_dd=-0.0821≤-0.08,0.4
2026-04-22,2026-04-23,True,STAY_RISK,0,0.0726,1.1866,-0.0689,0,,0.4
2026-04-23,2026-04-24,True,STAY_RISK,0,0.0548,1.2805,-0.0724,0,,0.4
2026-04-24,2026-04-27,True,STAY_RISK,0,0.0652,1.1865,-0.0796,0,,0.4
2026-04-27,2026-04-28,True,STAY_RISK,0,0.0596,1.144,-0.0793,0,,0.4
2026-04-28,2026-04-29,True,STAY_RISK,1,0.0593,1.105,-0.0827,0,acct_dd=-0.0827≤-0.08,0.4
2026-04-29,2026-04-30,True,STAY_RISK,0,0.081,1.1157,-0.0731,0,,0.4
2026-04-30,2026-05-06,True,STAY_RISK,1,0.0621,1.1618,-0.0839,0,acct_dd=-0.0839≤-0.08,0.4
2026-05-06,2026-05-07,True,STAY_RISK,0,0.0889,1.3282,-0.0719,0,,0.4
2026-05-07,2026-05-08,True,STAY_RISK,0,0.1035,1.2576,-0.0689,0,,0.4
2026-05-08,2026-05-11,True,STAY_RISK,0,0.0971,1.1866,-0.0764,0,,0.4
2026-05-11,2026-05-12,True,STAY_RISK,1,0.0775,1.3466,-0.0852,0,acct_dd=-0.0852≤-0.08,0.4
2026-05-12,2026-05-13,True,STAY_RISK,1,0.0836,1.2093,-0.0826,0,acct_dd=-0.0826≤-0.08,0.4
2026-05-13,2026-05-14,True,STAY_RISK,0,0.078,1.1869,-0.0757,0,,0.4
2026-05-14,2026-05-15,True,STAY_RISK,1,0.0578,1.2051,-0.0897,0,acct_dd=-0.0897≤-0.08,0.4
2026-05-15,2026-05-18,True,STAY_RISK,1,0.0337,1.1784,-0.0899,0,acct_dd=-0.0899≤-0.08,0.4
2026-05-18,2026-05-19,True,STAY_RISK,0,0.0316,1.0113,-0.0797,0,,0.4
2026-05-19,2026-05-20,True,STAY_RISK,0,0.0245,0.9989,-0.0694,0,,0.4
2026-05-20,2026-05-21,True,STAY_RISK,0,0.0258,1.013,-0.0672,0,,0.4
2026-05-21,2026-05-22,True,STAY_RISK,0,0.0054,1.1756,-0.0626,0,,0.4
2026-05-22,2026-05-25,True,RECOVERING,0,0.0162,0.9722,-0.0445,1,,0.4
2026-05-25,2026-05-26,True,RECOVERING,0,0.0254,1.0613,-0.0172,2,,0.4
2026-05-26,2026-05-27,True,RECOVERING,0,0.0337,1.0658,-0.0002,3,,0.4
2026-05-27,2026-05-28,True,RECOVERING,0,0.0291,1.054,0.0,4,,0.4
2026-05-28,2026-05-29,False,EXIT_RISK,0,0.03,0.9599,0.0,0,,0.6
2026-05-29,2026-06-01,False,NORMAL,0,0.0281,1.0598,-0.0039,0,,0.6
2026-06-01,2026-06-02,False,NORMAL,0,0.007,0.915,-0.0325,0,,0.6
2026-06-02,2026-06-03,False,NORMAL,0,0.0223,0.8877,-0.0117,0,,0.6
2026-06-03,2026-06-04,False,NORMAL,0,0.0127,0.9966,-0.0067,0,,0.6
2026-06-04,2026-06-05,False,NORMAL,0,0.0009,0.8838,0.0,0,,0.6
2026-06-05,2026-06-08,False,NORMAL,0,-0.0113,0.9857,-0.0167,0,,0.6
2026-06-08,2026-06-09,False,NORMAL,0,-0.0481,0.9083,-0.035,0,,0.6
2026-06-09,2026-06-10,False,NORMAL,0,-0.0296,0.8663,-0.0083,0,,0.6
2026-06-10,2026-06-11,False,NORMAL,0,-0.05,0.8677,-0.0135,0,,0.6
2026-06-11,2026-06-12,False,NORMAL,0,-0.0391,0.8564,0.0,0,,0.6
2026-06-12,2026-06-15,False,NORMAL,0,-0.0169,1.0787,-0.0022,0,,0.6
2026-06-15,2026-06-16,False,NORMAL,0,0.012,1.0146,0.0,0,,0.6
2026-06-16,2026-06-17,False,NORMAL,0,0.0065,1.0235,0.0,0,,0.6
2026-06-17,2026-06-18,False,NORMAL,0,0.0166,1.0303,0.0,0,,0.6
2026-06-18,2026-06-22,False,NORMAL,0,0.0331,1.1055,0.0,0,,0.6
2026-06-22,2026-06-23,False,NORMAL,0,0.0443,1.2312,0.0,0,,0.6
2026-06-23,2026-06-24,False,NORMAL,1,-0.0004,1.1299,-0.1607,0,acct_dd=-0.1607≤-0.08,0.6
2026-06-24,2026-06-25,False,NORMAL,1,-0.001,1.0773,-0.1274,0,acct_dd=-0.1274≤-0.08,0.6
2026-06-25,2026-06-26,False,NORMAL,1,0.0228,1.1721,-0.1317,0,acct_dd=-0.1317≤-0.08,0.6
2026-06-26,2026-06-29,False,NORMAL,0,-0.0094,1.1431,-0.0292,0,,0.6
2026-06-29,2026-06-30,False,NORMAL,0,0.0071,1.1319,-0.0224,0,,0.6
