strategy,strategy_display_name,trade_date,ts_code,stock_name,side,price,current_shares,target_shares,delta_shares,allocated_shares,current_weight,target_weight,delta_weight,note,base_strategy,hold_days,position_ratio
baseline_full_liquidity_detail,流动性质量防守策略,2026-07-15,002156,通富微电,BUY,78.71,0,900,900,900,0.0,0.14515686653146875,0.14515686653146875,trusted_strategy:baseline_full_liquidity_detail; hold_gate=10d; max_positions=5,baseline_full_liquidity_detail,10,0.7
baseline_full_liquidity_detail,流动性质量防守策略,2026-07-15,002384,东山精密,BUY,262.49,0,200,200,200,0.0,0.12980324592460538,0.12980324592460538,trusted_strategy:baseline_full_liquidity_detail; hold_gate=10d; max_positions=5,baseline_full_liquidity_detail,10,0.7
baseline_full_liquidity_detail,流动性质量防守策略,2026-07-15,300759,康龙化成,BUY,40.3,0,1800,1800,1800,0.0,0.1506360163412274,0.1506360163412274,trusted_strategy:baseline_full_liquidity_detail; hold_gate=10d; max_positions=5,baseline_full_liquidity_detail,10,0.7
baseline_full_liquidity_detail,流动性质量防守策略,2026-07-15,603501,豪威集团,BUY,111.12,0,600,600,600,0.0,0.1442923733106992,0.1442923733106992,trusted_strategy:baseline_full_liquidity_detail; hold_gate=10d; max_positions=5,baseline_full_liquidity_detail,10,0.7
baseline_full_liquidity_detail_hold12_shadow,流动性质量防守策略（12日持有影子）,2026-07-15,002156,通富微电,BUY,78.71,0,900,900,900,0.0,0.14515686653146875,0.14515686653146875,trusted_strategy:baseline_full_liquidity_detail_hold12_shadow; hold_gate=12d; max_positions=5,baseline_full_liquidity_detail,12,0.7
baseline_full_liquidity_detail_hold12_shadow,流动性质量防守策略（12日持有影子）,2026-07-15,002384,东山精密,BUY,262.49,0,200,200,200,0.0,0.12980324592460538,0.12980324592460538,trusted_strategy:baseline_full_liquidity_detail_hold12_shadow; hold_gate=12d; max_positions=5,baseline_full_liquidity_detail,12,0.7
baseline_full_liquidity_detail_hold12_shadow,流动性质量防守策略（12日持有影子）,2026-07-15,300759,康龙化成,BUY,40.3,0,1800,1800,1800,0.0,0.1506360163412274,0.1506360163412274,trusted_strategy:baseline_full_liquidity_detail_hold12_shadow; hold_gate=12d; max_positions=5,baseline_full_liquidity_detail,12,0.7
baseline_full_liquidity_detail_hold12_shadow,流动性质量防守策略（12日持有影子）,2026-07-15,603501,豪威集团,BUY,111.12,0,600,600,600,0.0,0.1442923733106992,0.1442923733106992,trusted_strategy:baseline_full_liquidity_detail_hold12_shadow; hold_gate=12d; max_positions=5,baseline_full_liquidity_detail,12,0.7
baseline_full_liquidity_detail_market_gate_pos50_shadow,流动性质量防守策略（市场门禁50%仓位影子）,2026-07-15,002156,通富微电,BUY,78.71,0,600,600,600,0.0,0.10368347609390627,0.10368347609390627,trusted_strategy:baseline_full_liquidity_detail_market_gate_pos50_shadow; hold_gate=10d; max_positions=5,baseline_full_liquidity_detail_market_gate,10,0.5
baseline_full_liquidity_detail_market_gate_pos50_shadow,流动性质量防守策略（市场门禁50%仓位影子）,2026-07-15,002384,东山精密,BUY,262.49,0,100,100,100,0.0,0.092716604231861,0.092716604231861,trusted_strategy:baseline_full_liquidity_detail_market_gate_pos50_shadow; hold_gate=10d; max_positions=5,baseline_full_liquidity_detail_market_gate,10,0.5
baseline_full_liquidity_detail_market_gate_pos50_shadow,流动性质量防守策略（市场门禁50%仓位影子）,2026-07-15,300759,康龙化成,BUY,40.3,0,1300,1300,1300,0.0,0.10759715452944814,0.10759715452944814,trusted_strategy:baseline_full_liquidity_detail_market_gate_pos50_shadow; hold_gate=10d; max_positions=5,baseline_full_liquidity_detail_market_gate,10,0.5
baseline_full_liquidity_detail_market_gate_pos50_shadow,流动性质量防守策略（市场门禁50%仓位影子）,2026-07-15,603501,豪威集团,BUY,111.12,0,400,400,400,0.0,0.1030659809362137,0.1030659809362137,trusted_strategy:baseline_full_liquidity_detail_market_gate_pos50_shadow; hold_gate=10d; max_positions=5,baseline_full_liquidity_detail_market_gate,10,0.5
baseline_full_liquidity_shadow,纯流动性防守策略（影子）,2026-07-15,000725,京东方Ａ,BUY,6.38,0,8100,8100,8100,0.0,0.10454470393513071,0.10454470393513071,trusted_strategy:baseline_full_liquidity_shadow; hold_gate=10d; max_positions=5,baseline_full_liquidity,10,0.5
baseline_full_liquidity_shadow,纯流动性防守策略（影子）,2026-07-15,600584,长电科技,BUY,92.46,0,500,500,500,0.0,0.10865123262293962,0.10865123262293962,trusted_strategy:baseline_full_liquidity_shadow; hold_gate=10d; max_positions=5,baseline_full_liquidity,10,0.5
baseline_full_liquidity_detail_vol_position_shadow,流动性质量稳健策略（波动仓位影子）,2026-07-15,002156,通富微电,BUY,78.71,0,700,700,700,0.0,0.12515121868569595,0.12515121868569595,trusted_strategy:baseline_full_liquidity_detail_vol_position_shadow; hold_gate=10d; max_positions=5,baseline_full_liquidity_detail_vol_position,10,0.7
baseline_full_liquidity_detail_vol_position_shadow,流动性质量稳健策略（波动仓位影子）,2026-07-15,002384,东山精密,BUY,262.49,0,100,100,100,0.0,0.0983566180877787,0.0983566180877787,trusted_strategy:baseline_full_liquidity_detail_vol_position_shadow; hold_gate=10d; max_positions=5,baseline_full_liquidity_detail_vol_position,10,0.7
baseline_full_liquidity_detail_vol_position_shadow,流动性质量稳健策略（波动仓位影子）,2026-07-15,300759,康龙化成,BUY,40.3,0,2300,2300,2300,0.0,0.18694411901945596,0.18694411901945596,trusted_strategy:baseline_full_liquidity_detail_vol_position_shadow; hold_gate=10d; max_positions=5,baseline_full_liquidity_detail_vol_position,10,0.7
baseline_full_liquidity_detail_vol_position_shadow,流动性质量稳健策略（波动仓位影子）,2026-07-15,603501,豪威集团,BUY,111.12,0,800,800,800,0.0,0.19501191958026945,0.19501191958026945,trusted_strategy:baseline_full_liquidity_detail_vol_position_shadow; hold_gate=10d; max_positions=5,baseline_full_liquidity_detail_vol_position,10,0.7
baseline_full_liquidity_detail_hist_mdd_position_shadow,流动性质量稳健策略（回撤仓位影子）,2026-07-15,002156,通富微电,BUY,78.71,0,1000,1000,1000,0.0,0.17310029832859505,0.17310029832859505,trusted_strategy:baseline_full_liquidity_detail_hist_mdd_position_shadow; hold_gate=10d; max_positions=5,baseline_full_liquidity_detail_hist_mdd_position,10,0.7
baseline_full_liquidity_detail_hist_mdd_position_shadow,流动性质量稳健策略（回撤仓位影子）,2026-07-15,002384,东山精密,BUY,262.49,0,100,100,100,0.0,0.0801866369759922,0.0801866369759922,trusted_strategy:baseline_full_liquidity_detail_hist_mdd_position_shadow; hold_gate=10d; max_positions=5,baseline_full_liquidity_detail_hist_mdd_position,10,0.7
baseline_full_liquidity_detail_hist_mdd_position_shadow,流动性质量稳健策略（回撤仓位影子）,2026-07-15,300759,康龙化成,BUY,40.3,0,2200,2200,2200,0.0,0.17963421221995524,0.17963421221995524,trusted_strategy:baseline_full_liquidity_detail_hist_mdd_position_shadow; hold_gate=10d; max_positions=5,baseline_full_liquidity_detail_hist_mdd_position,10,0.7
baseline_full_liquidity_detail_hist_mdd_position_shadow,流动性质量稳健策略（回撤仓位影子）,2026-07-15,603501,豪威集团,BUY,111.12,0,700,700,700,0.0,0.1720693857855372,0.1720693857855372,trusted_strategy:baseline_full_liquidity_detail_hist_mdd_position_shadow; hold_gate=10d; max_positions=5,baseline_full_liquidity_detail_hist_mdd_position,10,0.7
baseline_full_score,基础综合评分策略,2026-07-15,000711,ST京蓝,BUY,4.67,0,15800,15800,15800,0.0,0.148200193578056,0.148200193578056,trusted_strategy:baseline_full_score; hold_gate=10d; max_positions=5,baseline_full_score,10,0.7
baseline_full_score,基础综合评分策略,2026-07-15,001270,*ST铖昌,BUY,121.61,0,500,500,500,0.0,0.14527675963817274,0.14527675963817274,trusted_strategy:baseline_full_score; hold_gate=10d; max_positions=5,baseline_full_score,10,0.7
baseline_full_score,基础综合评分策略,2026-07-15,002647,*ST仁东,BUY,10.72,0,6000,6000,6000,0.0,0.13060256787872318,0.13060256787872318,trusted_strategy:baseline_full_score; hold_gate=10d; max_positions=5,baseline_full_score,10,0.7
baseline_full_score,基础综合评分策略,2026-07-15,600162,香江控股,BUY,2.53,0,25800,25800,25800,0.0,0.13100790202960008,0.13100790202960008,trusted_strategy:baseline_full_score; hold_gate=10d; max_positions=5,baseline_full_score,10,0.7
baseline_full_score,基础综合评分策略,2026-07-15,600228,*ST返利,BUY,6.96,0,10400,10400,10400,0.0,0.14491257687544792,0.14491257687544792,trusted_strategy:baseline_full_score; hold_gate=10d; max_positions=5,baseline_full_score,10,0.7
adaptive_style_switch_dynamic_position,市场风格自适应切换策略（动态仓位）,2026-07-15,000725,京东方Ａ,BUY,6.38,0,9200,9200,9200,0.0,0.11765404604406908,0.11765404604406908,trusted_strategy:adaptive_style_switch_dynamic_position; hold_gate=10d; max_positions=5,adaptive_style_switch_dynamic_position,10,0.7
adaptive_style_switch_dynamic_position,市场风格自适应切换策略（动态仓位）,2026-07-15,600584,长电科技,BUY,92.46,0,600,600,600,0.0,0.12227551128459002,0.12227551128459002,trusted_strategy:adaptive_style_switch_dynamic_position; hold_gate=10d; max_positions=5,adaptive_style_switch_dynamic_position,10,0.7
adaptive_style_shadow,市场风格自适应生产策略（影子）,2026-07-15,000725,京东方Ａ,BUY,6.38,0,9200,9200,9200,0.0,0.11765404604406908,0.11765404604406908,trusted_strategy:adaptive_style_shadow; hold_gate=10d; max_positions=5,adaptive_market_style,10,0.7
adaptive_style_shadow,市场风格自适应生产策略（影子）,2026-07-15,600584,长电科技,BUY,92.46,0,600,600,600,0.0,0.12227551128459002,0.12227551128459002,trusted_strategy:adaptive_style_shadow; hold_gate=10d; max_positions=5,adaptive_market_style,10,0.7
ashare_auto_shadow,AShare AUTO策略（影子）,2026-07-15,000001,平安银行,BUY,10.84,0,6400,6400,6400,0.0,0.13999999999999999,0.13999999999999999,trusted_strategy:ashare_auto_shadow; hold_gate=10d; max_positions=5,ashare_auto_shadow,10,0.7
ashare_auto_shadow,AShare AUTO策略（影子）,2026-07-15,000002,万科Ａ,BUY,3.13,0,22300,22300,22300,0.0,0.13999999999999999,0.13999999999999999,trusted_strategy:ashare_auto_shadow; hold_gate=10d; max_positions=5,ashare_auto_shadow,10,0.7
ashare_auto_shadow,AShare AUTO策略（影子）,2026-07-15,002832,比音勒芬,BUY,22.11,0,3100,3100,3100,0.0,0.13999999999999999,0.13999999999999999,trusted_strategy:ashare_auto_shadow; hold_gate=10d; max_positions=5,ashare_auto_shadow,10,0.7
ashare_auto_shadow,AShare AUTO策略（影子）,2026-07-15,300702,天宇股份,BUY,21.9,0,3100,3100,3100,0.0,0.13999999999999999,0.13999999999999999,trusted_strategy:ashare_auto_shadow; hold_gate=10d; max_positions=5,ashare_auto_shadow,10,0.7
ashare_auto_shadow,AShare AUTO策略（影子）,2026-07-15,688221,前沿生物-U,BUY,25.28,0,2700,2700,2700,0.0,0.13999999999999999,0.13999999999999999,trusted_strategy:ashare_auto_shadow; hold_gate=10d; max_positions=5,ashare_auto_shadow,10,0.7
ashare_trend_breakout_shadow,AShare趋势突破策略（影子）,2026-07-15,000001,平安银行,BUY,10.84,0,6400,6400,6400,0.0,0.13999999999999999,0.13999999999999999,trusted_strategy:ashare_trend_breakout_shadow; hold_gate=10d; max_positions=5,ashare_trend_breakout_shadow,10,0.7
ashare_trend_breakout_shadow,AShare趋势突破策略（影子）,2026-07-15,000002,万科Ａ,BUY,3.13,0,22300,22300,22300,0.0,0.13999999999999999,0.13999999999999999,trusted_strategy:ashare_trend_breakout_shadow; hold_gate=10d; max_positions=5,ashare_trend_breakout_shadow,10,0.7
ashare_trend_breakout_shadow,AShare趋势突破策略（影子）,2026-07-15,000011,深物业A,BUY,6.44,0,10800,10800,10800,0.0,0.13999999999999999,0.13999999999999999,trusted_strategy:ashare_trend_breakout_shadow; hold_gate=10d; max_positions=5,ashare_trend_breakout_shadow,10,0.7
ashare_trend_breakout_shadow,AShare趋势突破策略（影子）,2026-07-15,000016,深康佳Ａ,BUY,2.6,0,26900,26900,26900,0.0,0.13999999999999999,0.13999999999999999,trusted_strategy:ashare_trend_breakout_shadow; hold_gate=10d; max_positions=5,ashare_trend_breakout_shadow,10,0.7
ashare_trend_breakout_shadow,AShare趋势突破策略（影子）,2026-07-15,000019,深粮控股,BUY,6.11,0,11400,11400,11400,0.0,0.13999999999999999,0.13999999999999999,trusted_strategy:ashare_trend_breakout_shadow; hold_gate=10d; max_positions=5,ashare_trend_breakout_shadow,10,0.7
ashare_hybrid_conservative_shadow,AShare保守混合策略（影子）,2026-07-15,300759,康龙化成,BUY,40.3,0,4300,4300,4300,0.0,0.35,0.35,trusted_strategy:ashare_hybrid_conservative_shadow; hold_gate=10d; max_positions=5,ashare_hybrid_conservative_shadow,10,0.7
ashare_hybrid_conservative_shadow,AShare保守混合策略（影子）,2026-07-15,601995,中金公司,BUY,38.34,0,4500,4500,4500,0.0,0.35,0.35,trusted_strategy:ashare_hybrid_conservative_shadow; hold_gate=10d; max_positions=5,ashare_hybrid_conservative_shadow,10,0.7
dual_system_adaptive_route,双系统自适应路由策略,2026-07-15,000725,京东方Ａ,BUY,6.38,0,7800,7800,7800,0.0,0.1,0.1,trusted_strategy:dual_system_adaptive_route; hold_gate=10d; max_positions=5,dual_system_adaptive_route,10,0.7
dual_system_adaptive_route,双系统自适应路由策略,2026-07-15,600584,长电科技,BUY,92.46,0,500,500,500,0.0,0.1,0.1,trusted_strategy:dual_system_adaptive_route; hold_gate=10d; max_positions=5,dual_system_adaptive_route,10,0.7
