trade_date,listed_symbols,market_coverage,industry_coverage,adjustment_coverage,financial_coverage,universe_status_coverage
2020-01-02,3545,1.0,1.0,1.0,1.0,1.0
2020-01-03,3546,1.0,1.0,1.0,1.0,1.0
2020-01-06,3548,1.0,1.0,1.0,1.0,1.0
2020-01-07,3549,1.0,1.0,1.0,1.0,1.0
2020-01-08,3548,1.0,1.0,1.0,1.0,1.0
2020-01-09,3548,1.0,1.0,1.0,1.0,1.0
2020-01-10,3546,1.0,1.0,1.0,1.0,1.0
2020-01-13,3546,1.0,1.0,1.0,1.0,1.0
2020-01-14,3550,1.0,1.0,1.0,1.0,1.0
2020-01-15,3549,1.0,1.0,1.0,1.0,1.0
2020-01-16,3550,1.0,1.0,1.0,1.0,1.0
2020-01-17,3554,1.0,1.0,1.0,1.0,1.0
2020-01-20,3557,1.0,1.0,1.0,1.0,1.0
2020-01-21,3560,1.0,1.0,1.0,1.0,1.0
2020-01-22,3563,1.0,1.0,1.0,1.0,1.0
2020-01-23,3566,1.0,1.0,1.0,1.0,1.0
2020-02-03,3567,1.0,1.0,1.0,1.0,1.0
2020-02-04,3568,1.0,1.0,1.0,1.0,1.0
2020-02-05,3571,1.0,1.0,1.0,1.0,1.0
2020-02-06,3572,1.0,1.0,1.0,1.0,1.0
2020-02-07,3573,1.0,1.0,1.0,1.0,1.0
2020-02-10,3574,1.0,1.0,1.0,1.0,1.0
2020-02-11,3576,1.0,1.0,1.0,1.0,1.0
2020-02-12,3579,1.0,1.0,1.0,1.0,1.0
2020-02-13,3581,1.0,1.0,1.0,1.0,1.0
2020-02-14,3581,1.0,1.0,1.0,1.0,1.0
2020-02-17,3582,1.0,1.0,1.0,1.0,1.0
2020-02-18,3582,1.0,1.0,1.0,1.0,1.0
2020-02-19,3584,1.0,1.0,1.0,1.0,1.0
2020-02-20,3584,1.0,1.0,1.0,1.0,1.0
2020-02-21,3587,1.0,1.0,1.0,1.0,1.0
2020-02-24,3588,1.0,1.0,1.0,1.0,1.0
2020-02-25,3588,1.0,1.0,1.0,1.0,1.0
2020-02-26,3588,1.0,1.0,1.0,1.0,1.0
2020-02-27,3588,1.0,1.0,1.0,1.0,1.0
2020-02-28,3589,1.0,1.0,1.0,1.0,1.0
2020-03-02,3589,1.0,1.0,1.0,1.0,1.0
2020-03-03,3589,1.0,1.0,1.0,1.0,1.0
2020-03-04,3586,1.0,1.0,1.0,1.0,1.0
2020-03-05,3587,1.0,1.0,1.0,1.0,1.0
2020-03-06,3586,1.0,1.0,1.0,1.0,1.0
2020-03-09,3585,1.0,1.0,1.0,1.0,1.0
2020-03-10,3586,1.0,1.0,1.0,1.0,1.0
2020-03-11,3585,1.0,1.0,1.0,1.0,1.0
2020-03-12,3586,1.0,1.0,1.0,1.0,1.0
2020-03-13,3587,1.0,1.0,1.0,1.0,1.0
2020-03-16,3586,1.0,1.0,1.0,1.0,1.0
2020-03-17,3586,1.0,1.0,1.0,1.0,1.0
2020-03-18,3587,1.0,1.0,1.0,1.0,1.0
2020-03-19,3591,1.0,1.0,1.0,1.0,1.0
2020-03-20,3593,1.0,1.0,1.0,1.0,1.0
2020-03-23,3594,1.0,1.0,1.0,1.0,1.0
2020-03-24,3593,1.0,1.0,1.0,1.0,1.0
2020-03-25,3591,1.0,1.0,1.0,1.0,1.0
2020-03-26,3594,1.0,1.0,1.0,1.0,1.0
2020-03-27,3597,1.0,1.0,1.0,1.0,1.0
2020-03-30,3596,1.0,1.0,1.0,1.0,1.0
2020-03-31,3596,1.0,1.0,1.0,1.0,1.0
2020-04-01,3598,1.0,1.0,1.0,1.0,1.0
2020-04-02,3598,1.0,1.0,1.0,1.0,1.0
2020-04-03,3599,1.0,1.0,1.0,1.0,1.0
2020-04-07,3596,1.0,1.0,1.0,1.0,1.0
2020-04-08,3596,1.0,1.0,1.0,1.0,1.0
2020-04-09,3598,1.0,1.0,1.0,1.0,1.0
2020-04-10,3599,1.0,1.0,1.0,1.0,1.0
2020-04-13,3598,1.0,1.0,1.0,1.0,1.0
2020-04-14,3600,1.0,1.0,1.0,1.0,1.0
2020-04-15,3598,1.0,1.0,1.0,1.0,1.0
2020-04-16,3604,1.0,1.0,1.0,1.0,1.0
2020-04-17,3607,1.0,1.0,1.0,1.0,1.0
2020-04-20,3605,1.0,1.0,1.0,1.0,1.0
2020-04-21,3606,1.0,1.0,1.0,1.0,1.0
2020-04-22,3610,1.0,1.0,1.0,1.0,1.0
2020-04-23,3612,1.0,1.0,1.0,1.0,1.0
2020-04-24,3612,1.0,1.0,1.0,1.0,1.0
2020-04-27,3611,1.0,1.0,1.0,1.0,1.0
2020-04-28,3608,1.0,1.0,1.0,1.0,1.0
2020-04-29,3602,1.0,1.0,1.0,1.0,1.0
2020-04-30,3593,1.0,1.0,1.0,1.0,1.0
2020-05-06,3614,1.0,1.0,1.0,1.0,1.0
2020-05-07,3617,1.0,1.0,1.0,1.0,1.0
2020-05-08,3619,1.0,1.0,1.0,1.0,1.0
2020-05-11,3620,1.0,1.0,1.0,1.0,1.0
2020-05-12,3622,1.0,1.0,1.0,1.0,1.0
2020-05-13,3623,1.0,1.0,1.0,1.0,1.0
2020-05-14,3624,1.0,1.0,1.0,1.0,1.0
2020-05-15,3625,1.0,1.0,1.0,1.0,1.0
2020-05-18,3624,1.0,1.0,1.0,1.0,1.0
2020-05-19,3623,1.0,1.0,1.0,1.0,1.0
2020-05-20,3625,1.0,1.0,1.0,1.0,1.0
2020-05-21,3626,1.0,1.0,1.0,1.0,1.0
2020-05-22,3629,1.0,1.0,1.0,1.0,1.0
2020-05-25,3630,1.0,1.0,1.0,1.0,1.0
2020-05-26,3630,1.0,1.0,1.0,1.0,1.0
2020-05-27,3625,1.0,1.0,1.0,1.0,1.0
2020-05-28,3630,1.0,1.0,1.0,1.0,1.0
2020-05-29,3630,1.0,1.0,1.0,1.0,1.0
2020-06-01,3628,1.0,1.0,1.0,1.0,1.0
2020-06-02,3633,1.0,1.0,1.0,1.0,1.0
2020-06-03,3635,1.0,1.0,1.0,1.0,1.0
2020-06-04,3635,1.0,1.0,1.0,1.0,1.0
2020-06-05,3635,1.0,1.0,1.0,1.0,1.0
2020-06-08,3638,1.0,1.0,1.0,1.0,1.0
2020-06-09,3643,1.0,1.0,1.0,1.0,1.0
2020-06-10,3643,1.0,1.0,1.0,1.0,1.0
2020-06-11,3642,1.0,1.0,1.0,1.0,1.0
2020-06-12,3643,1.0,1.0,1.0,1.0,1.0
2020-06-15,3647,1.0,1.0,1.0,1.0,1.0
2020-06-16,3651,1.0,1.0,1.0,1.0,1.0
2020-06-17,3650,1.0,1.0,1.0,1.0,1.0
2020-06-18,3651,1.0,1.0,1.0,1.0,1.0
2020-06-19,3654,1.0,1.0,1.0,1.0,1.0
2020-06-22,3654,1.0,1.0,1.0,1.0,1.0
2020-06-23,3655,1.0,1.0,1.0,1.0,1.0
2020-06-24,3658,1.0,1.0,1.0,1.0,1.0
2020-06-29,3657,1.0,1.0,1.0,1.0,1.0
2020-06-30,3655,1.0,1.0,1.0,1.0,1.0
2020-07-01,3662,1.0,1.0,1.0,1.0,1.0
2020-07-02,3664,1.0,1.0,1.0,1.0,1.0
2020-07-03,3666,1.0,1.0,1.0,1.0,1.0
2020-07-06,3666,1.0,1.0,1.0,1.0,1.0
2020-07-07,3664,1.0,1.0,1.0,1.0,1.0
2020-07-08,3669,1.0,1.0,1.0,1.0,1.0
2020-07-09,3671,1.0,1.0,1.0,1.0,1.0
2020-07-10,3672,1.0,1.0,1.0,1.0,1.0
2020-07-13,3674,1.0,1.0,1.0,1.0,1.0
2020-07-14,3676,1.0,1.0,1.0,1.0,1.0
2020-07-15,3676,1.0,1.0,1.0,1.0,1.0
2020-07-16,3678,1.0,1.0,1.0,1.0,1.0
2020-07-17,3682,1.0,1.0,1.0,1.0,1.0
2020-07-20,3683,1.0,1.0,1.0,1.0,1.0
2020-07-21,3687,1.0,1.0,1.0,1.0,1.0
2020-07-22,3694,1.0,1.0,1.0,1.0,1.0
2020-07-23,3696,1.0,1.0,1.0,1.0,1.0
2020-07-24,3698,1.0,1.0,1.0,1.0,1.0
2020-07-27,3699,1.0,1.0,1.0,1.0,1.0
2020-07-28,3698,1.0,1.0,1.0,1.0,1.0
2020-07-29,3701,1.0,1.0,1.0,1.0,1.0
2020-07-30,3704,1.0,1.0,1.0,1.0,1.0
2020-07-31,3709,1.0,1.0,1.0,1.0,1.0
2020-08-03,3711,1.0,1.0,1.0,1.0,1.0
2020-08-04,3711,1.0,1.0,1.0,1.0,1.0
2020-08-05,3713,1.0,1.0,1.0,1.0,1.0
2020-08-06,3716,1.0,1.0,1.0,1.0,1.0
2020-08-07,3716,1.0,1.0,1.0,1.0,1.0
2020-08-10,3722,1.0,1.0,1.0,1.0,1.0
2020-08-11,3722,1.0,1.0,1.0,1.0,1.0
2020-08-12,3726,1.0,1.0,1.0,1.0,1.0
2020-08-13,3727,1.0,1.0,1.0,1.0,1.0
2020-08-14,3728,1.0,1.0,1.0,1.0,1.0
2020-08-17,3732,1.0,1.0,1.0,1.0,1.0
2020-08-18,3736,1.0,1.0,1.0,1.0,1.0
2020-08-19,3737,1.0,1.0,1.0,1.0,1.0
2020-08-20,3740,1.0,1.0,1.0,1.0,1.0
2020-08-21,3742,1.0,1.0,1.0,1.0,1.0
2020-08-24,3759,1.0,1.0,1.0,1.0,1.0
2020-08-25,3763,1.0,1.0,1.0,1.0,1.0
2020-08-26,3764,1.0,1.0,1.0,1.0,1.0
2020-08-27,3764,1.0,1.0,1.0,1.0,1.0
2020-08-28,3768,1.0,1.0,1.0,1.0,1.0
2020-08-31,3770,1.0,1.0,1.0,1.0,1.0
2020-09-01,3773,1.0,1.0,1.0,1.0,1.0
2020-09-02,3777,1.0,1.0,1.0,1.0,1.0
2020-09-03,3781,1.0,1.0,1.0,1.0,1.0
2020-09-04,3778,1.0,1.0,1.0,1.0,1.0
2020-09-07,3779,1.0,1.0,1.0,1.0,1.0
2020-09-08,3783,1.0,1.0,1.0,1.0,1.0
2020-09-09,3779,1.0,1.0,1.0,1.0,1.0
2020-09-10,3785,1.0,1.0,1.0,1.0,1.0
2020-09-11,3788,1.0,1.0,1.0,1.0,1.0
2020-09-14,3785,1.0,1.0,1.0,1.0,1.0
2020-09-15,3790,1.0,1.0,1.0,1.0,1.0
2020-09-16,3795,1.0,1.0,1.0,1.0,1.0
2020-09-17,3800,1.0,1.0,1.0,1.0,1.0
2020-09-18,3807,1.0,1.0,1.0,1.0,1.0
2020-09-21,3808,1.0,1.0,1.0,1.0,1.0
2020-09-22,3815,1.0,1.0,1.0,1.0,1.0
2020-09-23,3815,1.0,1.0,1.0,1.0,1.0
2020-09-24,3819,1.0,1.0,1.0,1.0,1.0
2020-09-25,3825,1.0,1.0,1.0,1.0,1.0
2020-09-28,3828,1.0,1.0,1.0,1.0,1.0
2020-09-29,3834,1.0,1.0,1.0,1.0,1.0
2020-09-30,3837,1.0,1.0,1.0,1.0,1.0
2020-10-09,3840,1.0,1.0,1.0,1.0,1.0
2020-10-12,3839,1.0,1.0,1.0,1.0,1.0
2020-10-13,3844,1.0,1.0,1.0,1.0,1.0
2020-10-14,3843,1.0,1.0,1.0,1.0,1.0
2020-10-15,3844,1.0,1.0,1.0,1.0,1.0
2020-10-16,3846,1.0,1.0,1.0,1.0,1.0
2020-10-19,3849,1.0,1.0,1.0,1.0,1.0
2020-10-20,3850,1.0,1.0,1.0,1.0,1.0
2020-10-21,3850,1.0,1.0,1.0,1.0,1.0
2020-10-22,3854,1.0,1.0,1.0,1.0,1.0
2020-10-23,3856,1.0,1.0,1.0,1.0,1.0
2020-10-26,3857,1.0,1.0,1.0,1.0,1.0
2020-10-27,3858,1.0,1.0,1.0,1.0,1.0
2020-10-28,3858,1.0,1.0,1.0,1.0,1.0
2020-10-29,3863,1.0,1.0,1.0,1.0,1.0
2020-10-30,3865,1.0,1.0,1.0,1.0,1.0
2020-11-02,3864,1.0,1.0,1.0,1.0,1.0
2020-11-03,3865,1.0,1.0,1.0,1.0,1.0
2020-11-04,3865,1.0,1.0,1.0,1.0,1.0
2020-11-05,3868,1.0,1.0,1.0,1.0,1.0
2020-11-06,3869,1.0,1.0,1.0,1.0,1.0
2020-11-09,3875,1.0,1.0,1.0,1.0,1.0
2020-11-10,3877,1.0,1.0,1.0,1.0,1.0
2020-11-11,3879,1.0,1.0,1.0,1.0,1.0
2020-11-12,3882,1.0,1.0,1.0,1.0,1.0
2020-11-13,3879,1.0,1.0,1.0,1.0,1.0
2020-11-16,3880,1.0,1.0,1.0,1.0,1.0
2020-11-17,3882,1.0,1.0,1.0,1.0,1.0
2020-11-18,3886,1.0,1.0,1.0,1.0,1.0
2020-11-19,3885,1.0,1.0,1.0,1.0,1.0
2020-11-20,3885,1.0,1.0,1.0,1.0,1.0
2020-11-23,3886,1.0,1.0,1.0,1.0,1.0
2020-11-24,3885,1.0,1.0,1.0,1.0,1.0
2020-11-25,3885,1.0,1.0,1.0,1.0,1.0
2020-11-26,3890,1.0,1.0,1.0,1.0,1.0
2020-11-27,3890,1.0,1.0,1.0,1.0,1.0
2020-11-30,3889,1.0,1.0,1.0,1.0,1.0
2020-12-01,3891,1.0,1.0,1.0,1.0,1.0
2020-12-02,3891,1.0,1.0,1.0,1.0,1.0
2020-12-03,3894,1.0,1.0,1.0,1.0,1.0
2020-12-04,3895,1.0,1.0,1.0,1.0,1.0
2020-12-07,3896,1.0,1.0,1.0,1.0,1.0
2020-12-08,3900,1.0,1.0,1.0,1.0,1.0
2020-12-09,3900,1.0,1.0,1.0,1.0,1.0
2020-12-10,3901,1.0,1.0,1.0,1.0,1.0
2020-12-11,3904,1.0,1.0,1.0,1.0,1.0
2020-12-14,3907,1.0,1.0,1.0,1.0,1.0
2020-12-15,3910,1.0,1.0,1.0,1.0,1.0
2020-12-16,3914,1.0,1.0,1.0,1.0,1.0
2020-12-17,3914,1.0,1.0,1.0,1.0,1.0
2020-12-18,3918,1.0,1.0,1.0,1.0,1.0
2020-12-21,3920,1.0,1.0,1.0,1.0,1.0
2020-12-22,3920,1.0,1.0,1.0,1.0,1.0
2020-12-23,3924,1.0,1.0,1.0,1.0,1.0
2020-12-24,3926,1.0,1.0,1.0,1.0,1.0
2020-12-25,3929,1.0,1.0,1.0,1.0,1.0
2020-12-28,3932,1.0,1.0,1.0,1.0,1.0
2020-12-29,3938,1.0,1.0,1.0,1.0,1.0
2020-12-30,3940,1.0,1.0,1.0,1.0,1.0
2020-12-31,3942,1.0,1.0,1.0,1.0,1.0
2021-01-04,3945,1.0,1.0,1.0,1.0,1.0
2021-01-05,3946,1.0,1.0,1.0,1.0,1.0
2021-01-06,3948,1.0,1.0,1.0,1.0,1.0
2021-01-07,3952,1.0,1.0,1.0,1.0,1.0
2021-01-08,3953,1.0,1.0,1.0,1.0,1.0
2021-01-11,3950,1.0,1.0,1.0,1.0,1.0
2021-01-12,3950,1.0,1.0,1.0,1.0,1.0
2021-01-13,3952,1.0,1.0,1.0,1.0,1.0
2021-01-14,3951,1.0,1.0,1.0,1.0,1.0
2021-01-15,3949,1.0,1.0,1.0,1.0,1.0
2021-01-18,3952,1.0,1.0,1.0,1.0,1.0
2021-01-19,3956,1.0,1.0,1.0,1.0,1.0
2021-01-20,3956,1.0,1.0,1.0,1.0,1.0
2021-01-21,3958,1.0,1.0,1.0,1.0,1.0
2021-01-22,3963,1.0,1.0,1.0,1.0,1.0
2021-01-25,3963,1.0,1.0,1.0,1.0,1.0
2021-01-26,3964,1.0,1.0,1.0,1.0,1.0
2021-01-27,3968,1.0,1.0,1.0,1.0,1.0
2021-01-28,3973,1.0,1.0,1.0,1.0,1.0
2021-01-29,3976,1.0,1.0,1.0,1.0,1.0
2021-02-01,3979,1.0,1.0,1.0,1.0,1.0
2021-02-02,3979,1.0,1.0,1.0,1.0,1.0
2021-02-03,3980,1.0,1.0,1.0,1.0,1.0
2021-02-04,3981,1.0,1.0,1.0,1.0,1.0
2021-02-05,3981,1.0,1.0,1.0,1.0,1.0
2021-02-08,3983,1.0,1.0,1.0,1.0,1.0
2021-02-09,3990,1.0,1.0,1.0,1.0,1.0
2021-02-10,3998,1.0,1.0,1.0,1.0,1.0
2021-02-18,3993,1.0,1.0,1.0,1.0,1.0
2021-02-19,3997,1.0,1.0,1.0,1.0,1.0
2021-02-22,3997,1.0,1.0,1.0,1.0,1.0
2021-02-23,3999,1.0,1.0,1.0,1.0,1.0
2021-02-24,4001,1.0,1.0,1.0,1.0,1.0
2021-02-25,4004,1.0,1.0,1.0,1.0,1.0
2021-02-26,4005,1.0,1.0,1.0,1.0,1.0
2021-03-01,4006,1.0,1.0,1.0,1.0,1.0
2021-03-02,4007,1.0,1.0,1.0,1.0,1.0
2021-03-03,4008,1.0,1.0,1.0,1.0,1.0
2021-03-04,4008,1.0,1.0,1.0,1.0,1.0
2021-03-05,4009,1.0,1.0,1.0,1.0,1.0
2021-03-08,4011,1.0,1.0,1.0,1.0,1.0
2021-03-09,4012,1.0,1.0,1.0,1.0,1.0
2021-03-10,4013,1.0,1.0,1.0,1.0,1.0
2021-03-11,4014,1.0,1.0,1.0,1.0,1.0
2021-03-12,4014,1.0,1.0,1.0,1.0,1.0
2021-03-15,4014,1.0,1.0,1.0,1.0,1.0
2021-03-16,4016,1.0,1.0,1.0,1.0,1.0
2021-03-17,4017,1.0,1.0,1.0,1.0,1.0
2021-03-18,4019,1.0,1.0,1.0,1.0,1.0
2021-03-19,4018,1.0,1.0,1.0,1.0,1.0
2021-03-22,4026,1.0,1.0,1.0,1.0,1.0
2021-03-23,4028,1.0,1.0,1.0,1.0,1.0
2021-03-24,4029,1.0,1.0,1.0,1.0,1.0
2021-03-25,4032,1.0,1.0,1.0,1.0,1.0
2021-03-26,4035,1.0,1.0,1.0,1.0,1.0
2021-03-29,4039,1.0,1.0,1.0,1.0,1.0
2021-03-30,4042,1.0,1.0,1.0,1.0,1.0
2021-03-31,4041,1.0,1.0,1.0,1.0,1.0
2021-04-01,4046,1.0,1.0,1.0,1.0,1.0
2021-04-02,4047,1.0,1.0,1.0,1.0,1.0
2021-04-06,4053,1.0,1.0,1.0,1.0,1.0
2021-04-07,4052,1.0,1.0,1.0,1.0,1.0
2021-04-08,4053,1.0,1.0,1.0,1.0,1.0
2021-04-09,4057,1.0,1.0,1.0,1.0,1.0
2021-04-12,4062,1.0,1.0,1.0,1.0,1.0
2021-04-13,4065,1.0,1.0,1.0,1.0,1.0
2021-04-14,4066,1.0,1.0,1.0,1.0,1.0
2021-04-15,4066,1.0,1.0,1.0,1.0,1.0
2021-04-16,4069,1.0,1.0,1.0,1.0,1.0
2021-04-19,4073,1.0,1.0,1.0,1.0,1.0
2021-04-20,4077,1.0,1.0,1.0,1.0,1.0
2021-04-21,4084,1.0,1.0,1.0,1.0,1.0
2021-04-22,4085,1.0,1.0,1.0,1.0,1.0
2021-04-23,4078,1.0,1.0,1.0,1.0,1.0
2021-04-26,4084,1.0,1.0,1.0,1.0,1.0
2021-04-27,4075,1.0,1.0,1.0,1.0,1.0
2021-04-28,4088,1.0,1.0,1.0,1.0,1.0
2021-04-29,4079,1.0,1.0,1.0,1.0,1.0
2021-04-30,4081,1.0,1.0,1.0,1.0,1.0
2021-05-06,4096,1.0,1.0,1.0,1.0,1.0
2021-05-07,4095,1.0,1.0,1.0,1.0,1.0
2021-05-10,4096,1.0,1.0,1.0,1.0,1.0
2021-05-11,4100,1.0,1.0,1.0,1.0,1.0
2021-05-12,4106,1.0,1.0,1.0,1.0,1.0
2021-05-13,4115,1.0,1.0,1.0,1.0,1.0
2021-05-14,4111,1.0,1.0,1.0,1.0,1.0
2021-05-17,4113,1.0,1.0,1.0,1.0,1.0
2021-05-18,4112,1.0,1.0,1.0,1.0,1.0
2021-05-19,4113,1.0,1.0,1.0,1.0,1.0
2021-05-20,4124,1.0,1.0,1.0,1.0,1.0
2021-05-21,4125,1.0,1.0,1.0,1.0,1.0
2021-05-24,4125,1.0,1.0,1.0,1.0,1.0
2021-05-25,4129,1.0,1.0,1.0,1.0,1.0
2021-05-26,4133,1.0,1.0,1.0,1.0,1.0
2021-05-27,4135,1.0,1.0,1.0,1.0,1.0
2021-05-28,4139,1.0,1.0,1.0,1.0,1.0
2021-05-31,4141,1.0,1.0,1.0,1.0,1.0
2021-06-01,4143,1.0,1.0,1.0,1.0,1.0
2021-06-02,4143,1.0,1.0,1.0,1.0,1.0
2021-06-03,4146,1.0,1.0,1.0,1.0,1.0
2021-06-04,4147,1.0,1.0,1.0,1.0,1.0
2021-06-07,4147,1.0,1.0,1.0,1.0,1.0
2021-06-08,4150,1.0,1.0,1.0,1.0,1.0
2021-06-09,4151,1.0,1.0,1.0,1.0,1.0
2021-06-10,4151,1.0,1.0,1.0,1.0,1.0
2021-06-11,4156,1.0,1.0,1.0,1.0,1.0
2021-06-15,4154,1.0,1.0,1.0,1.0,1.0
2021-06-16,4155,1.0,1.0,1.0,1.0,1.0
2021-06-17,4161,1.0,1.0,1.0,1.0,1.0
2021-06-18,4162,1.0,1.0,1.0,1.0,1.0
2021-06-21,4159,1.0,1.0,1.0,1.0,1.0
2021-06-22,4166,1.0,1.0,1.0,1.0,1.0
2021-06-23,4167,1.0,1.0,1.0,1.0,1.0
2021-06-24,4170,1.0,1.0,1.0,1.0,1.0
2021-06-25,4175,1.0,1.0,1.0,1.0,1.0
2021-06-28,4179,1.0,1.0,1.0,1.0,1.0
2021-06-29,4183,1.0,1.0,1.0,1.0,1.0
2021-06-30,4186,1.0,1.0,1.0,1.0,1.0
2021-07-01,4188,1.0,1.0,1.0,1.0,1.0
2021-07-02,4188,1.0,1.0,1.0,1.0,1.0
2021-07-05,4190,1.0,1.0,1.0,1.0,1.0
2021-07-06,4195,1.0,1.0,1.0,1.0,1.0
2021-07-07,4199,1.0,1.0,1.0,1.0,1.0
2021-07-08,4203,1.0,1.0,1.0,1.0,1.0
2021-07-09,4205,1.0,1.0,1.0,1.0,1.0
2021-07-12,4205,1.0,1.0,1.0,1.0,1.0
2021-07-13,4207,1.0,1.0,1.0,1.0,1.0
2021-07-14,4204,1.0,1.0,1.0,1.0,1.0
2021-07-15,4207,1.0,1.0,1.0,1.0,1.0
2021-07-16,4211,1.0,1.0,1.0,1.0,1.0
2021-07-19,4209,1.0,1.0,1.0,1.0,1.0
2021-07-20,4213,1.0,1.0,1.0,1.0,1.0
2021-07-21,4213,1.0,1.0,1.0,1.0,1.0
2021-07-22,4218,1.0,1.0,1.0,1.0,1.0
2021-07-23,4221,1.0,1.0,1.0,1.0,1.0
2021-07-26,4225,1.0,1.0,1.0,1.0,1.0
2021-07-27,4226,1.0,1.0,1.0,1.0,1.0
2021-07-28,4230,1.0,1.0,1.0,1.0,1.0
2021-07-29,4232,1.0,1.0,1.0,1.0,1.0
2021-07-30,4235,1.0,1.0,1.0,1.0,1.0
2021-08-02,4236,1.0,1.0,1.0,1.0,1.0
2021-08-03,4237,1.0,1.0,1.0,1.0,1.0
2021-08-04,4243,1.0,1.0,1.0,1.0,1.0
2021-08-05,4247,1.0,1.0,1.0,1.0,1.0
2021-08-06,4249,1.0,1.0,1.0,1.0,1.0
2021-08-09,4249,1.0,1.0,1.0,1.0,1.0
2021-08-10,4252,1.0,1.0,1.0,1.0,1.0
2021-08-11,4253,1.0,1.0,1.0,1.0,1.0
2021-08-12,4257,1.0,1.0,1.0,1.0,1.0
2021-08-13,4261,1.0,1.0,1.0,1.0,1.0
2021-08-16,4264,1.0,1.0,1.0,1.0,1.0
2021-08-17,4266,1.0,1.0,1.0,1.0,1.0
2021-08-18,4266,1.0,1.0,1.0,1.0,1.0
2021-08-19,4269,1.0,1.0,1.0,1.0,1.0
2021-08-20,4272,1.0,1.0,1.0,1.0,1.0
2021-08-23,4272,1.0,1.0,1.0,1.0,1.0
2021-08-24,4276,1.0,1.0,1.0,1.0,1.0
2021-08-25,4275,1.0,1.0,1.0,1.0,1.0
2021-08-26,4278,1.0,1.0,1.0,1.0,1.0
2021-08-27,4278,1.0,1.0,1.0,1.0,1.0
2021-08-30,4280,1.0,1.0,1.0,1.0,1.0
2021-08-31,4279,1.0,1.0,1.0,1.0,1.0
2021-09-01,4280,1.0,1.0,1.0,1.0,1.0
2021-09-02,4279,1.0,1.0,1.0,1.0,1.0
2021-09-03,4279,1.0,1.0,1.0,1.0,1.0
2021-09-06,4281,1.0,1.0,1.0,1.0,1.0
2021-09-07,4285,1.0,1.0,1.0,1.0,1.0
2021-09-08,4287,1.0,1.0,1.0,1.0,1.0
2021-09-09,4292,1.0,1.0,1.0,1.0,1.0
2021-09-10,4293,1.0,1.0,1.0,1.0,1.0
2021-09-13,4299,1.0,1.0,1.0,1.0,1.0
2021-09-14,4303,1.0,1.0,1.0,1.0,1.0
2021-09-15,4302,1.0,1.0,1.0,1.0,1.0
2021-09-16,4303,1.0,1.0,1.0,1.0,1.0
2021-09-17,4304,1.0,1.0,1.0,1.0,1.0
2021-09-22,4301,1.0,1.0,1.0,1.0,1.0
2021-09-23,4301,1.0,1.0,1.0,1.0,1.0
2021-09-24,4302,1.0,1.0,1.0,1.0,1.0
2021-09-27,4300,1.0,1.0,1.0,1.0,1.0
2021-09-28,4304,1.0,1.0,1.0,1.0,1.0
2021-09-29,4309,1.0,1.0,1.0,1.0,1.0
2021-09-30,4311,1.0,1.0,1.0,1.0,1.0
2021-10-08,4313,1.0,1.0,1.0,1.0,1.0
2021-10-11,4316,1.0,1.0,1.0,1.0,1.0
2021-10-12,4318,1.0,1.0,1.0,1.0,1.0
2021-10-13,4318,1.0,1.0,1.0,1.0,1.0
2021-10-14,4319,1.0,1.0,1.0,1.0,1.0
2021-10-15,4321,1.0,1.0,1.0,1.0,1.0
2021-10-18,4326,1.0,1.0,1.0,1.0,1.0
2021-10-19,4328,1.0,1.0,1.0,1.0,1.0
2021-10-20,4330,1.0,1.0,1.0,1.0,1.0
2021-10-21,4334,1.0,1.0,1.0,1.0,1.0
2021-10-22,4335,1.0,1.0,1.0,1.0,1.0
2021-10-25,4335,1.0,1.0,1.0,1.0,1.0
2021-10-26,4338,1.0,1.0,1.0,1.0,1.0
2021-10-27,4344,1.0,1.0,1.0,1.0,1.0
2021-10-28,4350,1.0,1.0,1.0,1.0,1.0
2021-10-29,4351,1.0,1.0,1.0,1.0,1.0
2021-11-01,4352,1.0,1.0,1.0,1.0,1.0
2021-11-02,4355,1.0,1.0,1.0,1.0,1.0
2021-11-03,4355,1.0,1.0,1.0,1.0,1.0
2021-11-04,4356,1.0,1.0,1.0,1.0,1.0
2021-11-05,4356,1.0,1.0,1.0,1.0,1.0
2021-11-08,4357,1.0,1.0,1.0,1.0,1.0
2021-11-09,4354,1.0,1.0,1.0,1.0,1.0
2021-11-10,4357,1.0,1.0,1.0,1.0,1.0
2021-11-11,4356,1.0,1.0,1.0,1.0,1.0
2021-11-12,4360,1.0,1.0,1.0,1.0,1.0
2021-11-15,4362,1.0,1.0,1.0,1.0,1.0
2021-11-16,4365,1.0,1.0,1.0,1.0,1.0
2021-11-17,4368,1.0,1.0,1.0,1.0,1.0
2021-11-18,4372,1.0,1.0,1.0,1.0,1.0
2021-11-19,4374,1.0,1.0,1.0,1.0,1.0
2021-11-22,4377,1.0,1.0,1.0,1.0,1.0
2021-11-23,4378,1.0,1.0,1.0,1.0,1.0
2021-11-24,4377,1.0,1.0,1.0,1.0,1.0
2021-11-25,4378,1.0,1.0,1.0,1.0,1.0
2021-11-26,4379,1.0,1.0,1.0,1.0,1.0
2021-11-29,4380,1.0,1.0,1.0,1.0,1.0
2021-11-30,4381,1.0,1.0,1.0,1.0,1.0
2021-12-01,4382,1.0,1.0,1.0,1.0,1.0
2021-12-02,4385,1.0,1.0,1.0,1.0,1.0
2021-12-03,4385,1.0,1.0,1.0,1.0,1.0
2021-12-06,4390,1.0,1.0,1.0,1.0,1.0
2021-12-07,4392,1.0,1.0,1.0,1.0,1.0
2021-12-08,4393,1.0,1.0,1.0,1.0,1.0
2021-12-09,4394,1.0,1.0,1.0,1.0,1.0
2021-12-10,4397,1.0,1.0,1.0,1.0,1.0
2021-12-13,4397,1.0,1.0,1.0,1.0,1.0
2021-12-14,4397,1.0,1.0,1.0,1.0,1.0
2021-12-15,4398,1.0,1.0,1.0,1.0,1.0
2021-12-16,4400,1.0,1.0,1.0,1.0,1.0
2021-12-17,4401,1.0,1.0,1.0,1.0,1.0
2021-12-20,4404,1.0,1.0,1.0,1.0,1.0
2021-12-21,4403,1.0,1.0,1.0,1.0,1.0
2021-12-22,4407,1.0,1.0,1.0,1.0,1.0
2021-12-23,4414,1.0,1.0,1.0,1.0,1.0
2021-12-24,4417,1.0,1.0,1.0,1.0,1.0
2021-12-27,4418,1.0,1.0,1.0,1.0,1.0
2021-12-28,4421,1.0,1.0,1.0,1.0,1.0
2021-12-29,4422,1.0,1.0,1.0,1.0,1.0
2021-12-30,4424,1.0,1.0,1.0,1.0,1.0
2021-12-31,4423,1.0,1.0,1.0,1.0,1.0
2022-01-04,4424,1.0,1.0,1.0,1.0,1.0
2022-01-05,4425,1.0,1.0,1.0,1.0,1.0
2022-01-06,4427,1.0,1.0,1.0,1.0,1.0
2022-01-07,4430,1.0,1.0,1.0,1.0,1.0
2022-01-10,4429,1.0,1.0,1.0,1.0,1.0
2022-01-11,4432,1.0,1.0,1.0,1.0,1.0
2022-01-12,4434,1.0,1.0,1.0,1.0,1.0
2022-01-13,4435,1.0,1.0,1.0,1.0,1.0
2022-01-14,4435,1.0,1.0,1.0,1.0,1.0
2022-01-17,4436,1.0,1.0,1.0,1.0,1.0
2022-01-18,4440,1.0,1.0,1.0,1.0,1.0
2022-01-19,4439,1.0,1.0,1.0,1.0,1.0
2022-01-20,4440,1.0,1.0,1.0,1.0,1.0
2022-01-21,4441,1.0,1.0,1.0,1.0,1.0
2022-01-24,4444,1.0,1.0,1.0,1.0,1.0
2022-01-25,4444,1.0,1.0,1.0,1.0,1.0
2022-01-26,4445,1.0,1.0,1.0,1.0,1.0
2022-01-27,4451,1.0,1.0,1.0,1.0,1.0
2022-01-28,4456,1.0,1.0,1.0,1.0,1.0
2022-02-07,4456,1.0,1.0,1.0,1.0,1.0
2022-02-08,4455,1.0,1.0,1.0,1.0,1.0
2022-02-09,4457,1.0,1.0,1.0,1.0,1.0
2022-02-10,4460,1.0,1.0,1.0,1.0,1.0
2022-02-11,4460,1.0,1.0,1.0,1.0,1.0
2022-02-14,4461,1.0,1.0,1.0,1.0,1.0
2022-02-15,4463,1.0,1.0,1.0,1.0,1.0
2022-02-16,4465,1.0,1.0,1.0,1.0,1.0
2022-02-17,4465,1.0,1.0,1.0,1.0,1.0
2022-02-18,4468,1.0,1.0,1.0,1.0,1.0
2022-02-21,4468,1.0,1.0,1.0,1.0,1.0
2022-02-22,4469,1.0,1.0,1.0,1.0,1.0
2022-02-23,4470,1.0,1.0,1.0,1.0,1.0
2022-02-24,4471,1.0,1.0,1.0,1.0,1.0
2022-02-25,4471,1.0,1.0,1.0,1.0,1.0
2022-02-28,4472,1.0,1.0,1.0,1.0,1.0
2022-03-01,4473,1.0,1.0,1.0,1.0,1.0
2022-03-02,4472,1.0,1.0,1.0,1.0,1.0
2022-03-03,4473,1.0,1.0,1.0,1.0,1.0
2022-03-04,4474,1.0,1.0,1.0,1.0,1.0
2022-03-07,4475,1.0,1.0,1.0,1.0,1.0
2022-03-08,4474,1.0,1.0,1.0,1.0,1.0
2022-03-09,4473,1.0,1.0,1.0,1.0,1.0
2022-03-10,4475,1.0,1.0,1.0,1.0,1.0
2022-03-11,4478,1.0,1.0,1.0,1.0,1.0
2022-03-14,4483,1.0,1.0,1.0,1.0,1.0
2022-03-15,4486,1.0,1.0,1.0,1.0,1.0
2022-03-16,4487,1.0,1.0,1.0,1.0,1.0
2022-03-17,4489,1.0,1.0,1.0,1.0,1.0
2022-03-18,4491,1.0,1.0,1.0,1.0,1.0
2022-03-21,4492,1.0,1.0,1.0,1.0,1.0
2022-03-22,4498,1.0,1.0,1.0,1.0,1.0
2022-03-23,4501,1.0,1.0,1.0,1.0,1.0
2022-03-24,4501,1.0,1.0,1.0,1.0,1.0
2022-03-25,4501,1.0,1.0,1.0,1.0,1.0
2022-03-28,4503,1.0,1.0,1.0,1.0,1.0
2022-03-29,4506,1.0,1.0,1.0,1.0,1.0
2022-03-30,4506,1.0,1.0,1.0,1.0,1.0
2022-03-31,4505,1.0,1.0,1.0,1.0,1.0
2022-04-01,4506,1.0,1.0,1.0,1.0,1.0
2022-04-06,4505,1.0,1.0,1.0,1.0,1.0
2022-04-07,4507,1.0,1.0,1.0,1.0,1.0
2022-04-08,4507,1.0,1.0,1.0,1.0,1.0
2022-04-11,4507,1.0,1.0,1.0,1.0,1.0
2022-04-12,4513,1.0,1.0,1.0,1.0,1.0
2022-04-13,4517,1.0,1.0,1.0,1.0,1.0
2022-04-14,4518,1.0,1.0,1.0,1.0,1.0
2022-04-15,4515,1.0,1.0,1.0,1.0,1.0
2022-04-18,4512,1.0,1.0,1.0,1.0,1.0
2022-04-19,4520,1.0,1.0,1.0,1.0,1.0
2022-04-20,4522,1.0,1.0,1.0,1.0,1.0
2022-04-21,4526,1.0,1.0,1.0,1.0,1.0
2022-04-22,4529,1.0,1.0,1.0,1.0,1.0
2022-04-25,4529,1.0,1.0,1.0,1.0,1.0
2022-04-26,4529,1.0,1.0,1.0,1.0,1.0
2022-04-27,4526,1.0,1.0,1.0,1.0,1.0
2022-04-28,4524,1.0,1.0,1.0,1.0,1.0
2022-04-29,4530,1.0,1.0,1.0,1.0,1.0
2022-05-05,4515,1.0,1.0,1.0,1.0,1.0
2022-05-06,4536,1.0,1.0,1.0,1.0,1.0
2022-05-09,4535,1.0,1.0,1.0,1.0,1.0
2022-05-10,4539,1.0,1.0,1.0,1.0,1.0
2022-05-11,4538,1.0,1.0,1.0,1.0,1.0
2022-05-12,4539,1.0,1.0,1.0,1.0,1.0
2022-05-13,4541,1.0,1.0,1.0,1.0,1.0
2022-05-16,4540,1.0,1.0,1.0,1.0,1.0
2022-05-17,4540,1.0,1.0,1.0,1.0,1.0
2022-05-18,4541,1.0,1.0,1.0,1.0,1.0
2022-05-19,4539,1.0,1.0,1.0,1.0,1.0
2022-05-20,4544,1.0,1.0,1.0,1.0,1.0
2022-05-23,4545,1.0,1.0,1.0,1.0,1.0
2022-05-24,4548,1.0,1.0,1.0,1.0,1.0
2022-05-25,4545,1.0,1.0,1.0,1.0,1.0
2022-05-26,4549,1.0,1.0,1.0,1.0,1.0
2022-05-27,4549,1.0,1.0,1.0,1.0,1.0
2022-05-30,4552,1.0,1.0,1.0,1.0,1.0
2022-05-31,4554,1.0,1.0,1.0,1.0,1.0
2022-06-01,4553,1.0,1.0,1.0,1.0,1.0
2022-06-02,4552,1.0,1.0,1.0,1.0,1.0
2022-06-06,4561,1.0,1.0,1.0,1.0,1.0
2022-06-07,4561,1.0,1.0,1.0,1.0,1.0
2022-06-08,4565,1.0,1.0,1.0,1.0,1.0
2022-06-09,4562,1.0,1.0,1.0,1.0,1.0
2022-06-10,4565,1.0,1.0,1.0,1.0,1.0
2022-06-13,4565,1.0,1.0,1.0,1.0,1.0
2022-06-14,4564,1.0,1.0,1.0,1.0,1.0
2022-06-15,4565,1.0,1.0,1.0,1.0,1.0
2022-06-16,4565,1.0,1.0,1.0,1.0,1.0
2022-06-17,4565,1.0,1.0,1.0,1.0,1.0
2022-06-20,4567,1.0,1.0,1.0,1.0,1.0
2022-06-21,4568,1.0,1.0,1.0,1.0,1.0
2022-06-22,4567,1.0,1.0,1.0,1.0,1.0
2022-06-23,4572,1.0,1.0,1.0,1.0,1.0
2022-06-24,4572,1.0,1.0,1.0,1.0,1.0
2022-06-27,4575,1.0,1.0,1.0,1.0,1.0
2022-06-28,4575,1.0,1.0,1.0,1.0,1.0
2022-06-29,4576,1.0,1.0,1.0,1.0,1.0
2022-06-30,4577,1.0,1.0,1.0,1.0,1.0
2022-07-01,4581,1.0,1.0,1.0,1.0,1.0
2022-07-04,4577,1.0,1.0,1.0,1.0,1.0
2022-07-05,4581,1.0,1.0,1.0,1.0,1.0
2022-07-06,4585,1.0,1.0,1.0,1.0,1.0
2022-07-07,4587,1.0,1.0,1.0,1.0,1.0
2022-07-08,4590,1.0,1.0,1.0,1.0,1.0
2022-07-11,4590,1.0,1.0,1.0,1.0,1.0
2022-07-12,4589,1.0,1.0,1.0,1.0,1.0
2022-07-13,4589,1.0,1.0,1.0,1.0,1.0
2022-07-14,4592,1.0,1.0,1.0,1.0,1.0
2022-07-15,4596,1.0,1.0,1.0,1.0,1.0
2022-07-18,4598,1.0,1.0,1.0,1.0,1.0
2022-07-19,4599,1.0,1.0,1.0,1.0,1.0
2022-07-20,4599,1.0,1.0,1.0,1.0,1.0
2022-07-21,4599,1.0,1.0,1.0,1.0,1.0
2022-07-22,4601,1.0,1.0,1.0,1.0,1.0
2022-07-25,4600,1.0,1.0,1.0,1.0,1.0
2022-07-26,4604,1.0,1.0,1.0,1.0,1.0
2022-07-27,4605,1.0,1.0,1.0,1.0,1.0
2022-07-28,4606,1.0,1.0,1.0,1.0,1.0
2022-07-29,4608,1.0,1.0,1.0,1.0,1.0
2022-08-01,4609,1.0,1.0,1.0,1.0,1.0
2022-08-02,4612,1.0,1.0,1.0,1.0,1.0
2022-08-03,4613,1.0,1.0,1.0,1.0,1.0
2022-08-04,4614,1.0,1.0,1.0,1.0,1.0
2022-08-05,4619,1.0,1.0,1.0,1.0,1.0
2022-08-08,4622,1.0,1.0,1.0,1.0,1.0
2022-08-09,4623,1.0,1.0,1.0,1.0,1.0
2022-08-10,4623,1.0,1.0,1.0,1.0,1.0
2022-08-11,4624,1.0,1.0,1.0,1.0,1.0
2022-08-12,4627,1.0,1.0,1.0,1.0,1.0
2022-08-15,4626,1.0,1.0,1.0,1.0,1.0
2022-08-16,4630,1.0,1.0,1.0,1.0,1.0
2022-08-17,4631,1.0,1.0,1.0,1.0,1.0
2022-08-18,4638,1.0,1.0,1.0,1.0,1.0
2022-08-19,4641,1.0,1.0,1.0,1.0,1.0
2022-08-22,4641,1.0,1.0,1.0,1.0,1.0
2022-08-23,4642,1.0,1.0,1.0,1.0,1.0
2022-08-24,4642,1.0,1.0,1.0,1.0,1.0
2022-08-25,4646,1.0,1.0,1.0,1.0,1.0
2022-08-26,4648,1.0,1.0,1.0,1.0,1.0
2022-08-29,4652,1.0,1.0,1.0,1.0,1.0
2022-08-30,4652,1.0,1.0,1.0,1.0,1.0
2022-08-31,4658,1.0,1.0,1.0,1.0,1.0
2022-09-01,4656,1.0,1.0,1.0,1.0,1.0
2022-09-02,4661,1.0,1.0,1.0,1.0,1.0
2022-09-05,4662,1.0,1.0,1.0,1.0,1.0
2022-09-06,4661,1.0,1.0,1.0,1.0,1.0
2022-09-07,4661,1.0,1.0,1.0,1.0,1.0
2022-09-08,4665,1.0,1.0,1.0,1.0,1.0
2022-09-09,4670,1.0,1.0,1.0,1.0,1.0
2022-09-13,4671,1.0,1.0,1.0,1.0,1.0
2022-09-14,4672,1.0,1.0,1.0,1.0,1.0
2022-09-15,4669,1.0,1.0,1.0,1.0,1.0
2022-09-16,4670,1.0,1.0,1.0,1.0,1.0
2022-09-19,4675,1.0,1.0,1.0,1.0,1.0
2022-09-20,4677,1.0,1.0,1.0,1.0,1.0
2022-09-21,4683,1.0,1.0,1.0,1.0,1.0
2022-09-22,4682,1.0,1.0,1.0,1.0,1.0
2022-09-23,4684,1.0,1.0,1.0,1.0,1.0
2022-09-26,4688,1.0,1.0,1.0,1.0,1.0
2022-09-27,4691,1.0,1.0,1.0,1.0,1.0
2022-09-28,4693,1.0,1.0,1.0,1.0,1.0
2022-09-29,4694,1.0,1.0,1.0,1.0,1.0
2022-09-30,4695,1.0,1.0,1.0,1.0,1.0
2022-10-10,4698,1.0,1.0,1.0,1.0,1.0
2022-10-11,4699,1.0,1.0,1.0,1.0,1.0
2022-10-12,4701,1.0,1.0,1.0,1.0,1.0
2022-10-13,4702,1.0,1.0,1.0,1.0,1.0
2022-10-14,4704,1.0,1.0,1.0,1.0,1.0
2022-10-17,4701,1.0,1.0,1.0,1.0,1.0
2022-10-18,4703,1.0,1.0,1.0,1.0,1.0
2022-10-19,4709,1.0,1.0,1.0,1.0,1.0
2022-10-20,4709,1.0,1.0,1.0,1.0,1.0
2022-10-21,4710,1.0,1.0,1.0,1.0,1.0
2022-10-24,4710,1.0,1.0,1.0,1.0,1.0
2022-10-25,4712,1.0,1.0,1.0,1.0,1.0
2022-10-26,4714,1.0,1.0,1.0,1.0,1.0
2022-10-27,4715,1.0,1.0,1.0,1.0,1.0
2022-10-28,4718,1.0,1.0,1.0,1.0,1.0
2022-10-31,4719,1.0,1.0,1.0,1.0,1.0
2022-11-01,4721,1.0,1.0,1.0,1.0,1.0
2022-11-02,4720,1.0,1.0,1.0,1.0,1.0
2022-11-03,4721,1.0,1.0,1.0,1.0,1.0
2022-11-04,4723,1.0,1.0,1.0,1.0,1.0
2022-11-07,4726,1.0,1.0,1.0,1.0,1.0
2022-11-08,4726,1.0,1.0,1.0,1.0,1.0
2022-11-09,4727,1.0,1.0,1.0,1.0,1.0
2022-11-10,4731,1.0,1.0,1.0,1.0,1.0
2022-11-11,4733,1.0,1.0,1.0,1.0,1.0
2022-11-14,4732,1.0,1.0,1.0,1.0,1.0
2022-11-15,4731,1.0,1.0,1.0,1.0,1.0
2022-11-16,4734,1.0,1.0,1.0,1.0,1.0
2022-11-17,4733,1.0,1.0,1.0,1.0,1.0
2022-11-18,4735,1.0,1.0,1.0,1.0,1.0
2022-11-21,4739,1.0,1.0,1.0,1.0,1.0
2022-11-22,4741,1.0,1.0,1.0,1.0,1.0
2022-11-23,4743,1.0,1.0,1.0,1.0,1.0
2022-11-24,4744,1.0,1.0,1.0,1.0,1.0
2022-11-25,4745,1.0,1.0,1.0,1.0,1.0
2022-11-28,4746,1.0,1.0,1.0,1.0,1.0
2022-11-29,4748,1.0,1.0,1.0,1.0,1.0
2022-11-30,4749,1.0,1.0,1.0,1.0,1.0
2022-12-01,4750,1.0,1.0,1.0,1.0,1.0
2022-12-02,4750,1.0,1.0,1.0,1.0,1.0
2022-12-05,4748,1.0,1.0,1.0,1.0,1.0
2022-12-06,4748,1.0,1.0,1.0,1.0,1.0
2022-12-07,4748,1.0,1.0,1.0,1.0,1.0
2022-12-08,4751,1.0,1.0,1.0,1.0,1.0
2022-12-09,4751,1.0,1.0,1.0,1.0,1.0
2022-12-12,4756,1.0,1.0,1.0,1.0,1.0
2022-12-13,4756,1.0,1.0,1.0,1.0,1.0
2022-12-14,4755,1.0,1.0,1.0,1.0,1.0
2022-12-15,4757,1.0,1.0,1.0,1.0,1.0
2022-12-16,4760,1.0,1.0,1.0,1.0,1.0
2022-12-19,4756,1.0,1.0,1.0,1.0,1.0
2022-12-20,4756,1.0,1.0,1.0,1.0,1.0
2022-12-21,4753,1.0,1.0,1.0,1.0,1.0
2022-12-22,4760,1.0,1.0,1.0,1.0,1.0
2022-12-23,4763,1.0,1.0,1.0,1.0,1.0
2022-12-26,4763,1.0,1.0,1.0,1.0,1.0
2022-12-27,4767,1.0,1.0,1.0,1.0,1.0
2022-12-28,4767,1.0,1.0,1.0,1.0,1.0
2022-12-29,4770,1.0,1.0,1.0,1.0,1.0
2022-12-30,4772,1.0,1.0,1.0,1.0,1.0
2023-01-03,4773,1.0,1.0,1.0,1.0,1.0
2023-01-04,4775,1.0,1.0,1.0,1.0,1.0
2023-01-05,4775,1.0,1.0,1.0,1.0,1.0
2023-01-06,4775,1.0,1.0,1.0,1.0,1.0
2023-01-09,4772,1.0,1.0,1.0,1.0,1.0
2023-01-10,4776,1.0,1.0,1.0,1.0,1.0
2023-01-11,4776,1.0,1.0,1.0,1.0,1.0
2023-01-12,4773,1.0,1.0,1.0,1.0,1.0
2023-01-13,4774,1.0,1.0,1.0,1.0,1.0
2023-01-16,4775,1.0,1.0,1.0,1.0,1.0
2023-01-17,4774,1.0,1.0,1.0,1.0,1.0
2023-01-18,4774,1.0,1.0,1.0,1.0,1.0
2023-01-19,4775,1.0,1.0,1.0,1.0,1.0
2023-01-20,4776,1.0,1.0,1.0,1.0,1.0
2023-01-30,4775,1.0,1.0,1.0,1.0,1.0
2023-01-31,4774,1.0,1.0,1.0,1.0,1.0
2023-02-01,4776,1.0,1.0,1.0,1.0,1.0
2023-02-02,4778,1.0,1.0,1.0,1.0,1.0
2023-02-03,4778,1.0,1.0,1.0,1.0,1.0
2023-02-06,4779,1.0,1.0,1.0,1.0,1.0
2023-02-07,4781,1.0,1.0,1.0,1.0,1.0
2023-02-08,4782,1.0,1.0,1.0,1.0,1.0
2023-02-09,4784,1.0,1.0,1.0,1.0,1.0
2023-02-10,4785,1.0,1.0,1.0,1.0,1.0
2023-02-13,4786,1.0,1.0,1.0,1.0,1.0
2023-02-14,4787,1.0,1.0,1.0,1.0,1.0
2023-02-15,4788,1.0,1.0,1.0,1.0,1.0
2023-02-16,4792,1.0,1.0,1.0,1.0,1.0
2023-02-17,4793,1.0,1.0,1.0,1.0,1.0
2023-02-20,4795,1.0,1.0,1.0,1.0,1.0
2023-02-21,4795,1.0,1.0,1.0,1.0,1.0
2023-02-22,4796,1.0,1.0,1.0,1.0,1.0
2023-02-23,4795,1.0,1.0,1.0,1.0,1.0
2023-02-24,4794,1.0,1.0,1.0,1.0,1.0
2023-02-27,4794,1.0,1.0,1.0,1.0,1.0
2023-02-28,4796,1.0,1.0,1.0,1.0,1.0
2023-03-01,4798,1.0,1.0,1.0,1.0,1.0
2023-03-02,4800,1.0,1.0,1.0,1.0,1.0
2023-03-03,4802,1.0,1.0,1.0,1.0,1.0
2023-03-06,4803,1.0,1.0,1.0,1.0,1.0
2023-03-07,4804,1.0,1.0,1.0,1.0,1.0
2023-03-08,4804,1.0,1.0,1.0,1.0,1.0
2023-03-09,4806,1.0,1.0,1.0,1.0,1.0
2023-03-10,4807,1.0,1.0,1.0,1.0,1.0
2023-03-13,4811,1.0,1.0,1.0,1.0,1.0
2023-03-14,4811,1.0,1.0,1.0,1.0,1.0
2023-03-15,4812,1.0,1.0,1.0,1.0,1.0
2023-03-16,4812,1.0,1.0,1.0,1.0,1.0
2023-03-17,4812,1.0,1.0,1.0,1.0,1.0
2023-03-20,4812,1.0,1.0,1.0,1.0,1.0
2023-03-21,4815,1.0,1.0,1.0,1.0,1.0
2023-03-22,4814,1.0,1.0,1.0,1.0,1.0
2023-03-23,4816,1.0,1.0,1.0,1.0,1.0
2023-03-24,4817,1.0,1.0,1.0,1.0,1.0
2023-03-27,4818,1.0,1.0,1.0,1.0,1.0
2023-03-28,4819,1.0,1.0,1.0,1.0,1.0
2023-03-29,4823,1.0,1.0,1.0,1.0,1.0
2023-03-30,4823,1.0,1.0,1.0,1.0,1.0
2023-03-31,4822,1.0,1.0,1.0,1.0,1.0
2023-04-03,4823,1.0,1.0,1.0,1.0,1.0
2023-04-04,4828,1.0,1.0,1.0,1.0,1.0
2023-04-06,4827,1.0,1.0,1.0,1.0,1.0
2023-04-07,4826,1.0,1.0,1.0,1.0,1.0
2023-04-10,4836,1.0,1.0,1.0,1.0,1.0
2023-04-11,4837,1.0,1.0,1.0,1.0,1.0
2023-04-12,4836,1.0,1.0,1.0,1.0,1.0
2023-04-13,4837,1.0,1.0,1.0,1.0,1.0
2023-04-14,4835,1.0,1.0,1.0,1.0,1.0
2023-04-17,4837,1.0,1.0,1.0,1.0,1.0
2023-04-18,4844,1.0,1.0,1.0,1.0,1.0
2023-04-19,4844,1.0,1.0,1.0,1.0,1.0
2023-04-20,4846,1.0,1.0,1.0,1.0,1.0
2023-04-21,4845,1.0,1.0,1.0,1.0,1.0
2023-04-24,4847,1.0,1.0,1.0,1.0,1.0
2023-04-25,4848,1.0,1.0,1.0,1.0,1.0
2023-04-26,4841,1.0,1.0,1.0,1.0,1.0
2023-04-27,4841,1.0,1.0,1.0,1.0,1.0
2023-04-28,4837,1.0,1.0,1.0,1.0,1.0
2023-05-04,4828,1.0,1.0,1.0,1.0,1.0
2023-05-05,4845,1.0,1.0,1.0,1.0,1.0
2023-05-08,4846,1.0,1.0,1.0,1.0,1.0
2023-05-09,4842,1.0,1.0,1.0,1.0,1.0
2023-05-10,4845,1.0,1.0,1.0,1.0,1.0
2023-05-11,4848,1.0,1.0,1.0,1.0,1.0
2023-05-12,4850,1.0,1.0,1.0,1.0,1.0
2023-05-15,4850,1.0,1.0,1.0,1.0,1.0
2023-05-16,4854,1.0,1.0,1.0,1.0,1.0
2023-05-17,4857,1.0,1.0,1.0,1.0,1.0
2023-05-18,4859,1.0,1.0,1.0,1.0,1.0
2023-05-19,4863,1.0,1.0,1.0,1.0,1.0
2023-05-22,4864,1.0,1.0,1.0,1.0,1.0
2023-05-23,4867,1.0,1.0,1.0,1.0,1.0
2023-05-24,4870,1.0,1.0,1.0,1.0,1.0
2023-05-25,4871,1.0,1.0,1.0,1.0,1.0
2023-05-26,4871,1.0,1.0,1.0,1.0,1.0
2023-05-29,4868,1.0,1.0,1.0,1.0,1.0
2023-05-30,4869,1.0,1.0,1.0,1.0,1.0
2023-05-31,4869,1.0,1.0,1.0,1.0,1.0
2023-06-01,4871,1.0,1.0,1.0,1.0,1.0
2023-06-02,4873,1.0,1.0,1.0,1.0,1.0
2023-06-05,4874,1.0,1.0,1.0,1.0,1.0
2023-06-06,4875,1.0,1.0,1.0,1.0,1.0
2023-06-07,4875,1.0,1.0,1.0,1.0,1.0
2023-06-08,4874,1.0,1.0,1.0,1.0,1.0
2023-06-09,4879,1.0,1.0,1.0,1.0,1.0
2023-06-12,4880,1.0,1.0,1.0,1.0,1.0
2023-06-13,4879,1.0,1.0,1.0,1.0,1.0
2023-06-14,4879,1.0,1.0,1.0,1.0,1.0
2023-06-15,4880,1.0,1.0,1.0,1.0,1.0
2023-06-16,4880,1.0,1.0,1.0,1.0,1.0
2023-06-19,4883,1.0,1.0,1.0,1.0,1.0
2023-06-20,4884,1.0,1.0,1.0,1.0,1.0
2023-06-21,4890,1.0,1.0,1.0,1.0,1.0
2023-06-26,4890,1.0,1.0,1.0,1.0,1.0
2023-06-27,4892,1.0,1.0,1.0,1.0,1.0
2023-06-28,4898,1.0,1.0,1.0,1.0,1.0
2023-06-29,4899,1.0,1.0,1.0,1.0,1.0
2023-06-30,4903,1.0,1.0,1.0,1.0,1.0
2023-07-03,4904,1.0,1.0,1.0,1.0,1.0
2023-07-04,4905,1.0,1.0,1.0,1.0,1.0
2023-07-05,4908,1.0,1.0,1.0,1.0,1.0
2023-07-06,4909,1.0,1.0,1.0,1.0,1.0
2023-07-07,4912,1.0,1.0,1.0,1.0,1.0
2023-07-10,4913,1.0,1.0,1.0,1.0,1.0
2023-07-11,4912,1.0,1.0,1.0,1.0,1.0
2023-07-12,4917,1.0,1.0,1.0,1.0,1.0
2023-07-13,4919,1.0,1.0,1.0,1.0,1.0
2023-07-14,4920,1.0,1.0,1.0,1.0,1.0
2023-07-17,4923,1.0,1.0,1.0,1.0,1.0
2023-07-18,4923,1.0,1.0,1.0,1.0,1.0
2023-07-19,4927,1.0,1.0,1.0,1.0,1.0
2023-07-20,4929,1.0,1.0,1.0,1.0,1.0
2023-07-21,4929,1.0,1.0,1.0,1.0,1.0
2023-07-24,4930,1.0,1.0,1.0,1.0,1.0
2023-07-25,4933,1.0,1.0,1.0,1.0,1.0
2023-07-26,4936,1.0,1.0,1.0,1.0,1.0
2023-07-27,4936,1.0,1.0,1.0,1.0,1.0
2023-07-28,4938,1.0,1.0,1.0,1.0,1.0
2023-07-31,4939,1.0,1.0,1.0,1.0,1.0
2023-08-01,4940,1.0,1.0,1.0,1.0,1.0
2023-08-02,4940,1.0,1.0,1.0,1.0,1.0
2023-08-03,4943,1.0,1.0,1.0,1.0,1.0
2023-08-04,4944,1.0,1.0,1.0,1.0,1.0
2023-08-07,4945,1.0,1.0,1.0,1.0,1.0
2023-08-08,4946,1.0,1.0,1.0,1.0,1.0
2023-08-09,4949,1.0,1.0,1.0,1.0,1.0
2023-08-10,4951,1.0,1.0,1.0,1.0,1.0
2023-08-11,4952,1.0,1.0,1.0,1.0,1.0
2023-08-14,4951,1.0,1.0,1.0,1.0,1.0
2023-08-15,4953,1.0,1.0,1.0,1.0,1.0
2023-08-16,4955,1.0,1.0,1.0,1.0,1.0
2023-08-17,4956,1.0,1.0,1.0,1.0,1.0
2023-08-18,4958,1.0,1.0,1.0,1.0,1.0
2023-08-21,4958,1.0,1.0,1.0,1.0,1.0
2023-08-22,4959,1.0,1.0,1.0,1.0,1.0
2023-08-23,4962,1.0,1.0,1.0,1.0,1.0
2023-08-24,4962,1.0,1.0,1.0,1.0,1.0
2023-08-25,4963,1.0,1.0,1.0,1.0,1.0
2023-08-28,4965,1.0,1.0,1.0,1.0,1.0
2023-08-29,4964,1.0,1.0,1.0,1.0,1.0
2023-08-30,4965,1.0,1.0,1.0,1.0,1.0
2023-08-31,4965,1.0,1.0,1.0,1.0,1.0
2023-09-01,4966,1.0,1.0,1.0,1.0,1.0
2023-09-04,4965,1.0,1.0,1.0,1.0,1.0
2023-09-05,4968,1.0,1.0,1.0,1.0,1.0
2023-09-06,4969,1.0,1.0,1.0,1.0,1.0
2023-09-07,4969,1.0,1.0,1.0,1.0,1.0
2023-09-08,4970,1.0,1.0,1.0,1.0,1.0
2023-09-11,4971,1.0,1.0,1.0,1.0,1.0
2023-09-12,4972,1.0,1.0,1.0,1.0,1.0
2023-09-13,4972,1.0,1.0,1.0,1.0,1.0
2023-09-14,4973,1.0,1.0,1.0,1.0,1.0
2023-09-15,4973,1.0,1.0,1.0,1.0,1.0
2023-09-18,4973,1.0,1.0,1.0,1.0,1.0
2023-09-19,4973,1.0,1.0,1.0,1.0,1.0
2023-09-20,4975,1.0,1.0,1.0,1.0,1.0
2023-09-21,4976,1.0,1.0,1.0,1.0,1.0
2023-09-22,4977,1.0,1.0,1.0,1.0,1.0
2023-09-25,4978,1.0,1.0,1.0,1.0,1.0
2023-09-26,4978,1.0,1.0,1.0,1.0,1.0
2023-09-27,4978,1.0,1.0,1.0,1.0,1.0
2023-09-28,4977,1.0,1.0,1.0,1.0,1.0
2023-10-09,4977,1.0,1.0,1.0,1.0,1.0
2023-10-10,4980,1.0,1.0,1.0,1.0,1.0
2023-10-11,4980,1.0,1.0,1.0,1.0,1.0
2023-10-12,4980,1.0,1.0,1.0,1.0,1.0
2023-10-13,4980,1.0,1.0,1.0,1.0,1.0
2023-10-16,4981,1.0,1.0,1.0,1.0,1.0
2023-10-17,4983,1.0,1.0,1.0,1.0,1.0
2023-10-18,4982,1.0,1.0,1.0,1.0,1.0
2023-10-19,4984,1.0,1.0,1.0,1.0,1.0
2023-10-20,4985,1.0,1.0,1.0,1.0,1.0
2023-10-23,4986,1.0,1.0,1.0,1.0,1.0
2023-10-24,4986,1.0,1.0,1.0,1.0,1.0
2023-10-25,4987,1.0,1.0,1.0,1.0,1.0
2023-10-26,4987,1.0,1.0,1.0,1.0,1.0
2023-10-27,4987,1.0,1.0,1.0,1.0,1.0
2023-10-30,4986,1.0,1.0,1.0,1.0,1.0
2023-10-31,4989,1.0,1.0,1.0,1.0,1.0
2023-11-01,4991,1.0,1.0,1.0,1.0,1.0
2023-11-02,4990,1.0,1.0,1.0,1.0,1.0
2023-11-03,4992,1.0,1.0,1.0,1.0,1.0
2023-11-06,4986,1.0,1.0,1.0,1.0,1.0
2023-11-07,4989,1.0,1.0,1.0,1.0,1.0
2023-11-08,4991,1.0,1.0,1.0,1.0,1.0
2023-11-09,4990,1.0,1.0,1.0,1.0,1.0
2023-11-10,4990,1.0,1.0,1.0,1.0,1.0
2023-11-13,4992,1.0,1.0,1.0,1.0,1.0
2023-11-14,4992,1.0,1.0,1.0,1.0,1.0
2023-11-15,4991,1.0,1.0,1.0,1.0,1.0
2023-11-16,4990,1.0,1.0,1.0,1.0,1.0
2023-11-17,4992,1.0,1.0,1.0,1.0,1.0
2023-11-20,4994,1.0,1.0,1.0,1.0,1.0
2023-11-21,4995,1.0,1.0,1.0,1.0,1.0
2023-11-22,4995,1.0,1.0,1.0,1.0,1.0
2023-11-23,4996,1.0,1.0,1.0,1.0,1.0
2023-11-24,4997,1.0,1.0,1.0,1.0,1.0
2023-11-27,4997,1.0,1.0,1.0,1.0,1.0
2023-11-28,4997,1.0,1.0,1.0,1.0,1.0
2023-11-29,4999,1.0,1.0,1.0,1.0,1.0
2023-11-30,4998,1.0,1.0,1.0,1.0,1.0
2023-12-01,4999,1.0,1.0,1.0,1.0,1.0
2023-12-04,4998,1.0,1.0,1.0,1.0,1.0
2023-12-05,4999,1.0,1.0,1.0,1.0,1.0
2023-12-06,5000,1.0,1.0,1.0,1.0,1.0
2023-12-07,4999,1.0,1.0,1.0,1.0,1.0
2023-12-08,5002,1.0,1.0,1.0,1.0,1.0
2023-12-11,5002,1.0,1.0,1.0,1.0,1.0
2023-12-12,5002,1.0,1.0,1.0,1.0,1.0
2023-12-13,5004,1.0,1.0,1.0,1.0,1.0
2023-12-14,5004,1.0,1.0,1.0,1.0,1.0
2023-12-15,5004,1.0,1.0,1.0,1.0,1.0
2023-12-18,5004,1.0,1.0,1.0,1.0,1.0
2023-12-19,5001,1.0,1.0,1.0,1.0,1.0
2023-12-20,5004,1.0,1.0,1.0,1.0,1.0
2023-12-21,5004,1.0,1.0,1.0,1.0,1.0
2023-12-22,5004,1.0,1.0,1.0,1.0,1.0
2023-12-25,5005,1.0,1.0,1.0,1.0,1.0
2023-12-26,5007,1.0,1.0,1.0,1.0,1.0
2023-12-27,5009,1.0,1.0,1.0,1.0,1.0
2023-12-28,5007,1.0,1.0,1.0,1.0,1.0
2023-12-29,5010,1.0,1.0,1.0,1.0,1.0
2024-01-02,5010,1.0,1.0,1.0,1.0,1.0
2024-01-03,5011,1.0,1.0,1.0,1.0,1.0
2024-01-04,5011,1.0,1.0,1.0,1.0,1.0
2024-01-05,5012,1.0,1.0,1.0,1.0,1.0
2024-01-08,5012,1.0,1.0,1.0,1.0,1.0
2024-01-09,5012,1.0,1.0,1.0,1.0,1.0
2024-01-10,5014,1.0,1.0,1.0,1.0,1.0
2024-01-11,5015,1.0,1.0,1.0,1.0,1.0
2024-01-12,5013,1.0,1.0,1.0,1.0,1.0
2024-01-15,5014,1.0,1.0,1.0,1.0,1.0
2024-01-16,5016,1.0,1.0,1.0,1.0,1.0
2024-01-17,5016,1.0,1.0,1.0,1.0,1.0
2024-01-18,5018,1.0,1.0,1.0,1.0,1.0
2024-01-19,5019,1.0,1.0,1.0,1.0,1.0
2024-01-22,5020,1.0,1.0,1.0,1.0,1.0
2024-01-23,5020,1.0,1.0,1.0,1.0,1.0
2024-01-24,5022,1.0,1.0,1.0,1.0,1.0
2024-01-25,5023,1.0,1.0,1.0,1.0,1.0
2024-01-26,5022,1.0,1.0,1.0,1.0,1.0
2024-01-29,5023,1.0,1.0,1.0,1.0,1.0
2024-01-30,5023,1.0,1.0,1.0,1.0,1.0
2024-01-31,5023,1.0,1.0,1.0,1.0,1.0
2024-02-01,5023,1.0,1.0,1.0,1.0,1.0
2024-02-02,5023,1.0,1.0,1.0,1.0,1.0
2024-02-05,5023,1.0,1.0,1.0,1.0,1.0
2024-02-06,5025,1.0,1.0,1.0,1.0,1.0
2024-02-07,5026,1.0,1.0,1.0,1.0,1.0
2024-02-08,5028,1.0,1.0,1.0,1.0,1.0
2024-02-19,5028,1.0,1.0,1.0,1.0,1.0
2024-02-20,5028,1.0,1.0,1.0,1.0,1.0
2024-02-21,5028,1.0,1.0,1.0,1.0,1.0
2024-02-22,5028,1.0,1.0,1.0,1.0,1.0
2024-02-23,5027,1.0,1.0,1.0,1.0,1.0
2024-02-26,5026,1.0,1.0,1.0,1.0,1.0
2024-02-27,5027,1.0,1.0,1.0,1.0,1.0
2024-02-28,5027,1.0,1.0,1.0,1.0,1.0
2024-02-29,5027,1.0,1.0,1.0,1.0,1.0
2024-03-01,5028,1.0,1.0,1.0,1.0,1.0
2024-03-04,5028,1.0,1.0,1.0,1.0,1.0
2024-03-05,5028,1.0,1.0,1.0,1.0,1.0
2024-03-06,5027,1.0,1.0,1.0,1.0,1.0
2024-03-07,5027,1.0,1.0,1.0,1.0,1.0
2024-03-08,5028,1.0,1.0,1.0,1.0,1.0
2024-03-11,5027,1.0,1.0,1.0,1.0,1.0
2024-03-12,5029,1.0,1.0,1.0,1.0,1.0
2024-03-13,5031,1.0,1.0,1.0,1.0,1.0
2024-03-14,5031,1.0,1.0,1.0,1.0,1.0
2024-03-15,5030,1.0,1.0,1.0,1.0,1.0
2024-03-18,5029,1.0,1.0,1.0,1.0,1.0
2024-03-19,5031,1.0,1.0,1.0,1.0,1.0
2024-03-20,5032,1.0,1.0,1.0,1.0,1.0
2024-03-21,5032,1.0,1.0,1.0,1.0,1.0
2024-03-22,5032,1.0,1.0,1.0,1.0,1.0
2024-03-25,5032,1.0,1.0,1.0,1.0,1.0
2024-03-26,5032,1.0,1.0,1.0,1.0,1.0
2024-03-27,5033,1.0,1.0,1.0,1.0,1.0
2024-03-28,5034,1.0,1.0,1.0,1.0,1.0
2024-03-29,5033,1.0,1.0,1.0,1.0,1.0
2024-04-01,5035,1.0,1.0,1.0,1.0,1.0
2024-04-02,5036,1.0,1.0,1.0,1.0,1.0
2024-04-03,5035,1.0,1.0,1.0,1.0,1.0
2024-04-08,5037,1.0,1.0,1.0,1.0,1.0
2024-04-09,5038,1.0,1.0,1.0,1.0,1.0
2024-04-10,5038,1.0,1.0,1.0,1.0,1.0
2024-04-11,5039,1.0,1.0,1.0,1.0,1.0
2024-04-12,5039,1.0,1.0,1.0,1.0,1.0
2024-04-15,5039,1.0,1.0,1.0,1.0,1.0
2024-04-16,5039,1.0,1.0,1.0,1.0,1.0
2024-04-17,5038,1.0,1.0,1.0,1.0,1.0
2024-04-18,5038,1.0,1.0,1.0,1.0,1.0
2024-04-19,5038,1.0,1.0,1.0,1.0,1.0
2024-04-22,5037,1.0,1.0,1.0,1.0,1.0
2024-04-23,5036,1.0,1.0,1.0,1.0,1.0
2024-04-24,5036,1.0,1.0,1.0,1.0,1.0
2024-04-25,5035,1.0,1.0,1.0,1.0,1.0
2024-04-26,5028,1.0,1.0,1.0,1.0,1.0
2024-04-29,5025,1.0,1.0,1.0,1.0,1.0
2024-04-30,5014,1.0,1.0,1.0,1.0,1.0
2024-05-06,5037,1.0,1.0,1.0,1.0,1.0
2024-05-07,5037,1.0,1.0,1.0,1.0,1.0
2024-05-08,5035,1.0,1.0,1.0,1.0,1.0
2024-05-09,5038,1.0,1.0,1.0,1.0,1.0
2024-05-10,5038,1.0,1.0,1.0,1.0,1.0
2024-05-13,5037,1.0,1.0,1.0,1.0,1.0
2024-05-14,5040,1.0,1.0,1.0,1.0,1.0
2024-05-15,5041,1.0,1.0,1.0,1.0,1.0
2024-05-16,5041,1.0,1.0,1.0,1.0,1.0
2024-05-17,5042,1.0,1.0,1.0,1.0,1.0
2024-05-20,5038,1.0,1.0,1.0,1.0,1.0
2024-05-21,5041,1.0,1.0,1.0,1.0,1.0
2024-05-22,5042,1.0,1.0,1.0,1.0,1.0
2024-05-23,5042,1.0,1.0,1.0,1.0,1.0
2024-05-24,5042,1.0,1.0,1.0,1.0,1.0
2024-05-27,5040,1.0,1.0,1.0,1.0,1.0
2024-05-28,5040,1.0,1.0,1.0,1.0,1.0
2024-05-29,5039,1.0,1.0,1.0,1.0,1.0
2024-05-30,5039,1.0,1.0,1.0,1.0,1.0
2024-05-31,5039,1.0,1.0,1.0,1.0,1.0
2024-06-03,5040,1.0,1.0,1.0,1.0,1.0
2024-06-04,5038,1.0,1.0,1.0,1.0,1.0
2024-06-05,5041,1.0,1.0,1.0,1.0,1.0
2024-06-06,5041,1.0,1.0,1.0,1.0,1.0
2024-06-07,5038,1.0,1.0,1.0,1.0,1.0
2024-06-11,5038,1.0,1.0,1.0,1.0,1.0
2024-06-12,5042,1.0,1.0,1.0,1.0,1.0
2024-06-13,5043,1.0,1.0,1.0,1.0,1.0
2024-06-14,5045,1.0,1.0,1.0,1.0,1.0
2024-06-17,5044,1.0,1.0,1.0,1.0,1.0
2024-06-18,5044,1.0,1.0,1.0,1.0,1.0
2024-06-19,5045,1.0,1.0,1.0,1.0,1.0
2024-06-20,5045,1.0,1.0,1.0,1.0,1.0
2024-06-21,5045,1.0,1.0,1.0,1.0,1.0
2024-06-24,5046,1.0,1.0,1.0,1.0,1.0
2024-06-25,5041,1.0,1.0,1.0,1.0,1.0
2024-06-26,5048,1.0,1.0,1.0,1.0,1.0
2024-06-27,5046,1.0,1.0,1.0,1.0,1.0
2024-06-28,5048,1.0,1.0,1.0,1.0,1.0
2024-07-01,5046,1.0,1.0,1.0,1.0,1.0
2024-07-02,5047,1.0,1.0,1.0,1.0,1.0
2024-07-03,5048,1.0,1.0,1.0,1.0,1.0
2024-07-04,5049,1.0,1.0,1.0,1.0,1.0
2024-07-05,5049,1.0,1.0,1.0,1.0,1.0
2024-07-08,5046,1.0,1.0,1.0,1.0,1.0
2024-07-09,5048,1.0,1.0,1.0,1.0,1.0
2024-07-10,5050,1.0,1.0,1.0,1.0,1.0
2024-07-11,5050,1.0,1.0,1.0,1.0,1.0
2024-07-12,5050,1.0,1.0,1.0,1.0,1.0
2024-07-15,5051,1.0,1.0,1.0,1.0,1.0
2024-07-16,5051,1.0,1.0,1.0,1.0,1.0
2024-07-17,5049,1.0,1.0,1.0,1.0,1.0
2024-07-18,5049,1.0,1.0,1.0,1.0,1.0
2024-07-19,5048,1.0,1.0,1.0,1.0,1.0
2024-07-22,5049,1.0,1.0,1.0,1.0,1.0
2024-07-23,5049,1.0,1.0,1.0,1.0,1.0
2024-07-24,5049,1.0,1.0,1.0,1.0,1.0
2024-07-25,5048,1.0,1.0,1.0,1.0,1.0
2024-07-26,5051,1.0,1.0,1.0,1.0,1.0
2024-07-29,5050,1.0,1.0,1.0,1.0,1.0
2024-07-30,5051,1.0,1.0,1.0,1.0,1.0
2024-07-31,5051,1.0,1.0,1.0,1.0,1.0
2024-08-01,5050,1.0,1.0,1.0,1.0,1.0
2024-08-02,5052,1.0,1.0,1.0,1.0,1.0
2024-08-05,5052,1.0,1.0,1.0,1.0,1.0
2024-08-06,5054,1.0,1.0,1.0,1.0,1.0
2024-08-07,5054,1.0,1.0,1.0,1.0,1.0
2024-08-08,5055,1.0,1.0,1.0,1.0,1.0
2024-08-09,5055,1.0,1.0,1.0,1.0,1.0
2024-08-12,5055,1.0,1.0,1.0,1.0,1.0
2024-08-13,5055,1.0,1.0,1.0,1.0,1.0
2024-08-14,5056,1.0,1.0,1.0,1.0,1.0
2024-08-15,5057,1.0,1.0,1.0,1.0,1.0
2024-08-16,5058,1.0,1.0,1.0,1.0,1.0
2024-08-19,5057,1.0,1.0,1.0,1.0,1.0
2024-08-20,5058,1.0,1.0,1.0,1.0,1.0
2024-08-21,5059,1.0,1.0,1.0,1.0,1.0
2024-08-22,5058,1.0,1.0,1.0,1.0,1.0
2024-08-23,5057,1.0,1.0,1.0,1.0,1.0
2024-08-26,5059,1.0,1.0,1.0,1.0,1.0
2024-08-27,5058,1.0,1.0,1.0,1.0,1.0
2024-08-28,5058,1.0,1.0,1.0,1.0,1.0
2024-08-29,5057,1.0,1.0,1.0,1.0,1.0
2024-08-30,5057,1.0,1.0,1.0,1.0,1.0
2024-09-02,5056,1.0,1.0,1.0,1.0,1.0
2024-09-03,5058,1.0,1.0,1.0,1.0,1.0
2024-09-04,5059,1.0,1.0,1.0,1.0,1.0
2024-09-05,5059,1.0,1.0,1.0,1.0,1.0
2024-09-06,5060,1.0,1.0,1.0,1.0,1.0
2024-09-09,5057,1.0,1.0,1.0,1.0,1.0
2024-09-10,5057,1.0,1.0,1.0,1.0,1.0
2024-09-11,5061,1.0,1.0,1.0,1.0,1.0
2024-09-12,5061,1.0,1.0,1.0,1.0,1.0
2024-09-13,5061,1.0,1.0,1.0,1.0,1.0
2024-09-18,5057,1.0,1.0,1.0,1.0,1.0
2024-09-19,5061,1.0,1.0,1.0,1.0,1.0
2024-09-20,5061,1.0,1.0,1.0,1.0,1.0
2024-09-23,5062,1.0,1.0,1.0,1.0,1.0
2024-09-24,5063,1.0,1.0,1.0,1.0,1.0
2024-09-25,5065,1.0,1.0,1.0,1.0,1.0
2024-09-26,5066,1.0,1.0,1.0,1.0,1.0
2024-09-27,5066,1.0,1.0,1.0,1.0,1.0
2024-09-30,5063,1.0,1.0,1.0,1.0,1.0
2024-10-08,5059,1.0,1.0,1.0,1.0,1.0
2024-10-09,5059,1.0,1.0,1.0,1.0,1.0
2024-10-10,5060,1.0,1.0,1.0,1.0,1.0
2024-10-11,5060,1.0,1.0,1.0,1.0,1.0
2024-10-14,5061,1.0,1.0,1.0,1.0,1.0
2024-10-15,5062,1.0,1.0,1.0,1.0,1.0
2024-10-16,5065,1.0,1.0,1.0,1.0,1.0
2024-10-17,5068,1.0,1.0,1.0,1.0,1.0
2024-10-18,5067,1.0,1.0,1.0,1.0,1.0
2024-10-21,5067,1.0,1.0,1.0,1.0,1.0
2024-10-22,5067,1.0,1.0,1.0,1.0,1.0
2024-10-23,5064,1.0,1.0,1.0,1.0,1.0
2024-10-24,5066,1.0,1.0,1.0,1.0,1.0
2024-10-25,5066,1.0,1.0,1.0,1.0,1.0
2024-10-28,5062,1.0,1.0,1.0,1.0,1.0
2024-10-29,5063,1.0,1.0,1.0,1.0,1.0
2024-10-30,5061,1.0,1.0,1.0,1.0,1.0
2024-10-31,5064,1.0,1.0,1.0,1.0,1.0
2024-11-01,5062,1.0,1.0,1.0,1.0,1.0
2024-11-04,5063,1.0,1.0,1.0,1.0,1.0
2024-11-05,5066,1.0,1.0,1.0,1.0,1.0
2024-11-06,5067,1.0,1.0,1.0,1.0,1.0
2024-11-07,5067,1.0,1.0,1.0,1.0,1.0
2024-11-08,5069,1.0,1.0,1.0,1.0,1.0
2024-11-11,5064,1.0,1.0,1.0,1.0,1.0
2024-11-12,5065,1.0,1.0,1.0,1.0,1.0
2024-11-13,5065,1.0,1.0,1.0,1.0,1.0
2024-11-14,5066,1.0,1.0,1.0,1.0,1.0
2024-11-15,5068,1.0,1.0,1.0,1.0,1.0
2024-11-18,5065,1.0,1.0,1.0,1.0,1.0
2024-11-19,5067,1.0,1.0,1.0,1.0,1.0
2024-11-20,5070,1.0,1.0,1.0,1.0,1.0
2024-11-21,5070,1.0,1.0,1.0,1.0,1.0
2024-11-22,5072,1.0,1.0,1.0,1.0,1.0
2024-11-25,5071,1.0,1.0,1.0,1.0,1.0
2024-11-26,5073,1.0,1.0,1.0,1.0,1.0
2024-11-27,5072,1.0,1.0,1.0,1.0,1.0
2024-11-28,5070,1.0,1.0,1.0,1.0,1.0
2024-11-29,5075,1.0,1.0,1.0,1.0,1.0
2024-12-02,5073,1.0,1.0,1.0,1.0,1.0
2024-12-03,5073,1.0,1.0,1.0,1.0,1.0
2024-12-04,5073,1.0,1.0,1.0,1.0,1.0
2024-12-05,5076,1.0,1.0,1.0,1.0,1.0
2024-12-06,5074,1.0,1.0,1.0,1.0,1.0
2024-12-09,5072,1.0,1.0,1.0,1.0,1.0
2024-12-10,5074,1.0,1.0,1.0,1.0,1.0
2024-12-11,5075,1.0,1.0,1.0,1.0,1.0
2024-12-12,5076,1.0,1.0,1.0,1.0,1.0
2024-12-13,5076,1.0,1.0,1.0,1.0,1.0
2024-12-16,5080,1.0,1.0,1.0,1.0,1.0
2024-12-17,5077,1.0,1.0,1.0,1.0,1.0
2024-12-18,5078,1.0,1.0,1.0,1.0,1.0
2024-12-19,5077,1.0,1.0,1.0,1.0,1.0
2024-12-20,5081,1.0,1.0,1.0,1.0,1.0
2024-12-23,5079,1.0,1.0,1.0,1.0,1.0
2024-12-24,5079,1.0,1.0,1.0,1.0,1.0
2024-12-25,5076,1.0,1.0,1.0,1.0,1.0
2024-12-26,5080,1.0,1.0,1.0,1.0,1.0
2024-12-27,5078,1.0,1.0,1.0,1.0,1.0
2024-12-30,5075,1.0,1.0,1.0,1.0,1.0
2024-12-31,5078,1.0,1.0,1.0,1.0,1.0
2025-01-02,5076,1.0,1.0,1.0,1.0,1.0
2025-01-03,5079,1.0,1.0,1.0,1.0,1.0
2025-01-06,5079,1.0,1.0,1.0,1.0,1.0
2025-01-07,5081,1.0,1.0,1.0,1.0,1.0
2025-01-08,5081,1.0,1.0,1.0,1.0,1.0
2025-01-09,5082,1.0,1.0,1.0,1.0,1.0
2025-01-10,5083,1.0,1.0,1.0,1.0,1.0
2025-01-13,5083,1.0,1.0,1.0,1.0,1.0
2025-01-14,5086,1.0,1.0,1.0,1.0,1.0
2025-01-15,5088,1.0,1.0,1.0,1.0,1.0
2025-01-16,5088,1.0,1.0,1.0,1.0,1.0
2025-01-17,5088,1.0,1.0,1.0,1.0,1.0
2025-01-20,5087,1.0,1.0,1.0,1.0,1.0
2025-01-21,5089,1.0,1.0,1.0,1.0,1.0
2025-01-22,5093,1.0,1.0,1.0,1.0,1.0
2025-01-23,5094,1.0,1.0,1.0,1.0,1.0
2025-01-24,5091,1.0,1.0,1.0,1.0,1.0
2025-01-27,5092,1.0,1.0,1.0,1.0,1.0
2025-02-05,5094,1.0,1.0,1.0,1.0,1.0
2025-02-06,5095,1.0,1.0,1.0,1.0,1.0
2025-02-07,5095,1.0,1.0,1.0,1.0,1.0
2025-02-10,5097,1.0,1.0,1.0,1.0,1.0
2025-02-11,5096,1.0,1.0,1.0,1.0,1.0
2025-02-12,5096,1.0,1.0,1.0,1.0,1.0
2025-02-13,5097,1.0,1.0,1.0,1.0,1.0
2025-02-14,5096,1.0,1.0,1.0,1.0,1.0
2025-02-17,5100,1.0,1.0,1.0,1.0,1.0
2025-02-18,5099,1.0,1.0,1.0,1.0,1.0
2025-02-19,5099,1.0,1.0,1.0,1.0,1.0
2025-02-20,5098,1.0,1.0,1.0,1.0,1.0
2025-02-21,5100,1.0,1.0,1.0,1.0,1.0
2025-02-24,5097,1.0,1.0,1.0,1.0,1.0
2025-02-25,5095,1.0,1.0,1.0,1.0,1.0
2025-02-26,5096,1.0,1.0,1.0,1.0,1.0
2025-02-27,5094,1.0,1.0,1.0,1.0,1.0
2025-02-28,5095,1.0,1.0,1.0,1.0,1.0
2025-03-03,5093,1.0,1.0,1.0,1.0,1.0
2025-03-04,5095,1.0,1.0,1.0,1.0,1.0
2025-03-05,5094,1.0,1.0,1.0,1.0,1.0
2025-03-06,5092,1.0,1.0,1.0,1.0,1.0
2025-03-07,5092,1.0,1.0,1.0,1.0,1.0
2025-03-10,5092,1.0,1.0,1.0,1.0,1.0
2025-03-11,5095,1.0,1.0,1.0,1.0,1.0
2025-03-12,5094,1.0,1.0,1.0,1.0,1.0
2025-03-13,5096,1.0,1.0,1.0,1.0,1.0
2025-03-14,5096,1.0,1.0,1.0,1.0,1.0
2025-03-17,5093,1.0,1.0,1.0,1.0,1.0
2025-03-18,5099,1.0,1.0,1.0,1.0,1.0
2025-03-19,5097,1.0,1.0,1.0,1.0,1.0
2025-03-20,5099,1.0,1.0,1.0,1.0,1.0
2025-03-21,5100,1.0,1.0,1.0,1.0,1.0
2025-03-24,5100,1.0,1.0,1.0,1.0,1.0
2025-03-25,5103,1.0,1.0,1.0,1.0,1.0
2025-03-26,5104,1.0,1.0,1.0,1.0,1.0
2025-03-27,5106,1.0,1.0,1.0,1.0,1.0
2025-03-28,5105,1.0,1.0,1.0,1.0,1.0
2025-03-31,5106,1.0,1.0,1.0,1.0,1.0
2025-04-01,5107,1.0,1.0,1.0,1.0,1.0
2025-04-02,5109,1.0,1.0,1.0,1.0,1.0
2025-04-03,5109,1.0,1.0,1.0,1.0,1.0
2025-04-07,5107,1.0,1.0,1.0,1.0,1.0
2025-04-08,5108,1.0,1.0,1.0,1.0,1.0
2025-04-09,5111,1.0,1.0,1.0,1.0,1.0
2025-04-10,5111,1.0,1.0,1.0,1.0,1.0
2025-04-11,5111,1.0,1.0,1.0,1.0,1.0
2025-04-14,5110,1.0,1.0,1.0,1.0,1.0
2025-04-15,5109,1.0,1.0,1.0,1.0,1.0
2025-04-16,5113,1.0,1.0,1.0,1.0,1.0
2025-04-17,5113,1.0,1.0,1.0,1.0,1.0
2025-04-18,5112,1.0,1.0,1.0,1.0,1.0
2025-04-21,5112,1.0,1.0,1.0,1.0,1.0
2025-04-22,5110,1.0,1.0,1.0,1.0,1.0
2025-04-23,5112,1.0,1.0,1.0,1.0,1.0
2025-04-24,5113,1.0,1.0,1.0,1.0,1.0
2025-04-25,5113,1.0,1.0,1.0,1.0,1.0
2025-04-28,5107,1.0,1.0,1.0,1.0,1.0
2025-04-29,5082,1.0,1.0,1.0,1.0,1.0
2025-04-30,5091,1.0,1.0,1.0,1.0,1.0
2025-05-06,5114,1.0,1.0,1.0,1.0,1.0
2025-05-07,5116,1.0,1.0,1.0,1.0,1.0
2025-05-08,5117,1.0,1.0,1.0,1.0,1.0
2025-05-09,5117,1.0,1.0,1.0,1.0,1.0
2025-05-12,5117,1.0,1.0,1.0,1.0,1.0
2025-05-13,5118,1.0,1.0,1.0,1.0,1.0
2025-05-14,5118,1.0,1.0,1.0,1.0,1.0
2025-05-15,5117,1.0,1.0,1.0,1.0,1.0
2025-05-16,5118,1.0,1.0,1.0,1.0,1.0
2025-05-19,5115,1.0,1.0,1.0,1.0,1.0
2025-05-20,5121,1.0,1.0,1.0,1.0,1.0
2025-05-21,5117,1.0,1.0,1.0,1.0,1.0
2025-05-22,5114,1.0,1.0,1.0,1.0,1.0
2025-05-23,5116,1.0,1.0,1.0,1.0,1.0
2025-05-26,5114,1.0,1.0,1.0,1.0,1.0
2025-05-27,5114,1.0,1.0,1.0,1.0,1.0
2025-05-28,5112,1.0,1.0,1.0,1.0,1.0
2025-05-29,5115,1.0,1.0,1.0,1.0,1.0
2025-05-30,5114,1.0,1.0,1.0,1.0,1.0
2025-06-03,5110,1.0,1.0,1.0,1.0,1.0
2025-06-04,5116,1.0,1.0,1.0,1.0,1.0
2025-06-05,5118,1.0,1.0,1.0,1.0,1.0
2025-06-06,5120,1.0,1.0,1.0,1.0,1.0
2025-06-09,5116,1.0,1.0,1.0,1.0,1.0
2025-06-10,5120,1.0,1.0,1.0,1.0,1.0
2025-06-11,5123,1.0,1.0,1.0,1.0,1.0
2025-06-12,5123,1.0,1.0,1.0,1.0,1.0
2025-06-13,5122,1.0,1.0,1.0,1.0,1.0
2025-06-16,5124,1.0,1.0,1.0,1.0,1.0
2025-06-17,5129,1.0,1.0,1.0,1.0,1.0
2025-06-18,5129,1.0,1.0,1.0,1.0,1.0
2025-06-19,5128,1.0,1.0,1.0,1.0,1.0
2025-06-20,5129,1.0,1.0,1.0,1.0,1.0
2025-06-23,5124,1.0,1.0,1.0,1.0,1.0
2025-06-24,5127,1.0,1.0,1.0,1.0,1.0
2025-06-25,5127,1.0,1.0,1.0,1.0,1.0
2025-06-26,5129,1.0,1.0,1.0,1.0,1.0
2025-06-27,5126,1.0,1.0,1.0,1.0,1.0
2025-06-30,5124,1.0,1.0,1.0,1.0,1.0
2025-07-01,5125,1.0,1.0,1.0,1.0,1.0
2025-07-02,5124,1.0,1.0,1.0,1.0,1.0
2025-07-03,5124,1.0,1.0,1.0,1.0,1.0
2025-07-04,5126,1.0,1.0,1.0,1.0,1.0
2025-07-07,5126,1.0,1.0,1.0,1.0,1.0
2025-07-08,5125,1.0,1.0,1.0,1.0,1.0
2025-07-09,5128,1.0,1.0,1.0,1.0,1.0
2025-07-10,5128,1.0,1.0,1.0,1.0,1.0
2025-07-11,5132,1.0,1.0,1.0,1.0,1.0
2025-07-14,5129,1.0,1.0,1.0,1.0,1.0
2025-07-15,5130,1.0,1.0,1.0,1.0,1.0
2025-07-16,5130,1.0,1.0,1.0,1.0,1.0
2025-07-17,5131,1.0,1.0,1.0,1.0,1.0
2025-07-18,5130,1.0,1.0,1.0,1.0,1.0
2025-07-21,5131,1.0,1.0,1.0,1.0,1.0
2025-07-22,5129,1.0,1.0,1.0,1.0,1.0
2025-07-23,5133,1.0,1.0,1.0,1.0,1.0
2025-07-24,5132,1.0,1.0,1.0,1.0,1.0
2025-07-25,5134,1.0,1.0,1.0,1.0,1.0
2025-07-28,5135,1.0,1.0,1.0,1.0,1.0
2025-07-29,5139,1.0,1.0,1.0,1.0,1.0
2025-07-30,5139,1.0,1.0,1.0,1.0,1.0
2025-07-31,5134,1.0,1.0,1.0,1.0,1.0
2025-08-01,5135,1.0,1.0,1.0,1.0,1.0
2025-08-04,5132,1.0,1.0,1.0,1.0,1.0
2025-08-05,5133,1.0,1.0,1.0,1.0,1.0
2025-08-06,5135,1.0,1.0,1.0,1.0,1.0
2025-08-07,5135,1.0,1.0,1.0,1.0,1.0
2025-08-08,5136,1.0,1.0,1.0,1.0,1.0
2025-08-11,5137,1.0,1.0,1.0,1.0,1.0
2025-08-12,5140,1.0,1.0,1.0,1.0,1.0
2025-08-13,5137,1.0,1.0,1.0,1.0,1.0
2025-08-14,5138,1.0,1.0,1.0,1.0,1.0
2025-08-15,5137,1.0,1.0,1.0,1.0,1.0
2025-08-18,5135,1.0,1.0,1.0,1.0,1.0
2025-08-19,5138,1.0,1.0,1.0,1.0,1.0
2025-08-20,5135,1.0,1.0,1.0,1.0,1.0
2025-08-21,5138,1.0,1.0,1.0,1.0,1.0
2025-08-22,5138,1.0,1.0,1.0,1.0,1.0
2025-08-25,5138,1.0,1.0,1.0,1.0,1.0
2025-08-26,5139,1.0,1.0,1.0,1.0,1.0
2025-08-27,5140,1.0,1.0,1.0,1.0,1.0
2025-08-28,5140,1.0,1.0,1.0,1.0,1.0
2025-08-29,5137,1.0,1.0,1.0,1.0,1.0
2025-09-01,5137,1.0,1.0,1.0,1.0,1.0
2025-09-02,5138,1.0,1.0,1.0,1.0,1.0
2025-09-03,5140,1.0,1.0,1.0,1.0,1.0
2025-09-04,5139,1.0,1.0,1.0,1.0,1.0
2025-09-05,5140,1.0,1.0,1.0,1.0,1.0
2025-09-08,5141,1.0,1.0,1.0,1.0,1.0
2025-09-09,5142,1.0,1.0,1.0,1.0,1.0
2025-09-10,5144,1.0,1.0,1.0,1.0,1.0
2025-09-11,5142,1.0,1.0,1.0,1.0,1.0
2025-09-12,5145,1.0,1.0,1.0,1.0,1.0
2025-09-15,5143,1.0,1.0,1.0,1.0,1.0
2025-09-16,5144,1.0,1.0,1.0,1.0,1.0
2025-09-17,5143,1.0,1.0,1.0,1.0,1.0
2025-09-18,5142,1.0,1.0,1.0,1.0,1.0
2025-09-19,5143,1.0,1.0,1.0,1.0,1.0
2025-09-22,5139,1.0,1.0,1.0,1.0,1.0
2025-09-23,5144,1.0,1.0,1.0,1.0,1.0
2025-09-24,5142,1.0,1.0,1.0,1.0,1.0
2025-09-25,5145,1.0,1.0,1.0,1.0,1.0
2025-09-26,5145,1.0,1.0,1.0,1.0,1.0
2025-09-29,5140,1.0,1.0,1.0,1.0,1.0
2025-09-30,5143,1.0,1.0,1.0,1.0,1.0
2025-10-09,5139,1.0,1.0,1.0,1.0,1.0
2025-10-10,5141,1.0,1.0,1.0,1.0,1.0
2025-10-13,5143,1.0,1.0,1.0,1.0,1.0
2025-10-14,5144,1.0,1.0,1.0,1.0,1.0
2025-10-15,5144,1.0,1.0,1.0,1.0,1.0
2025-10-16,5147,1.0,1.0,1.0,1.0,1.0
2025-10-17,5150,1.0,1.0,1.0,1.0,1.0
2025-10-20,5149,1.0,1.0,1.0,1.0,1.0
2025-10-21,5148,1.0,1.0,1.0,1.0,1.0
2025-10-22,5148,1.0,1.0,1.0,1.0,1.0
2025-10-23,5150,1.0,1.0,1.0,1.0,1.0
2025-10-24,5151,1.0,1.0,1.0,1.0,1.0
2025-10-27,5150,1.0,1.0,1.0,1.0,1.0
2025-10-28,5150,1.0,1.0,1.0,1.0,1.0
2025-10-29,5150,1.0,1.0,1.0,1.0,1.0
2025-10-30,5149,1.0,1.0,1.0,1.0,1.0
2025-10-31,5150,1.0,1.0,1.0,1.0,1.0
2025-11-03,5151,1.0,1.0,1.0,1.0,1.0
2025-11-04,5151,1.0,1.0,1.0,1.0,1.0
2025-11-05,5151,1.0,1.0,1.0,1.0,1.0
2025-11-06,5151,1.0,1.0,1.0,1.0,1.0
2025-11-07,5152,1.0,1.0,1.0,1.0,1.0
2025-11-10,5155,1.0,1.0,1.0,1.0,1.0
2025-11-11,5156,1.0,1.0,1.0,1.0,1.0
2025-11-12,5158,1.0,1.0,1.0,1.0,1.0
2025-11-13,5157,1.0,1.0,1.0,1.0,1.0
2025-11-14,5155,1.0,1.0,1.0,1.0,1.0
2025-11-17,5154,1.0,1.0,1.0,1.0,1.0
2025-11-18,5156,1.0,1.0,1.0,1.0,1.0
2025-11-19,5158,1.0,1.0,1.0,1.0,1.0
2025-11-20,5157,1.0,1.0,1.0,1.0,1.0
2025-11-21,5159,1.0,1.0,1.0,1.0,1.0
2025-11-24,5155,1.0,1.0,1.0,1.0,1.0
2025-11-25,5153,1.0,1.0,1.0,1.0,1.0
2025-11-26,5151,1.0,1.0,1.0,1.0,1.0
2025-11-27,5150,1.0,1.0,1.0,1.0,1.0
2025-11-28,5149,1.0,1.0,1.0,1.0,1.0
2025-12-01,5148,1.0,1.0,1.0,1.0,1.0
2025-12-02,5151,1.0,1.0,1.0,1.0,1.0
2025-12-03,5157,1.0,1.0,1.0,1.0,1.0
2025-12-04,5155,1.0,1.0,1.0,1.0,1.0
2025-12-05,5153,1.0,1.0,1.0,1.0,1.0
2025-12-08,5155,1.0,1.0,1.0,1.0,1.0
2025-12-09,5155,1.0,1.0,1.0,1.0,1.0
2025-12-10,5152,1.0,1.0,1.0,1.0,1.0
2025-12-11,5155,1.0,1.0,1.0,1.0,1.0
2025-12-12,5157,1.0,1.0,1.0,1.0,1.0
2025-12-15,5156,1.0,1.0,1.0,1.0,1.0
2025-12-16,5158,1.0,1.0,1.0,1.0,1.0
2025-12-17,5159,1.0,1.0,1.0,1.0,1.0
2025-12-18,5162,1.0,1.0,1.0,1.0,1.0
2025-12-19,5161,1.0,1.0,1.0,1.0,1.0
2025-12-22,5157,1.0,1.0,1.0,1.0,1.0
2025-12-23,5162,1.0,1.0,1.0,1.0,1.0
2025-12-24,5164,1.0,1.0,1.0,1.0,1.0
2025-12-25,5166,1.0,1.0,1.0,1.0,1.0
2025-12-26,5165,1.0,1.0,1.0,1.0,1.0
2025-12-29,5167,1.0,1.0,1.0,1.0,1.0
2025-12-30,5169,1.0,1.0,1.0,1.0,1.0
2025-12-31,5170,1.0,1.0,1.0,1.0,1.0
2026-01-05,5170,1.0,1.0,1.0,1.0,1.0
2026-01-06,5172,1.0,1.0,1.0,1.0,1.0
2026-01-07,5173,1.0,1.0,1.0,1.0,1.0
2026-01-08,5172,1.0,1.0,1.0,1.0,1.0
2026-01-09,5171,1.0,1.0,1.0,1.0,1.0
2026-01-12,5171,1.0,1.0,1.0,1.0,1.0
2026-01-13,5164,1.0,1.0,1.0,1.0,1.0
2026-01-14,5166,1.0,1.0,1.0,1.0,1.0
2026-01-15,5169,1.0,1.0,1.0,1.0,1.0
2026-01-16,5171,1.0,1.0,1.0,1.0,1.0
2026-01-19,5172,1.0,1.0,1.0,1.0,1.0
2026-01-20,5178,1.0,1.0,1.0,1.0,1.0
2026-01-21,5175,1.0,1.0,1.0,1.0,1.0
2026-01-22,5176,1.0,1.0,1.0,1.0,1.0
2026-01-23,5177,1.0,1.0,1.0,1.0,1.0
2026-01-26,5173,1.0,1.0,1.0,1.0,1.0
2026-01-27,5173,1.0,1.0,1.0,1.0,1.0
2026-01-28,5173,1.0,1.0,1.0,1.0,1.0
2026-01-29,5174,1.0,1.0,1.0,1.0,1.0
2026-01-30,5171,1.0,1.0,1.0,1.0,1.0
2026-02-02,5173,1.0,1.0,1.0,1.0,1.0
2026-02-03,5174,1.0,1.0,1.0,1.0,1.0
2026-02-04,5177,1.0,1.0,1.0,1.0,1.0
2026-02-05,5177,1.0,1.0,1.0,1.0,1.0
2026-02-06,5175,1.0,1.0,1.0,1.0,1.0
2026-02-09,5174,1.0,1.0,1.0,1.0,1.0
2026-02-10,5176,1.0,1.0,1.0,1.0,1.0
2026-02-11,5175,1.0,1.0,1.0,1.0,1.0
2026-02-12,5179,1.0,1.0,1.0,1.0,1.0
2026-02-13,5177,1.0,1.0,1.0,1.0,1.0
2026-02-24,5177,1.0,1.0,1.0,1.0,1.0
2026-02-25,5174,1.0,1.0,1.0,1.0,1.0
2026-02-26,5173,1.0,1.0,1.0,1.0,1.0
2026-02-27,5173,1.0,1.0,1.0,1.0,1.0
2026-03-02,5172,1.0,1.0,1.0,1.0,1.0
2026-03-03,5174,1.0,1.0,1.0,1.0,1.0
2026-03-04,5175,1.0,1.0,1.0,1.0,1.0
2026-03-05,5176,1.0,1.0,1.0,1.0,1.0
2026-03-06,5176,1.0,1.0,1.0,1.0,1.0
2026-03-09,5179,1.0,1.0,1.0,1.0,1.0
2026-03-10,5177,1.0,1.0,1.0,1.0,1.0
2026-03-11,5180,1.0,1.0,1.0,1.0,1.0
2026-03-12,5180,1.0,1.0,1.0,1.0,1.0
2026-03-13,5179,1.0,1.0,1.0,1.0,1.0
2026-03-16,5178,1.0,1.0,1.0,1.0,1.0
2026-03-17,5176,1.0,1.0,1.0,1.0,1.0
2026-03-18,5176,1.0,1.0,1.0,1.0,1.0
2026-03-19,5176,1.0,1.0,1.0,1.0,1.0
2026-03-20,5177,1.0,1.0,1.0,1.0,1.0
2026-03-23,5179,1.0,1.0,1.0,1.0,1.0
2026-03-24,5177,1.0,1.0,1.0,1.0,1.0
2026-03-25,5176,1.0,1.0,1.0,1.0,1.0
2026-03-26,5175,1.0,1.0,1.0,1.0,1.0
2026-03-27,5171,1.0,1.0,1.0,1.0,1.0
2026-03-30,5168,1.0,1.0,1.0,1.0,1.0
2026-03-31,5171,1.0,1.0,1.0,1.0,1.0
2026-04-01,5173,1.0,1.0,1.0,1.0,1.0
2026-04-02,5173,1.0,1.0,1.0,1.0,1.0
2026-04-03,5174,1.0,1.0,1.0,1.0,1.0
2026-04-07,5172,1.0,1.0,1.0,1.0,1.0
2026-04-08,5176,1.0,1.0,1.0,1.0,1.0
2026-04-09,5177,1.0,1.0,1.0,1.0,1.0
2026-04-10,5178,1.0,1.0,1.0,1.0,1.0
2026-04-13,5176,1.0,1.0,1.0,1.0,1.0
2026-04-14,5178,1.0,1.0,1.0,1.0,1.0
2026-04-15,5176,1.0,1.0,1.0,1.0,1.0
2026-04-16,5177,1.0,1.0,1.0,1.0,1.0
2026-04-17,5175,1.0,1.0,1.0,1.0,1.0
2026-04-20,5170,1.0,1.0,1.0,1.0,1.0
2026-04-21,5173,1.0,1.0,1.0,1.0,1.0
2026-04-22,5172,1.0,1.0,1.0,1.0,1.0
2026-04-23,5170,1.0,1.0,1.0,1.0,1.0
2026-04-24,5169,1.0,1.0,1.0,1.0,1.0
2026-04-27,5167,1.0,1.0,1.0,1.0,1.0
2026-04-28,5160,1.0,1.0,1.0,1.0,1.0
2026-04-29,5134,1.0,1.0,1.0,1.0,1.0
2026-04-30,5132,1.0,1.0,1.0,1.0,1.0
2026-05-06,5161,1.0,1.0,1.0,1.0,1.0
2026-05-07,5163,1.0,1.0,1.0,1.0,1.0
2026-05-08,5161,1.0,1.0,1.0,1.0,1.0
2026-05-11,5159,1.0,1.0,1.0,1.0,1.0
2026-05-12,5158,1.0,1.0,1.0,1.0,1.0
2026-05-13,5162,1.0,1.0,1.0,1.0,1.0
2026-05-14,5162,1.0,1.0,1.0,1.0,1.0
2026-05-15,5162,1.0,1.0,1.0,1.0,1.0
2026-05-18,5164,1.0,1.0,1.0,1.0,1.0
2026-05-19,5160,1.0,1.0,1.0,1.0,1.0
2026-05-20,5164,1.0,1.0,1.0,1.0,1.0
2026-05-21,5167,1.0,1.0,1.0,1.0,1.0
2026-05-22,5166,1.0,1.0,1.0,1.0,1.0
2026-05-25,5166,1.0,1.0,1.0,1.0,1.0
2026-05-26,5166,1.0,1.0,1.0,1.0,1.0
2026-05-27,5165,1.0,1.0,1.0,1.0,1.0
2026-05-28,5165,1.0,1.0,1.0,1.0,1.0
2026-05-29,5164,1.0,1.0,1.0,1.0,1.0
2026-06-01,5166,1.0,1.0,1.0,1.0,1.0
2026-06-02,5165,1.0,1.0,1.0,1.0,1.0
2026-06-03,5169,1.0,1.0,1.0,1.0,1.0
2026-06-04,5169,1.0,1.0,1.0,1.0,1.0
2026-06-05,5171,1.0,1.0,1.0,1.0,1.0
2026-06-08,5172,1.0,1.0,1.0,1.0,1.0
2026-06-09,5171,1.0,1.0,1.0,1.0,1.0
2026-06-10,5168,1.0,1.0,1.0,1.0,1.0
2026-06-11,5166,1.0,1.0,1.0,1.0,1.0
2026-06-12,5167,1.0,1.0,1.0,1.0,1.0
2026-06-15,5162,1.0,1.0,1.0,1.0,1.0
2026-06-16,5167,1.0,1.0,1.0,1.0,1.0
2026-06-17,5163,1.0,1.0,1.0,1.0,1.0
2026-06-18,5161,1.0,1.0,1.0,1.0,1.0
2026-06-22,5164,1.0,1.0,1.0,1.0,1.0
2026-06-23,5166,1.0,1.0,1.0,1.0,1.0
2026-06-24,5164,1.0,1.0,1.0,1.0,1.0
2026-06-25,5163,1.0,1.0,1.0,1.0,1.0
2026-06-26,5164,1.0,1.0,1.0,1.0,1.0
2026-06-29,5160,1.0,1.0,1.0,1.0,1.0
2026-06-30,5157,1.0,1.0,1.0,1.0,1.0
2026-07-01,5160,1.0,1.0,1.0,1.0,1.0
2026-07-02,5164,1.0,1.0,1.0,1.0,1.0
2026-07-03,5163,1.0,1.0,1.0,1.0,1.0
2026-07-06,5164,1.0,1.0,1.0,1.0,1.0
2026-07-07,5164,1.0,1.0,1.0,1.0,1.0
2026-07-08,5164,1.0,1.0,1.0,1.0,1.0
2026-07-09,5164,1.0,1.0,1.0,1.0,1.0
2026-07-10,5163,1.0,1.0,1.0,1.0,1.0
2026-07-13,5166,1.0,1.0,1.0,1.0,1.0
2026-07-14,5166,1.0,1.0,1.0,1.0,1.0
2026-07-15,5167,1.0,1.0,1.0,1.0,1.0
2026-07-16,5166,1.0,1.0,1.0,1.0,1.0
2026-07-17,5164,1.0,1.0,1.0,1.0,1.0
2026-07-20,5166,1.0,1.0,1.0,1.0,1.0
2026-07-21,5166,1.0,1.0,1.0,1.0,1.0
2026-07-22,5166,1.0,1.0,1.0,1.0,1.0
2026-07-23,5166,1.0,1.0,1.0,1.0,1.0
2026-07-24,4570,1.0,1.0,1.0,1.0,1.0
2026-07-27,5192,1.0,1.0,1.0,1.0,1.0
2026-07-28,5193,1.0,1.0,1.0,1.0,1.0
2026-07-29,5192,1.0,1.0,1.0,1.0,1.0
2026-07-30,5195,1.0,1.0,1.0,1.0,1.0
