strategy,trade_date,last_signal_date,cash,market_value,total_equity,nav,position_count,gross_exposure,corporate_action_status,strict_ledger_frozen,ledger_eod_equity,ledger_reconciliation_error_bps,ledger_event_count,locked_count,buffer_kept_count,band_reweight_count,locked_value,candidate_count,executed,equity_before,max_total_positions,position_ratio,position_cap_skipped,cash_residual_ratio,intentional_cash_ratio,planned_cash_buffer_ratio,unexpected_cash_residual_ratio,planned_vs_filled_notional_gap,planned_vs_filled_share_gap,buy_order_shortfall_ratio,t1_not_tradable_reject_count,limit_block_reject_count
vls_mom_contrarian_v1_frozen,2025-01-03,,500000.0,0.0,500000.0,1.0,0,0.0,CORPORATE_ACTION_UNKNOWN_FAIL_CLOSED,1.0,500000.0,0.0,2,,,,,,,,,,,,,,,,,,,
vls_mom_contrarian_v1_frozen,2025-01-06,,500000.0,0.0,500000.0,1.0,0,0.0,CORPORATE_ACTION_UNKNOWN_FAIL_CLOSED,1.0,500000.0,0.0,4,,,,,,,,,,,,,,,,,,,
vls_mom_contrarian_v1_frozen,2025-01-07,,500000.0,0.0,500000.0,1.0,0,0.0,CORPORATE_ACTION_UNKNOWN_FAIL_CLOSED,1.0,500000.0,0.0,6,,,,,,,,,,,,,,,,,,,
vls_mom_contrarian_v1_frozen,2025-01-08,,500000.0,0.0,500000.0,1.0,0,0.0,CORPORATE_ACTION_UNKNOWN_FAIL_CLOSED,1.0,500000.0,0.0,8,,,,,,,,,,,,,,,,,,,
vls_mom_contrarian_v1_frozen,2025-01-09,,500000.0,0.0,500000.0,1.0,0,0.0,CORPORATE_ACTION_UNKNOWN_FAIL_CLOSED,1.0,500000.0,0.0,10,,,,,,,,,,,,,,,,,,,
vls_mom_contrarian_v1_frozen,2025-01-10,,500000.0,0.0,500000.0,1.0,0,0.0,CORPORATE_ACTION_UNKNOWN_FAIL_CLOSED,1.0,500000.0,0.0,12,,,,,,,,,,,,,,,,,,,
vls_mom_contrarian_v1_frozen,2025-01-13,,500000.0,0.0,500000.0,1.0,0,0.0,CORPORATE_ACTION_UNKNOWN_FAIL_CLOSED,1.0,500000.0,0.0,14,,,,,,,,,,,,,,,,,,,
vls_mom_contrarian_v1_frozen,2025-01-14,,500000.0,0.0,500000.0,1.0,0,0.0,CORPORATE_ACTION_UNKNOWN_FAIL_CLOSED,1.0,500000.0,0.0,16,,,,,,,,,,,,,,,,,,,
vls_mom_contrarian_v1_frozen,2025-01-15,,500000.0,0.0,500000.0,1.0,0,0.0,CORPORATE_ACTION_UNKNOWN_FAIL_CLOSED,1.0,500000.0,0.0,18,,,,,,,,,,,,,,,,,,,
vls_mom_contrarian_v1_frozen,2025-01-16,,500000.0,0.0,500000.0,1.0,0,0.0,CORPORATE_ACTION_UNKNOWN_FAIL_CLOSED,1.0,500000.0,0.0,20,,,,,,,,,,,,,,,,,,,
vls_mom_contrarian_v1_frozen,2025-01-17,,500000.0,0.0,500000.0,1.0,0,0.0,CORPORATE_ACTION_UNKNOWN_FAIL_CLOSED,1.0,500000.0,0.0,22,,,,,,,,,,,,,,,,,,,
vls_mom_contrarian_v1_frozen,2025-01-20,,500000.0,0.0,500000.0,1.0,0,0.0,CORPORATE_ACTION_UNKNOWN_FAIL_CLOSED,1.0,500000.0,0.0,24,,,,,,,,,,,,,,,,,,,
vls_mom_contrarian_v1_frozen,2025-01-21,,500000.0,0.0,500000.0,1.0,0,0.0,CORPORATE_ACTION_UNKNOWN_FAIL_CLOSED,1.0,500000.0,0.0,26,,,,,,,,,,,,,,,,,,,
vls_mom_contrarian_v1_frozen,2025-01-22,,500000.0,0.0,500000.0,1.0,0,0.0,CORPORATE_ACTION_UNKNOWN_FAIL_CLOSED,1.0,500000.0,0.0,28,,,,,,,,,,,,,,,,,,,
vls_mom_contrarian_v1_frozen,2025-01-23,,500000.0,0.0,500000.0,1.0,0,0.0,CORPORATE_ACTION_UNKNOWN_FAIL_CLOSED,1.0,500000.0,0.0,30,,,,,,,,,,,,,,,,,,,
vls_mom_contrarian_v1_frozen,2025-01-24,,500000.0,0.0,500000.0,1.0,0,0.0,CORPORATE_ACTION_UNKNOWN_FAIL_CLOSED,1.0,500000.0,0.0,32,,,,,,,,,,,,,,,,,,,
vls_mom_contrarian_v1_frozen,2025-01-27,,500000.0,0.0,500000.0,1.0,0,0.0,CORPORATE_ACTION_UNKNOWN_FAIL_CLOSED,1.0,500000.0,0.0,34,,,,,,,,,,,,,,,,,,,
vls_mom_contrarian_v1_frozen,2025-02-05,2025-01-27,49746.09564975008,446231.0,495977.0956497501,0.9919541912995001,10,0.8997008206909621,NO_ACTION_CONFIRMED,,495977.0956497501,0.0,54,0.0,0.0,0.0,0.0,10.0,10.0,500000.0,10.0,1.0,0.0,0.09964901979384799,0.0,0.0,0.09964901979384799,41664.733000000066,0.0,0.08475656310697005,0.0,0.0
vls_mom_contrarian_v1_frozen,2025-02-06,2025-02-05,49746.09564975008,453280.0,503026.0956497501,1.0060521912995002,10,0.9011063320969582,NO_ACTION_CONFIRMED,,503026.0956497501,0.0,54,10.0,0.0,0.0,446231.0,10.0,0.0,495977.0956497501,10.0,1.0,10.0,0.10051095107186993,0.0,0.0,0.10051095107186993,0.0,0.0,0.0,0.0,0.0
vls_mom_contrarian_v1_frozen,2025-02-07,2025-02-06,49746.09564975008,459417.0,509163.0956497501,1.0183261912995,10,0.9022983085876081,NO_ACTION_CONFIRMED,,509163.0956497501,0.0,54,10.0,0.0,0.0,453280.0,10.0,0.0,503026.0956497501,10.0,1.0,10.0,0.09890153242802627,0.0,0.0,0.09890153242802627,0.0,0.0,0.0,0.0,0.0
vls_mom_contrarian_v1_frozen,2025-02-10,2025-02-06,49746.09564975008,465106.0,514852.0956497501,1.0297041912995002,10,0.9033778903299017,CORPORATE_ACTION_UNKNOWN_FAIL_CLOSED,1.0,514852.0956497501,0.0,56,,,,,,,,,,,,,,,,,,,
vls_mom_contrarian_v1_frozen,2025-02-11,2025-02-06,49746.09564975008,465486.0,515232.0956497501,1.0304641912995003,10,0.9034491521980669,CORPORATE_ACTION_UNKNOWN_FAIL_CLOSED,1.0,515232.0956497501,0.0,58,,,,,,,,,,,,,,,,,,,
vls_mom_contrarian_v1_frozen,2025-02-12,2025-02-11,49746.09564975008,467104.0,516850.0956497501,1.0337001912995,10,0.9037514047719919,NO_ACTION_CONFIRMED,,516850.0956497501,0.0,58,10.0,0.0,0.0,465486.0,10.0,0.0,515232.0956497501,10.0,1.0,10.0,0.09668182550066202,0.0,0.0,0.09668182550066202,0.0,0.0,0.0,0.0,0.0
vls_mom_contrarian_v1_frozen,2025-02-13,2025-02-11,49746.09564975008,467388.0,517134.0956497501,1.0342681912995002,10,0.9038042626308619,CORPORATE_ACTION_UNKNOWN_FAIL_CLOSED,1.0,517134.0956497501,0.0,60,,,,,,,,,,,,,,,,,,,
vls_mom_contrarian_v1_frozen,2025-02-14,2025-02-11,49746.09564975008,468340.0,518086.0956497501,1.0361721912995001,10,0.9039810254174806,CORPORATE_ACTION_UNKNOWN_FAIL_CLOSED,1.0,518086.0956497501,0.0,62,,,,,,,,,,,,,,,,,,,
vls_mom_contrarian_v1_frozen,2025-02-17,2025-02-11,49746.09564975008,467945.0,517691.0956497501,1.0353821912995003,10,0.9039077626256752,CORPORATE_ACTION_UNKNOWN_FAIL_CLOSED,1.0,517691.0956497501,0.0,64,,,,,,,,,,,,,,,,,,,
vls_mom_contrarian_v1_frozen,2025-02-18,2025-02-17,49746.09564975008,460856.0,510602.0956497501,1.0212041912995002,10,0.9025736555459153,NO_ACTION_CONFIRMED,,510602.0956497501,0.0,64,10.0,0.0,0.0,467945.0,10.0,0.0,517691.0956497501,10.0,1.0,10.0,0.09618253197458441,0.0,0.0,0.09618253197458441,0.0,0.0,0.0,0.0,0.0
vls_mom_contrarian_v1_frozen,2025-02-19,2025-02-17,49746.09564975008,467528.0,517274.0956497501,1.0345481912995003,10,0.903830297963667,CORPORATE_ACTION_UNKNOWN_FAIL_CLOSED,1.0,517274.0956497501,0.0,66,,,,,,,,,,,,,,,,,,,
vls_mom_contrarian_v1_frozen,2025-02-20,2025-02-17,49746.09564975008,473734.0,523480.0956497501,1.0469601912995001,10,0.9049704161377815,CORPORATE_ACTION_UNKNOWN_FAIL_CLOSED,1.0,523480.0956497501,0.0,68,,,,,,,,,,,,,,,,,,,
vls_mom_contrarian_v1_frozen,2025-02-21,2025-02-17,49746.09564975008,470956.0,520702.0956497501,1.0414041912995002,10,0.9044634233943784,CORPORATE_ACTION_UNKNOWN_FAIL_CLOSED,1.0,520702.0956497501,0.0,70,,,,,,,,,,,,,,,,,,,
vls_mom_contrarian_v1_frozen,2025-02-24,2025-02-17,49746.09564975008,473321.0,523067.0956497501,1.0461341912995001,10,0.9048953832816499,CORPORATE_ACTION_UNKNOWN_FAIL_CLOSED,1.0,523067.0956497501,0.0,72,,,,,,,,,,,,,,,,,,,
vls_mom_contrarian_v1_frozen,2025-02-25,2025-02-24,49746.09564975008,468630.0,518376.0956497501,1.0367521912995001,10,0.9040347422128008,NO_ACTION_CONFIRMED,,518376.0956497501,0.0,72,10.0,0.0,0.0,473321.0,10.0,0.0,523067.0956497501,10.0,1.0,10.0,0.09604084897805826,0.0,0.0,0.09604084897805826,0.0,0.0,0.0,0.0,0.0
vls_mom_contrarian_v1_frozen,2025-02-26,2025-02-24,49746.09564975008,480239.0,529985.0956497501,1.0599701912995,10,0.9061368026043025,CORPORATE_ACTION_UNKNOWN_FAIL_CLOSED,1.0,529985.0956497501,0.0,74,,,,,,,,,,,,,,,,,,,
vls_mom_contrarian_v1_frozen,2025-02-27,2025-02-24,49746.09564975008,485770.0,535516.0956497501,1.0710321912995002,10,0.9071062549681306,CORPORATE_ACTION_UNKNOWN_FAIL_CLOSED,1.0,535516.0956497501,0.0,76,,,,,,,,,,,,,,,,,,,
vls_mom_contrarian_v1_frozen,2025-02-28,2025-02-24,49746.09564975008,481411.0,531157.0956497501,1.0623141912995002,10,0.9063439120795382,CORPORATE_ACTION_UNKNOWN_FAIL_CLOSED,1.0,531157.0956497501,0.0,78,,,,,,,,,,,,,,,,,,,
vls_mom_contrarian_v1_frozen,2025-03-03,2025-02-24,49746.09564975008,483543.0,533289.0956497501,1.0665781912995003,10,0.9067183333476183,CORPORATE_ACTION_UNKNOWN_FAIL_CLOSED,1.0,533289.0956497501,0.0,80,,,,,,,,,,,,,,,,,,,
vls_mom_contrarian_v1_frozen,2025-03-04,2025-03-03,49746.09564975008,483078.0,532824.0956497501,1.0656481912995002,10,0.9066369256647685,NO_ACTION_CONFIRMED,,532824.0956497501,0.0,80,10.0,0.0,0.0,483543.0,10.0,0.0,533289.0956497501,10.0,1.0,10.0,0.09406891236830663,0.0,0.0,0.09406891236830663,0.0,0.0,0.0,0.0,0.0
vls_mom_contrarian_v1_frozen,2025-03-05,2025-03-03,49746.09564975008,482093.0,531839.0956497501,1.0636781912995001,10,0.9064640112833844,CORPORATE_ACTION_UNKNOWN_FAIL_CLOSED,1.0,531839.0956497501,0.0,82,,,,,,,,,,,,,,,,,,,
vls_mom_contrarian_v1_frozen,2025-03-06,2025-03-03,49746.09564975008,483715.0,533461.0956497501,1.0669221912995002,10,0.9067484094802455,CORPORATE_ACTION_UNKNOWN_FAIL_CLOSED,1.0,533461.0956497501,0.0,84,,,,,,,,,,,,,,,,,,,
vls_mom_contrarian_v1_frozen,2025-03-07,2025-03-03,49746.09564975008,480024.0,529770.0956497501,1.0595401912995002,10,0.9060987095001319,CORPORATE_ACTION_UNKNOWN_FAIL_CLOSED,1.0,529770.0956497501,0.0,86,,,,,,,,,,,,,,,,,,,
vls_mom_contrarian_v1_frozen,2025-03-10,2025-03-03,49746.09564975008,483559.0,533305.0956497501,1.0666101912995,10,0.9067211319457915,CORPORATE_ACTION_UNKNOWN_FAIL_CLOSED,1.0,533305.0956497501,0.0,88,,,,,,,,,,,,,,,,,,,
vls_mom_contrarian_v1_frozen,2025-03-11,2025-03-03,49746.09564975008,485150.0,534896.0956497501,1.0697921912995,10,0.9069985814921262,CORPORATE_ACTION_UNKNOWN_FAIL_CLOSED,1.0,534896.0956497501,0.0,90,,,,,,,,,,,,,,,,,,,
vls_mom_contrarian_v1_frozen,2025-03-12,2025-03-11,52278.68692600014,483486.0,535764.6869260002,1.0715293738520004,10,0.9024222980690385,NO_ACTION_CONFIRMED,,535764.6869260002,0.0,126,1.0,1.0,0.0,55238.0,10.0,18.0,534896.0956497501,10.0,1.0,1.0,0.09776108447238739,0.0,0.0,0.09776108447238739,41103.7570000001,0.0,0.08768352553682605,0.0,0.0
vls_mom_contrarian_v1_frozen,2025-03-13,2025-03-11,52278.68692600014,481793.0,534071.6869260002,1.0681433738520003,10,0.9021129780780838,CORPORATE_ACTION_UNKNOWN_FAIL_CLOSED,1.0,534071.6869260002,0.0,128,,,,,,,,,,,,,,,,,,,
vls_mom_contrarian_v1_frozen,2025-03-14,2025-03-11,52278.68692600014,489168.0,541446.6869260002,1.0828933738520004,10,0.9034462890099,CORPORATE_ACTION_UNKNOWN_FAIL_CLOSED,1.0,541446.6869260002,0.0,130,,,,,,,,,,,,,,,,,,,
vls_mom_contrarian_v1_frozen,2025-03-17,2025-03-11,52278.68692600014,496135.0,548413.6869260002,1.0968273738520002,10,0.9046728989952172,CORPORATE_ACTION_UNKNOWN_FAIL_CLOSED,1.0,548413.6869260002,0.0,132,,,,,,,,,,,,,,,,,,,
vls_mom_contrarian_v1_frozen,2025-03-18,2025-03-17,11124.324764500154,548440.0,559564.3247645001,1.1191286495290003,10,0.9801196676196575,NO_ACTION_CONFIRMED,,559564.3247645001,0.0,136,9.0,0.0,0.0,438767.0,10.0,2.0,548413.6869260002,10.0,1.0,9.0,0.019906052526069053,0.0,0.0,0.019906052526069053,10221.750000000015,0.0,0.0941489361702129,0.0,0.0
vls_mom_contrarian_v1_frozen,2025-03-19,2025-03-18,11124.324764500154,547977.0,559101.3247645001,1.1182026495290003,10,0.9801032044250909,NO_ACTION_CONFIRMED,,559101.3247645001,0.0,136,10.0,0.0,0.0,548440.0,10.0,0.0,559564.3247645001,10.0,1.0,10.0,0.019831282621568427,0.0,0.0,0.019831282621568427,0.0,0.0,0.0,0.0,0.0
vls_mom_contrarian_v1_frozen,2025-03-20,2025-03-19,11124.324764500154,536742.0,547866.3247645001,1.0957326495290003,10,0.9796951842782418,NO_ACTION_CONFIRMED,,547866.3247645001,0.0,136,10.0,0.0,0.0,547977.0,10.0,0.0,559101.3247645001,10.0,1.0,10.0,0.020053138669782707,0.0,0.0,0.020053138669782707,0.0,0.0,0.0,0.0,0.0
vls_mom_contrarian_v1_frozen,2025-03-21,2025-03-20,11124.324764500154,530050.0,541174.3247645001,1.0823486495290002,10,0.9794441009939985,NO_ACTION_CONFIRMED,,541174.3247645001,0.0,136,10.0,0.0,0.0,536742.0,10.0,0.0,547866.3247645001,10.0,1.0,10.0,0.020364735362591493,0.0,0.0,0.020364735362591493,0.0,0.0,0.0,0.0,0.0
vls_mom_contrarian_v1_frozen,2025-03-24,2025-03-21,11124.324764500154,530906.0,542030.3247645001,1.0840606495290004,10,0.9794765638447749,NO_ACTION_CONFIRMED,,542030.3247645001,0.0,136,10.0,0.0,0.0,530050.0,10.0,0.0,541174.3247645001,10.0,1.0,10.0,0.02061543976927298,0.0,0.0,0.02061543976927298,0.0,0.0,0.0,0.0,0.0
vls_mom_contrarian_v1_frozen,2025-03-25,2025-03-24,11124.324764500154,527712.0,538836.3247645001,1.0776726495290003,10,0.979354909360719,NO_ACTION_CONFIRMED,,538836.3247645001,0.0,136,10.0,0.0,0.0,530906.0,10.0,0.0,542030.3247645001,10.0,1.0,10.0,0.020530140272434425,0.0,0.0,0.020530140272434425,0.0,0.0,0.0,0.0,0.0
vls_mom_contrarian_v1_frozen,2025-03-26,2025-03-24,11124.324764500154,527038.0,538162.3247645001,1.0763246495290002,10,0.979329053238039,CORPORATE_ACTION_UNKNOWN_FAIL_CLOSED,1.0,538162.3247645001,0.0,138,,,,,,,,,,,,,,,,,,,
vls_mom_contrarian_v1_frozen,2025-03-27,2025-03-26,11124.324764500154,533299.0,544423.3247645001,1.0888466495290003,10,0.9795667741287313,NO_ACTION_CONFIRMED,,544423.3247645001,0.0,138,10.0,0.0,0.0,527038.0,10.0,0.0,538162.3247645001,10.0,1.0,10.0,0.02079362304405445,0.0,0.0,0.02079362304405445,0.0,0.0,0.0,0.0,0.0
vls_mom_contrarian_v1_frozen,2025-03-28,2025-03-26,11124.324764500154,533668.0,544792.3247645001,1.0895846495290002,10,0.9795806140086336,CORPORATE_ACTION_UNKNOWN_FAIL_CLOSED,1.0,544792.3247645001,0.0,140,,,,,,,,,,,,,,,,,,,
vls_mom_contrarian_v1_frozen,2025-03-31,2025-03-26,11124.324764500154,528147.0,539271.3247645001,1.0785426495290003,10,0.979371562600036,CORPORATE_ACTION_UNKNOWN_FAIL_CLOSED,1.0,539271.3247645001,0.0,142,,,,,,,,,,,,,,,,,,,
vls_mom_contrarian_v1_frozen,2025-04-01,2025-03-26,11124.324764500154,533765.0,544889.3247645001,1.0897786495290003,10,0.9795842490228487,CORPORATE_ACTION_UNKNOWN_FAIL_CLOSED,1.0,544889.3247645001,0.0,144,,,,,,,,,,,,,,,,,,,
vls_mom_contrarian_v1_frozen,2025-04-02,2025-04-01,11124.324764500154,529952.0,541076.3247645001,1.0821526495290004,10,0.9794403778998426,NO_ACTION_CONFIRMED,,541076.3247645001,0.0,144,10.0,0.0,0.0,533765.0,10.0,0.0,544889.3247645001,10.0,1.0,10.0,0.020551721628628505,0.0,0.0,0.020551721628628505,0.0,0.0,0.0,0.0,0.0
vls_mom_contrarian_v1_frozen,2025-04-03,2025-04-01,11124.324764500154,526113.0,537237.3247645001,1.0744746495290003,10,0.9792934625877371,CORPORATE_ACTION_UNKNOWN_FAIL_CLOSED,1.0,537237.3247645001,0.0,146,,,,,,,,,,,,,,,,,,,
vls_mom_contrarian_v1_frozen,2025-04-07,2025-04-03,11124.324764500154,469715.0,480839.32476450014,0.9616786495290003,10,0.9768647775014065,NO_ACTION_CONFIRMED,,480839.32476450014,0.0,146,10.0,0.0,0.0,526113.0,10.0,0.0,537237.3247645001,10.0,1.0,10.0,0.021974221181985755,0.0,0.0,0.021974221181985755,0.0,0.0,0.0,0.0,0.0
vls_mom_contrarian_v1_frozen,2025-04-08,2025-04-07,11124.324764500154,470744.0,481868.32476450014,0.9637366495290003,10,0.9769141813379478,NO_ACTION_CONFIRMED,,481868.32476450014,0.0,146,10.0,0.0,0.0,469715.0,10.0,0.0,480839.32476450014,10.0,1.0,10.0,0.023204134299423827,0.0,0.0,0.023204134299423827,0.0,0.0,0.0,0.0,0.0
vls_mom_contrarian_v1_frozen,2025-04-09,2025-04-07,11124.324764500154,485184.0,496308.32476450014,0.9926166495290003,10,0.9775858590125832,CORPORATE_ACTION_UNKNOWN_FAIL_CLOSED,1.0,496308.32476450014,0.0,148,,,,,,,,,,,,,,,,,,,
vls_mom_contrarian_v1_frozen,2025-04-10,2025-04-09,45282.29436550024,468451.0,513733.2943655002,1.0274665887310004,10,0.9118564148710133,NO_ACTION_CONFIRMED,,513733.2943655002,0.0,184,1.0,0.0,0.0,99825.0,10.0,18.0,496308.32476450014,10.0,1.0,1.0,0.08987251743600613,0.0,0.0,0.08987251743600613,30642.032000000065,0.0,0.07906262304336871,0.0,0.0
vls_mom_contrarian_v1_frozen,2025-04-11,2025-04-09,45282.29436550024,475606.0,520888.2943655002,1.0417765887310004,10,0.9130671684210929,CORPORATE_ACTION_UNKNOWN_FAIL_CLOSED,1.0,520888.2943655002,0.0,186,,,,,,,,,,,,,,,,,,,
vls_mom_contrarian_v1_frozen,2025-04-14,2025-04-09,45282.29436550024,480788.0,526070.2943655002,1.0521405887310005,10,0.9139234911180154,CORPORATE_ACTION_UNKNOWN_FAIL_CLOSED,1.0,526070.2943655002,0.0,188,,,,,,,,,,,,,,,,,,,
vls_mom_contrarian_v1_frozen,2025-04-15,2025-04-09,45282.29436550024,481865.0,527147.2943655002,1.0542945887310005,10,0.9140993516432553,CORPORATE_ACTION_UNKNOWN_FAIL_CLOSED,1.0,527147.2943655002,0.0,190,,,,,,,,,,,,,,,,,,,
vls_mom_contrarian_v1_frozen,2025-04-16,2025-04-09,45282.29436550024,480243.0,525525.2943655002,1.0510505887310004,10,0.9138342248203821,CORPORATE_ACTION_UNKNOWN_FAIL_CLOSED,1.0,525525.2943655002,0.0,192,,,,,,,,,,,,,,,,,,,
vls_mom_contrarian_v1_frozen,2025-04-17,2025-04-09,45282.29436550024,487063.0,532345.2943655002,1.0646905887310005,10,0.9149381147071621,CORPORATE_ACTION_UNKNOWN_FAIL_CLOSED,1.0,532345.2943655002,0.0,194,,,,,,,,,,,,,,,,,,,
vls_mom_contrarian_v1_frozen,2025-04-18,2025-04-09,45282.29436550024,489655.0,534937.2943655002,1.0698745887310004,10,0.9153502759249372,CORPORATE_ACTION_UNKNOWN_FAIL_CLOSED,1.0,534937.2943655002,0.0,196,,,,,,,,,,,,,,,,,,,
vls_mom_contrarian_v1_frozen,2025-04-21,2025-04-09,45282.29436550024,492322.0,537604.2943655002,1.0752085887310003,10,0.915770214560983,CORPORATE_ACTION_UNKNOWN_FAIL_CLOSED,1.0,537604.2943655002,0.0,198,,,,,,,,,,,,,,,,,,,
vls_mom_contrarian_v1_frozen,2025-04-22,2025-04-09,45282.29436550024,492259.0,537541.2943655002,1.0750825887310005,10,0.9157603428050114,CORPORATE_ACTION_UNKNOWN_FAIL_CLOSED,1.0,537541.2943655002,0.0,200,,,,,,,,,,,,,,,,,,,
vls_mom_contrarian_v1_frozen,2025-04-23,2025-04-09,45282.29436550024,495979.0,541261.2943655002,1.0825225887310004,10,0.9163393081365944,CORPORATE_ACTION_UNKNOWN_FAIL_CLOSED,1.0,541261.2943655002,0.0,202,,,,,,,,,,,,,,,,,,,
vls_mom_contrarian_v1_frozen,2025-04-24,2025-04-09,45282.29436550024,485417.0,530699.2943655002,1.0613985887310005,10,0.914674289477548,CORPORATE_ACTION_UNKNOWN_FAIL_CLOSED,1.0,530699.2943655002,0.0,204,,,,,,,,,,,,,,,,,,,
vls_mom_contrarian_v1_frozen,2025-04-25,2025-04-09,45282.29436550024,490241.0,535523.2943655002,1.0710465887310003,10,0.91544290446011,CORPORATE_ACTION_UNKNOWN_FAIL_CLOSED,1.0,535523.2943655002,0.0,206,,,,,,,,,,,,,,,,,,,
vls_mom_contrarian_v1_frozen,2025-04-28,2025-04-09,45282.29436550024,479042.0,524324.2943655002,1.0486485887310004,10,0.9136368563270607,CORPORATE_ACTION_UNKNOWN_FAIL_CLOSED,1.0,524324.2943655002,0.0,208,,,,,,,,,,,,,,,,,,,
vls_mom_contrarian_v1_frozen,2025-04-29,2025-04-09,45282.29436550024,482383.0,527665.2943655002,1.0553305887310005,10,0.9141836788414318,CORPORATE_ACTION_UNKNOWN_FAIL_CLOSED,1.0,527665.2943655002,0.0,210,,,,,,,,,,,,,,,,,,,
vls_mom_contrarian_v1_frozen,2025-04-30,2025-04-09,45282.29436550024,481269.0,526551.2943655002,1.0531025887310004,10,0.9140021212556968,CORPORATE_ACTION_UNKNOWN_FAIL_CLOSED,1.0,526551.2943655002,0.0,212,,,,,,,,,,,,,,,,,,,
vls_mom_contrarian_v1_frozen,2025-05-06,2025-04-09,45282.29436550024,499843.0,545125.2943655002,1.0902505887310003,10,0.91693231843478,CORPORATE_ACTION_UNKNOWN_FAIL_CLOSED,1.0,545125.2943655002,0.0,214,,,,,,,,,,,,,,,,,,,
vls_mom_contrarian_v1_frozen,2025-05-07,2025-04-09,45282.29436550024,496290.0,541572.2943655002,1.0831445887310005,10,0.9163873506148382,CORPORATE_ACTION_UNKNOWN_FAIL_CLOSED,1.0,541572.2943655002,0.0,216,,,,,,,,,,,,,,,,,,,
vls_mom_contrarian_v1_frozen,2025-05-08,2025-04-09,45282.29436550024,509068.0,554350.2943655002,1.1087005887310004,10,0.9183146562277386,CORPORATE_ACTION_UNKNOWN_FAIL_CLOSED,1.0,554350.2943655002,0.0,218,,,,,,,,,,,,,,,,,,,
vls_mom_contrarian_v1_frozen,2025-05-09,2025-04-09,45282.29436550024,501617.0,546899.2943655002,1.0937985887310004,10,0.9172017685302818,CORPORATE_ACTION_UNKNOWN_FAIL_CLOSED,1.0,546899.2943655002,0.0,220,,,,,,,,,,,,,,,,,,,
vls_mom_contrarian_v1_frozen,2025-05-12,2025-04-09,45282.29436550024,514978.0,560260.2943655002,1.1205205887310004,10,0.9191763278231544,CORPORATE_ACTION_UNKNOWN_FAIL_CLOSED,1.0,560260.2943655002,0.0,222,,,,,,,,,,,,,,,,,,,
vls_mom_contrarian_v1_frozen,2025-05-13,2025-04-09,45282.29436550024,518114.0,563396.2943655002,1.1267925887310004,10,0.9196262119251293,CORPORATE_ACTION_UNKNOWN_FAIL_CLOSED,1.0,563396.2943655002,0.0,224,,,,,,,,,,,,,,,,,,,
vls_mom_contrarian_v1_frozen,2025-05-14,2025-04-09,45282.29436550024,515608.0,560890.2943655002,1.1217805887310004,10,0.9192671101276138,CORPORATE_ACTION_UNKNOWN_FAIL_CLOSED,1.0,560890.2943655002,0.0,226,,,,,,,,,,,,,,,,,,,
vls_mom_contrarian_v1_frozen,2025-05-15,2025-04-09,45282.29436550024,511999.0,557281.2943655002,1.1145625887310004,10,0.9187442772198967,CORPORATE_ACTION_UNKNOWN_FAIL_CLOSED,1.0,557281.2943655002,0.0,228,,,,,,,,,,,,,,,,,,,
vls_mom_contrarian_v1_frozen,2025-05-16,2025-04-09,45282.29436550024,520209.0,565491.2943655002,1.1309825887310003,10,0.9199239761660549,CORPORATE_ACTION_UNKNOWN_FAIL_CLOSED,1.0,565491.2943655002,0.0,230,,,,,,,,,,,,,,,,,,,
vls_mom_contrarian_v1_frozen,2025-05-19,2025-04-09,45282.29436550024,522298.0,567580.2943655002,1.1351605887310003,10,0.9202186988959484,CORPORATE_ACTION_UNKNOWN_FAIL_CLOSED,1.0,567580.2943655002,0.0,232,,,,,,,,,,,,,,,,,,,
vls_mom_contrarian_v1_frozen,2025-05-20,2025-04-09,45282.29436550024,524317.0,569599.2943655002,1.1391985887310003,10,0.9205014914634998,CORPORATE_ACTION_UNKNOWN_FAIL_CLOSED,1.0,569599.2943655002,0.0,234,,,,,,,,,,,,,,,,,,,
vls_mom_contrarian_v1_frozen,2025-05-21,2025-04-09,45282.29436550024,520912.0,566194.2943655002,1.1323885887310003,10,0.9200234004190286,CORPORATE_ACTION_UNKNOWN_FAIL_CLOSED,1.0,566194.2943655002,0.0,236,,,,,,,,,,,,,,,,,,,
vls_mom_contrarian_v1_frozen,2025-05-22,2025-04-09,45282.29436550024,512394.0,557676.2943655002,1.1153525887310005,10,0.9188018303395513,CORPORATE_ACTION_UNKNOWN_FAIL_CLOSED,1.0,557676.2943655002,0.0,238,,,,,,,,,,,,,,,,,,,
vls_mom_contrarian_v1_frozen,2025-05-23,2025-04-09,45282.29436550024,510643.0,555925.2943655002,1.1118505887310004,10,0.9185460801577976,CORPORATE_ACTION_UNKNOWN_FAIL_CLOSED,1.0,555925.2943655002,0.0,240,,,,,,,,,,,,,,,,,,,
vls_mom_contrarian_v1_frozen,2025-05-26,2025-04-09,45282.29436550024,510718.0,556000.2943655002,1.1120005887310005,10,0.9185570676411678,CORPORATE_ACTION_UNKNOWN_FAIL_CLOSED,1.0,556000.2943655002,0.0,242,,,,,,,,,,,,,,,,,,,
vls_mom_contrarian_v1_frozen,2025-05-27,2025-04-09,45282.29436550024,506630.0,551912.2943655002,1.1038245887310005,10,0.9179538219608634,CORPORATE_ACTION_UNKNOWN_FAIL_CLOSED,1.0,551912.2943655002,0.0,244,,,,,,,,,,,,,,,,,,,
vls_mom_contrarian_v1_frozen,2025-05-28,2025-04-09,45282.29436550024,502345.0,547627.2943655002,1.0952545887310003,10,0.9173118381216447,CORPORATE_ACTION_UNKNOWN_FAIL_CLOSED,1.0,547627.2943655002,0.0,246,,,,,,,,,,,,,,,,,,,
vls_mom_contrarian_v1_frozen,2025-05-29,2025-04-09,45282.29436550024,508144.0,553426.2943655002,1.1068525887310003,10,0.9181782744576383,CORPORATE_ACTION_UNKNOWN_FAIL_CLOSED,1.0,553426.2943655002,0.0,248,,,,,,,,,,,,,,,,,,,
vls_mom_contrarian_v1_frozen,2025-05-30,2025-04-09,45282.29436550024,500362.0,545644.2943655002,1.0912885887310004,10,0.9170113298478517,CORPORATE_ACTION_UNKNOWN_FAIL_CLOSED,1.0,545644.2943655002,0.0,250,,,,,,,,,,,,,,,,,,,
vls_mom_contrarian_v1_frozen,2025-06-03,2025-04-09,45282.29436550024,504457.0,549739.2943655002,1.0994785887310004,10,0.9176295112435718,CORPORATE_ACTION_UNKNOWN_FAIL_CLOSED,1.0,549739.2943655002,0.0,252,,,,,,,,,,,,,,,,,,,
vls_mom_contrarian_v1_frozen,2025-06-04,2025-04-09,45282.29436550024,515506.0,560788.2943655002,1.1215765887310005,10,0.9192524258789415,CORPORATE_ACTION_UNKNOWN_FAIL_CLOSED,1.0,560788.2943655002,0.0,254,,,,,,,,,,,,,,,,,,,
vls_mom_contrarian_v1_frozen,2025-06-05,2025-04-09,45282.29436550024,512471.0,557753.2943655002,1.1155065887310005,10,0.9188130400609945,CORPORATE_ACTION_UNKNOWN_FAIL_CLOSED,1.0,557753.2943655002,0.0,256,,,,,,,,,,,,,,,,,,,
vls_mom_contrarian_v1_frozen,2025-06-06,2025-04-09,45282.29436550024,510663.0,555945.2943655002,1.1118905887310004,10,0.9185490104432292,CORPORATE_ACTION_UNKNOWN_FAIL_CLOSED,1.0,555945.2943655002,0.0,258,,,,,,,,,,,,,,,,,,,
vls_mom_contrarian_v1_frozen,2025-06-09,2025-04-09,45282.29436550024,515993.0,561275.2943655002,1.1225505887310003,10,0.9193224878770229,CORPORATE_ACTION_UNKNOWN_FAIL_CLOSED,1.0,561275.2943655002,0.0,260,,,,,,,,,,,,,,,,,,,
vls_mom_contrarian_v1_frozen,2025-06-10,2025-04-09,45282.29436550024,513506.0,558788.2943655002,1.1175765887310005,10,0.9189634163383507,CORPORATE_ACTION_UNKNOWN_FAIL_CLOSED,1.0,558788.2943655002,0.0,262,,,,,,,,,,,,,,,,,,,
vls_mom_contrarian_v1_frozen,2025-06-11,2025-04-09,45282.29436550024,521668.0,566950.2943655002,1.1339005887310005,10,0.9201300452340753,CORPORATE_ACTION_UNKNOWN_FAIL_CLOSED,1.0,566950.2943655002,0.0,264,,,,,,,,,,,,,,,,,,,
vls_mom_contrarian_v1_frozen,2025-06-12,2025-04-09,45282.29436550024,522880.0,568162.2943655002,1.1363245887310005,10,0.920300423286502,CORPORATE_ACTION_UNKNOWN_FAIL_CLOSED,1.0,568162.2943655002,0.0,266,,,,,,,,,,,,,,,,,,,
vls_mom_contrarian_v1_frozen,2025-06-13,2025-04-09,45282.29436550024,514588.0,559870.2943655002,1.1197405887310004,10,0.9191200268683329,CORPORATE_ACTION_UNKNOWN_FAIL_CLOSED,1.0,559870.2943655002,0.0,268,,,,,,,,,,,,,,,,,,,
vls_mom_contrarian_v1_frozen,2025-06-16,2025-04-09,45282.29436550024,513666.0,558948.2943655002,1.1178965887310004,10,0.9189866132127602,CORPORATE_ACTION_UNKNOWN_FAIL_CLOSED,1.0,558948.2943655002,0.0,270,,,,,,,,,,,,,,,,,,,
vls_mom_contrarian_v1_frozen,2025-06-17,2025-04-09,45282.29436550024,511466.0,556748.2943655002,1.1134965887310004,10,0.9186664874885584,CORPORATE_ACTION_UNKNOWN_FAIL_CLOSED,1.0,556748.2943655002,0.0,272,,,,,,,,,,,,,,,,,,,
vls_mom_contrarian_v1_frozen,2025-06-18,2025-04-09,45282.29436550024,515097.0,560379.2943655002,1.1207585887310005,10,0.9191934912285225,CORPORATE_ACTION_UNKNOWN_FAIL_CLOSED,1.0,560379.2943655002,0.0,274,,,,,,,,,,,,,,,,,,,
vls_mom_contrarian_v1_frozen,2025-06-19,2025-04-09,45282.29436550024,511400.0,556682.2943655002,1.1133645887310004,10,0.918656844624253,CORPORATE_ACTION_UNKNOWN_FAIL_CLOSED,1.0,556682.2943655002,0.0,276,,,,,,,,,,,,,,,,,,,
vls_mom_contrarian_v1_frozen,2025-06-20,2025-04-09,45282.29436550024,514026.0,559308.2943655002,1.1186165887310004,10,0.9190387576553463,CORPORATE_ACTION_UNKNOWN_FAIL_CLOSED,1.0,559308.2943655002,0.0,278,,,,,,,,,,,,,,,,,,,
vls_mom_contrarian_v1_frozen,2025-06-23,2025-04-09,45282.29436550024,519798.0,565080.2943655002,1.1301605887310004,10,0.9198657344504547,CORPORATE_ACTION_UNKNOWN_FAIL_CLOSED,1.0,565080.2943655002,0.0,280,,,,,,,,,,,,,,,,,,,
vls_mom_contrarian_v1_frozen,2025-06-24,2025-04-09,45282.29436550024,533990.0,579272.2943655002,1.1585445887310004,10,0.9218290002716258,CORPORATE_ACTION_UNKNOWN_FAIL_CLOSED,1.0,579272.2943655002,0.0,282,,,,,,,,,,,,,,,,,,,
vls_mom_contrarian_v1_frozen,2025-06-25,2025-04-09,45282.29436550024,541862.0,587144.2943655002,1.1742885887310004,10,0.9228770596937594,CORPORATE_ACTION_UNKNOWN_FAIL_CLOSED,1.0,587144.2943655002,0.0,284,,,,,,,,,,,,,,,,,,,
vls_mom_contrarian_v1_frozen,2025-06-26,2025-04-09,45282.29436550024,538004.0,583286.2943655002,1.1665725887310003,10,0.9223669494673137,CORPORATE_ACTION_UNKNOWN_FAIL_CLOSED,1.0,583286.2943655002,0.0,286,,,,,,,,,,,,,,,,,,,
vls_mom_contrarian_v1_frozen,2025-06-27,2025-04-09,45282.29436550024,535948.0,581230.2943655002,1.1624605887310004,10,0.922092336197079,CORPORATE_ACTION_UNKNOWN_FAIL_CLOSED,1.0,581230.2943655002,0.0,288,,,,,,,,,,,,,,,,,,,
vls_mom_contrarian_v1_frozen,2025-06-30,2025-04-09,45282.29436550024,534377.0,579659.2943655002,1.1593185887310005,10,0.9218811898546946,CORPORATE_ACTION_UNKNOWN_FAIL_CLOSED,1.0,579659.2943655002,0.0,290,,,,,,,,,,,,,,,,,,,
vls_mom_contrarian_v1_frozen,2025-07-01,2025-04-09,45282.29436550024,536790.0,582072.2943655002,1.1641445887310005,10,0.9222050339728657,CORPORATE_ACTION_UNKNOWN_FAIL_CLOSED,1.0,582072.2943655002,0.0,292,,,,,,,,,,,,,,,,,,,
vls_mom_contrarian_v1_frozen,2025-07-02,2025-04-09,45282.29436550024,534752.0,580034.2943655002,1.1600685887310005,10,0.9219316947198191,CORPORATE_ACTION_UNKNOWN_FAIL_CLOSED,1.0,580034.2943655002,0.0,294,,,,,,,,,,,,,,,,,,,
vls_mom_contrarian_v1_frozen,2025-07-03,2025-04-09,45282.29436550024,535401.0,580683.2943655002,1.1613665887310005,10,0.9220189476692641,CORPORATE_ACTION_UNKNOWN_FAIL_CLOSED,1.0,580683.2943655002,0.0,296,,,,,,,,,,,,,,,,,,,
vls_mom_contrarian_v1_frozen,2025-07-04,2025-04-09,45282.29436550024,534984.0,580266.2943655002,1.1605325887310005,10,0.9219629077111661,CORPORATE_ACTION_UNKNOWN_FAIL_CLOSED,1.0,580266.2943655002,0.0,298,,,,,,,,,,,,,,,,,,,
vls_mom_contrarian_v1_frozen,2025-07-07,2025-04-09,45282.29436550024,540746.0,586028.2943655002,1.1720565887310004,10,0.922730191014876,CORPORATE_ACTION_UNKNOWN_FAIL_CLOSED,1.0,586028.2943655002,0.0,300,,,,,,,,,,,,,,,,,,,
vls_mom_contrarian_v1_frozen,2025-07-08,2025-04-09,45282.29436550024,538770.0,584052.2943655002,1.1681045887310004,10,0.9224687672621956,CORPORATE_ACTION_UNKNOWN_FAIL_CLOSED,1.0,584052.2943655002,0.0,302,,,,,,,,,,,,,,,,,,,
vls_mom_contrarian_v1_frozen,2025-07-09,2025-04-09,45282.29436550024,539765.0,585047.2943655002,1.1700945887310004,10,0.9226006259637349,CORPORATE_ACTION_UNKNOWN_FAIL_CLOSED,1.0,585047.2943655002,0.0,304,,,,,,,,,,,,,,,,,,,
vls_mom_contrarian_v1_frozen,2025-07-10,2025-04-09,45282.29436550024,538837.0,584119.2943655002,1.1682385887310005,10,0.9224776602959365,CORPORATE_ACTION_UNKNOWN_FAIL_CLOSED,1.0,584119.2943655002,0.0,306,,,,,,,,,,,,,,,,,,,
vls_mom_contrarian_v1_frozen,2025-07-11,2025-04-09,45282.29436550024,545547.0,590829.2943655002,1.1816585887310005,10,0.9233580751710534,CORPORATE_ACTION_UNKNOWN_FAIL_CLOSED,1.0,590829.2943655002,0.0,308,,,,,,,,,,,,,,,,,,,
vls_mom_contrarian_v1_frozen,2025-07-14,2025-04-09,45282.29436550024,542557.0,587839.2943655002,1.1756785887310004,10,0.9229682418315079,CORPORATE_ACTION_UNKNOWN_FAIL_CLOSED,1.0,587839.2943655002,0.0,310,,,,,,,,,,,,,,,,,,,
vls_mom_contrarian_v1_frozen,2025-07-15,2025-04-09,45282.29436550024,534886.0,580168.2943655002,1.1603365887310004,10,0.9219497259583564,CORPORATE_ACTION_UNKNOWN_FAIL_CLOSED,1.0,580168.2943655002,0.0,312,,,,,,,,,,,,,,,,,,,
vls_mom_contrarian_v1_frozen,2025-07-16,2025-04-09,45282.29436550024,539265.0,584547.2943655002,1.1690945887310005,10,0.9225344214198236,CORPORATE_ACTION_UNKNOWN_FAIL_CLOSED,1.0,584547.2943655002,0.0,314,,,,,,,,,,,,,,,,,,,
vls_mom_contrarian_v1_frozen,2025-07-17,2025-04-09,45282.29436550024,534240.0,579522.2943655002,1.1590445887310004,10,0.9218627224426658,CORPORATE_ACTION_UNKNOWN_FAIL_CLOSED,1.0,579522.2943655002,0.0,316,,,,,,,,,,,,,,,,,,,
vls_mom_contrarian_v1_frozen,2025-07-18,2025-04-09,45282.29436550024,535739.0,581021.2943655002,1.1620425887310004,10,0.9220643119200125,CORPORATE_ACTION_UNKNOWN_FAIL_CLOSED,1.0,581021.2943655002,0.0,318,,,,,,,,,,,,,,,,,,,
vls_mom_contrarian_v1_frozen,2025-07-21,2025-04-09,45282.29436550024,538264.0,583546.2943655002,1.1670925887310004,10,0.9224015389991699,CORPORATE_ACTION_UNKNOWN_FAIL_CLOSED,1.0,583546.2943655002,0.0,320,,,,,,,,,,,,,,,,,,,
vls_mom_contrarian_v1_frozen,2025-07-22,2025-04-09,45282.29436550024,541620.0,586902.2943655002,1.1738045887310005,10,0.9228452592531524,CORPORATE_ACTION_UNKNOWN_FAIL_CLOSED,1.0,586902.2943655002,0.0,322,,,,,,,,,,,,,,,,,,,
vls_mom_contrarian_v1_frozen,2025-07-23,2025-04-09,45282.29436550024,531652.0,576934.2943655002,1.1538685887310005,10,0.9215122158489457,CORPORATE_ACTION_UNKNOWN_FAIL_CLOSED,1.0,576934.2943655002,0.0,324,,,,,,,,,,,,,,,,,,,
vls_mom_contrarian_v1_frozen,2025-07-24,2025-04-09,45282.29436550024,534432.0,579714.2943655002,1.1594285887310005,10,0.9218886013237575,CORPORATE_ACTION_UNKNOWN_FAIL_CLOSED,1.0,579714.2943655002,0.0,326,,,,,,,,,,,,,,,,,,,
vls_mom_contrarian_v1_frozen,2025-07-25,2025-04-09,45282.29436550024,531462.0,576744.2943655002,1.1534885887310005,10,0.9214863591926521,CORPORATE_ACTION_UNKNOWN_FAIL_CLOSED,1.0,576744.2943655002,0.0,328,,,,,,,,,,,,,,,,,,,
vls_mom_contrarian_v1_frozen,2025-07-28,2025-04-09,45282.29436550024,529315.0,574597.2943655002,1.1491945887310004,10,0.9211929906222353,CORPORATE_ACTION_UNKNOWN_FAIL_CLOSED,1.0,574597.2943655002,0.0,330,,,,,,,,,,,,,,,,,,,
vls_mom_contrarian_v1_frozen,2025-07-29,2025-04-09,45282.29436550024,525564.0,570846.2943655002,1.1416925887310003,10,0.9206751540432931,CORPORATE_ACTION_UNKNOWN_FAIL_CLOSED,1.0,570846.2943655002,0.0,332,,,,,,,,,,,,,,,,,,,
vls_mom_contrarian_v1_frozen,2025-07-30,2025-04-09,45282.29436550024,518509.0,563791.2943655002,1.1275825887310005,10,0.9196825229157509,CORPORATE_ACTION_UNKNOWN_FAIL_CLOSED,1.0,563791.2943655002,0.0,334,,,,,,,,,,,,,,,,,,,
vls_mom_contrarian_v1_frozen,2025-07-31,2025-04-09,45282.29436550024,516183.0,561465.2943655002,1.1229305887310004,10,0.9193497891678724,CORPORATE_ACTION_UNKNOWN_FAIL_CLOSED,1.0,561465.2943655002,0.0,336,,,,,,,,,,,,,,,,,,,
vls_mom_contrarian_v1_frozen,2025-08-01,2025-04-09,45282.29436550024,512284.0,557566.2943655002,1.1151325887310004,10,0.9187858110809395,CORPORATE_ACTION_UNKNOWN_FAIL_CLOSED,1.0,557566.2943655002,0.0,338,,,,,,,,,,,,,,,,,,,
vls_mom_contrarian_v1_frozen,2025-08-04,2025-04-09,45282.29436550024,521876.0,567158.2943655002,1.1343165887310005,10,0.9201593367929863,CORPORATE_ACTION_UNKNOWN_FAIL_CLOSED,1.0,567158.2943655002,0.0,340,,,,,,,,,,,,,,,,,,,
vls_mom_contrarian_v1_frozen,2025-08-05,2025-04-09,45282.29436550024,525117.0,570399.2943655002,1.1407985887310004,10,0.9206129902108816,CORPORATE_ACTION_UNKNOWN_FAIL_CLOSED,1.0,570399.2943655002,0.0,342,,,,,,,,,,,,,,,,,,,
vls_mom_contrarian_v1_frozen,2025-08-06,2025-04-09,45282.29436550024,531041.0,576323.2943655002,1.1526465887310005,10,0.9214290055456573,CORPORATE_ACTION_UNKNOWN_FAIL_CLOSED,1.0,576323.2943655002,0.0,344,,,,,,,,,,,,,,,,,,,
vls_mom_contrarian_v1_frozen,2025-08-07,2025-04-09,45282.29436550024,527129.0,572411.2943655002,1.1448225887310004,10,0.9208920319860316,CORPORATE_ACTION_UNKNOWN_FAIL_CLOSED,1.0,572411.2943655002,0.0,346,,,,,,,,,,,,,,,,,,,
vls_mom_contrarian_v1_frozen,2025-08-08,2025-04-09,45282.29436550024,525105.0,570387.2943655002,1.1407745887310003,10,0.9206113200402328,CORPORATE_ACTION_UNKNOWN_FAIL_CLOSED,1.0,570387.2943655002,0.0,348,,,,,,,,,,,,,,,,,,,
vls_mom_contrarian_v1_frozen,2025-08-11,2025-04-09,45282.29436550024,526793.0,572075.2943655002,1.1441505887310004,10,0.9208455690859301,CORPORATE_ACTION_UNKNOWN_FAIL_CLOSED,1.0,572075.2943655002,0.0,350,,,,,,,,,,,,,,,,,,,
vls_mom_contrarian_v1_frozen,2025-08-12,2025-04-09,45282.29436550024,524933.0,570215.2943655002,1.1404305887310004,10,0.9205873732028049,CORPORATE_ACTION_UNKNOWN_FAIL_CLOSED,1.0,570215.2943655002,0.0,352,,,,,,,,,,,,,,,,,,,
vls_mom_contrarian_v1_frozen,2025-08-13,2025-04-09,45282.29436550024,531099.0,576381.2943655002,1.1527625887310005,10,0.9214369119744795,CORPORATE_ACTION_UNKNOWN_FAIL_CLOSED,1.0,576381.2943655002,0.0,354,,,,,,,,,,,,,,,,,,,
vls_mom_contrarian_v1_frozen,2025-08-14,2025-04-09,45282.29436550024,526223.0,571505.2943655002,1.1430105887310005,10,0.9207666231407816,CORPORATE_ACTION_UNKNOWN_FAIL_CLOSED,1.0,571505.2943655002,0.0,356,,,,,,,,,,,,,,,,,,,
vls_mom_contrarian_v1_frozen,2025-08-15,2025-04-09,45282.29436550024,544961.0,590243.2943655002,1.1804865887310005,10,0.9232819842296086,CORPORATE_ACTION_UNKNOWN_FAIL_CLOSED,1.0,590243.2943655002,0.0,358,,,,,,,,,,,,,,,,,,,
vls_mom_contrarian_v1_frozen,2025-08-18,2025-04-09,45282.29436550024,549687.0,594969.2943655002,1.1899385887310003,10,0.9238913759174898,CORPORATE_ACTION_UNKNOWN_FAIL_CLOSED,1.0,594969.2943655002,0.0,360,,,,,,,,,,,,,,,,,,,
vls_mom_contrarian_v1_frozen,2025-08-19,2025-04-09,45282.29436550024,550537.0,595819.2943655002,1.1916385887310004,10,0.9239999530164221,CORPORATE_ACTION_UNKNOWN_FAIL_CLOSED,1.0,595819.2943655002,0.0,362,,,,,,,,,,,,,,,,,,,
vls_mom_contrarian_v1_frozen,2025-08-20,2025-04-09,45282.29436550024,563335.0,608617.2943655002,1.2172345887310003,10,0.925598081446719,CORPORATE_ACTION_UNKNOWN_FAIL_CLOSED,1.0,608617.2943655002,0.0,364,,,,,,,,,,,,,,,,,,,
vls_mom_contrarian_v1_frozen,2025-08-21,2025-04-09,45282.29436550024,569014.0,614296.2943655002,1.2285925887310005,10,0.9262859066856788,CORPORATE_ACTION_UNKNOWN_FAIL_CLOSED,1.0,614296.2943655002,0.0,366,,,,,,,,,,,,,,,,,,,
vls_mom_contrarian_v1_frozen,2025-08-22,2025-04-09,45282.29436550024,566053.0,611335.2943655002,1.2226705887310005,10,0.925928872775948,CORPORATE_ACTION_UNKNOWN_FAIL_CLOSED,1.0,611335.2943655002,0.0,368,,,,,,,,,,,,,,,,,,,
vls_mom_contrarian_v1_frozen,2025-08-25,2025-04-09,45282.29436550024,571235.0,616517.2943655002,1.2330345887310004,10,0.9265514612820338,CORPORATE_ACTION_UNKNOWN_FAIL_CLOSED,1.0,616517.2943655002,0.0,370,,,,,,,,,,,,,,,,,,,
vls_mom_contrarian_v1_frozen,2025-08-26,2025-04-09,45282.29436550024,568166.0,613448.2943655002,1.2268965887310004,10,0.9261840080387925,CORPORATE_ACTION_UNKNOWN_FAIL_CLOSED,1.0,613448.2943655002,0.0,372,,,,,,,,,,,,,,,,,,,
vls_mom_contrarian_v1_frozen,2025-08-27,2025-04-09,45282.29436550024,558546.0,603828.2943655002,1.2076565887310005,10,0.9250079951733917,CORPORATE_ACTION_UNKNOWN_FAIL_CLOSED,1.0,603828.2943655002,0.0,374,,,,,,,,,,,,,,,,,,,
vls_mom_contrarian_v1_frozen,2025-08-28,2025-04-09,45282.29436550024,557736.0,603018.2943655002,1.2060365887310005,10,0.9249072627006341,CORPORATE_ACTION_UNKNOWN_FAIL_CLOSED,1.0,603018.2943655002,0.0,376,,,,,,,,,,,,,,,,,,,
vls_mom_contrarian_v1_frozen,2025-08-29,2025-04-09,45282.29436550024,566710.0,611992.2943655002,1.2239845887310004,10,0.926008391310796,CORPORATE_ACTION_UNKNOWN_FAIL_CLOSED,1.0,611992.2943655002,0.0,378,,,,,,,,,,,,,,,,,,,
vls_mom_contrarian_v1_frozen,2025-09-01,2025-04-09,45282.29436550024,561810.0,607092.2943655002,1.2141845887310003,10,0.9254111857689994,CORPORATE_ACTION_UNKNOWN_FAIL_CLOSED,1.0,607092.2943655002,0.0,380,,,,,,,,,,,,,,,,,,,
vls_mom_contrarian_v1_frozen,2025-09-02,2025-04-09,45282.29436550024,561026.0,606308.2943655002,1.2126165887310005,10,0.9253147370961039,CORPORATE_ACTION_UNKNOWN_FAIL_CLOSED,1.0,606308.2943655002,0.0,382,,,,,,,,,,,,,,,,,,,
vls_mom_contrarian_v1_frozen,2025-09-03,2025-04-09,45282.29436550024,554536.0,599818.2943655002,1.1996365887310005,10,0.9245066467780868,CORPORATE_ACTION_UNKNOWN_FAIL_CLOSED,1.0,599818.2943655002,0.0,384,,,,,,,,,,,,,,,,,,,
vls_mom_contrarian_v1_frozen,2025-09-04,2025-04-09,45282.29436550024,549263.0,594545.2943655002,1.1890905887310004,10,0.9238370990492397,CORPORATE_ACTION_UNKNOWN_FAIL_CLOSED,1.0,594545.2943655002,0.0,386,,,,,,,,,,,,,,,,,,,
vls_mom_contrarian_v1_frozen,2025-09-05,2025-04-09,45282.29436550024,571875.0,617157.2943655002,1.2343145887310005,10,0.9266276283551749,CORPORATE_ACTION_UNKNOWN_FAIL_CLOSED,1.0,617157.2943655002,0.0,388,,,,,,,,,,,,,,,,,,,
vls_mom_contrarian_v1_frozen,2025-09-08,2025-04-09,45282.29436550024,578106.0,623388.2943655002,1.2467765887310005,10,0.9273610127511464,CORPORATE_ACTION_UNKNOWN_FAIL_CLOSED,1.0,623388.2943655002,0.0,390,,,,,,,,,,,,,,,,,,,
vls_mom_contrarian_v1_frozen,2025-09-09,2025-04-09,45282.29436550024,568009.0,613291.2943655002,1.2265825887310005,10,0.9261651114543401,CORPORATE_ACTION_UNKNOWN_FAIL_CLOSED,1.0,613291.2943655002,0.0,392,,,,,,,,,,,,,,,,,,,
vls_mom_contrarian_v1_frozen,2025-09-10,2025-04-09,45282.29436550024,565818.0,611100.2943655002,1.2222005887310003,10,0.9259003885564866,CORPORATE_ACTION_UNKNOWN_FAIL_CLOSED,1.0,611100.2943655002,0.0,394,,,,,,,,,,,,,,,,,,,
vls_mom_contrarian_v1_frozen,2025-09-11,2025-04-09,45282.29436550024,567360.0,612642.2943655002,1.2252845887310004,10,0.9260868947802599,CORPORATE_ACTION_UNKNOWN_FAIL_CLOSED,1.0,612642.2943655002,0.0,396,,,,,,,,,,,,,,,,,,,
vls_mom_contrarian_v1_frozen,2025-09-12,2025-04-09,45282.29436550024,560076.0,605358.2943655002,1.2107165887310005,10,0.9251975321277089,CORPORATE_ACTION_UNKNOWN_FAIL_CLOSED,1.0,605358.2943655002,0.0,398,,,,,,,,,,,,,,,,,,,
vls_mom_contrarian_v1_frozen,2025-09-15,2025-04-09,45282.29436550024,560345.0,605627.2943655002,1.2112545887310004,10,0.9252307569576412,CORPORATE_ACTION_UNKNOWN_FAIL_CLOSED,1.0,605627.2943655002,0.0,400,,,,,,,,,,,,,,,,,,,
vls_mom_contrarian_v1_frozen,2025-09-16,2025-04-09,45282.29436550024,571585.0,616867.2943655002,1.2337345887310005,10,0.9265931347323627,CORPORATE_ACTION_UNKNOWN_FAIL_CLOSED,1.0,616867.2943655002,0.0,402,,,,,,,,,,,,,,,,,,,
vls_mom_contrarian_v1_frozen,2025-09-17,2025-04-09,45282.29436550024,579241.0,624523.2943655002,1.2490465887310005,10,0.9274930258422052,CORPORATE_ACTION_UNKNOWN_FAIL_CLOSED,1.0,624523.2943655002,0.0,404,,,,,,,,,,,,,,,,,,,
vls_mom_contrarian_v1_frozen,2025-09-18,2025-04-09,45282.29436550024,585816.0,631098.2943655002,1.2621965887310005,10,0.9282484285415055,CORPORATE_ACTION_UNKNOWN_FAIL_CLOSED,1.0,631098.2943655002,0.0,406,,,,,,,,,,,,,,,,,,,
vls_mom_contrarian_v1_frozen,2025-09-19,2025-04-09,45282.29436550024,580517.0,625799.2943655002,1.2515985887310004,10,0.9276408670108648,CORPORATE_ACTION_UNKNOWN_FAIL_CLOSED,1.0,625799.2943655002,0.0,408,,,,,,,,,,,,,,,,,,,
vls_mom_contrarian_v1_frozen,2025-09-22,2025-04-09,45282.29436550024,578904.0,624186.2943655002,1.2483725887310004,10,0.9274538791154799,CORPORATE_ACTION_UNKNOWN_FAIL_CLOSED,1.0,624186.2943655002,0.0,410,,,,,,,,,,,,,,,,,,,
vls_mom_contrarian_v1_frozen,2025-09-23,2025-04-09,45282.29436550024,569874.0,615156.2943655002,1.2303125887310005,10,0.9263889603662327,CORPORATE_ACTION_UNKNOWN_FAIL_CLOSED,1.0,615156.2943655002,0.0,412,,,,,,,,,,,,,,,,,,,
vls_mom_contrarian_v1_frozen,2025-09-24,2025-04-09,45282.29436550024,576268.0,621550.2943655002,1.2431005887310005,10,0.9271462104096887,CORPORATE_ACTION_UNKNOWN_FAIL_CLOSED,1.0,621550.2943655002,0.0,414,,,,,,,,,,,,,,,,,,,
vls_mom_contrarian_v1_frozen,2025-09-25,2025-04-09,45282.29436550024,565442.0,610724.2943655002,1.2214485887310005,10,0.9258547682100229,CORPORATE_ACTION_UNKNOWN_FAIL_CLOSED,1.0,610724.2943655002,0.0,416,,,,,,,,,,,,,,,,,,,
vls_mom_contrarian_v1_frozen,2025-09-26,2025-04-09,45282.29436550024,563989.0,609271.2943655002,1.2185425887310004,10,0.925677945466547,CORPORATE_ACTION_UNKNOWN_FAIL_CLOSED,1.0,609271.2943655002,0.0,418,,,,,,,,,,,,,,,,,,,
vls_mom_contrarian_v1_frozen,2025-09-29,2025-04-09,45282.29436550024,571717.0,616999.2943655002,1.2339985887310003,10,0.9266088392984843,CORPORATE_ACTION_UNKNOWN_FAIL_CLOSED,1.0,616999.2943655002,0.0,420,,,,,,,,,,,,,,,,,,,
vls_mom_contrarian_v1_frozen,2025-09-30,2025-04-09,45282.29436550024,572702.0,617984.2943655002,1.2359685887310004,10,0.926725816855924,CORPORATE_ACTION_UNKNOWN_FAIL_CLOSED,1.0,617984.2943655002,0.0,422,,,,,,,,,,,,,,,,,,,
vls_mom_contrarian_v1_frozen,2025-10-09,2025-04-09,45282.29436550024,583095.0,628377.2943655002,1.2567545887310005,10,0.9279377298137041,CORPORATE_ACTION_UNKNOWN_FAIL_CLOSED,1.0,628377.2943655002,0.0,424,,,,,,,,,,,,,,,,,,,
vls_mom_contrarian_v1_frozen,2025-10-10,2025-04-09,45282.29436550024,574761.0,620043.2943655002,1.2400865887310004,10,0.9269691410632248,CORPORATE_ACTION_UNKNOWN_FAIL_CLOSED,1.0,620043.2943655002,0.0,426,,,,,,,,,,,,,,,,,,,
vls_mom_contrarian_v1_frozen,2025-10-13,2025-04-09,45282.29436550024,566213.0,611495.2943655002,1.2229905887310004,10,0.9259482537596858,CORPORATE_ACTION_UNKNOWN_FAIL_CLOSED,1.0,611495.2943655002,0.0,428,,,,,,,,,,,,,,,,,,,
vls_mom_contrarian_v1_frozen,2025-10-14,2025-04-09,45282.29436550024,556225.0,601507.2943655002,1.2030145887310004,10,0.9247186280371442,CORPORATE_ACTION_UNKNOWN_FAIL_CLOSED,1.0,601507.2943655002,0.0,430,,,,,,,,,,,,,,,,,,,
vls_mom_contrarian_v1_frozen,2025-10-15,2025-04-09,45282.29436550024,567557.0,612839.2943655002,1.2256785887310004,10,0.9261106544866987,CORPORATE_ACTION_UNKNOWN_FAIL_CLOSED,1.0,612839.2943655002,0.0,432,,,,,,,,,,,,,,,,,,,
vls_mom_contrarian_v1_frozen,2025-10-16,2025-04-09,45282.29436550024,560804.0,606086.2943655002,1.2121725887310004,10,0.9252873810438077,CORPORATE_ACTION_UNKNOWN_FAIL_CLOSED,1.0,606086.2943655002,0.0,434,,,,,,,,,,,,,,,,,,,
vls_mom_contrarian_v1_frozen,2025-10-17,2025-04-09,45282.29436550024,541239.0,586521.2943655002,1.1730425887310005,10,0.9227951400903752,CORPORATE_ACTION_UNKNOWN_FAIL_CLOSED,1.0,586521.2943655002,0.0,436,,,,,,,,,,,,,,,,,,,
vls_mom_contrarian_v1_frozen,2025-10-20,2025-04-09,45282.29436550024,552336.0,597618.2943655002,1.1952365887310004,10,0.9242287346414368,CORPORATE_ACTION_UNKNOWN_FAIL_CLOSED,1.0,597618.2943655002,0.0,438,,,,,,,,,,,,,,,,,,,
vls_mom_contrarian_v1_frozen,2025-10-21,2025-04-09,45282.29436550024,563846.0,609128.2943655002,1.2182565887310004,10,0.9256604974939333,CORPORATE_ACTION_UNKNOWN_FAIL_CLOSED,1.0,609128.2943655002,0.0,440,,,,,,,,,,,,,,,,,,,
vls_mom_contrarian_v1_frozen,2025-10-22,2025-04-09,45282.29436550024,564319.0,609601.2943655002,1.2192025887310005,10,0.9257181787767823,CORPORATE_ACTION_UNKNOWN_FAIL_CLOSED,1.0,609601.2943655002,0.0,442,,,,,,,,,,,,,,,,,,,
vls_mom_contrarian_v1_frozen,2025-10-23,2025-04-09,45282.29436550024,558212.0,603494.2943655002,1.2069885887310003,10,0.9249664913350855,CORPORATE_ACTION_UNKNOWN_FAIL_CLOSED,1.0,603494.2943655002,0.0,444,,,,,,,,,,,,,,,,,,,
vls_mom_contrarian_v1_frozen,2025-10-24,2025-04-09,45282.29436550024,561789.0,607071.2943655002,1.2141425887310004,10,0.9254086055694193,CORPORATE_ACTION_UNKNOWN_FAIL_CLOSED,1.0,607071.2943655002,0.0,446,,,,,,,,,,,,,,,,,,,
vls_mom_contrarian_v1_frozen,2025-10-27,2025-04-09,45282.29436550024,567986.0,613268.2943655002,1.2265365887310005,10,0.926162342352379,CORPORATE_ACTION_UNKNOWN_FAIL_CLOSED,1.0,613268.2943655002,0.0,448,,,,,,,,,,,,,,,,,,,
vls_mom_contrarian_v1_frozen,2025-10-28,2025-04-09,45282.29436550024,571423.0,616705.2943655002,1.2334105887310005,10,0.9265738517583361,CORPORATE_ACTION_UNKNOWN_FAIL_CLOSED,1.0,616705.2943655002,0.0,450,,,,,,,,,,,,,,,,,,,
vls_mom_contrarian_v1_frozen,2025-10-29,2025-04-09,45282.29436550024,579148.0,624430.2943655002,1.2488605887310005,10,0.927482226960957,CORPORATE_ACTION_UNKNOWN_FAIL_CLOSED,1.0,624430.2943655002,0.0,452,,,,,,,,,,,,,,,,,,,
vls_mom_contrarian_v1_frozen,2025-10-30,2025-04-09,45282.29436550024,566787.0,612069.2943655002,1.2241385887310003,10,0.926017699658595,CORPORATE_ACTION_UNKNOWN_FAIL_CLOSED,1.0,612069.2943655002,0.0,454,,,,,,,,,,,,,,,,,,,
vls_mom_contrarian_v1_frozen,2025-10-31,2025-04-09,45282.29436550024,573346.0,618628.2943655002,1.2372565887310005,10,0.9268020962216992,CORPORATE_ACTION_UNKNOWN_FAIL_CLOSED,1.0,618628.2943655002,0.0,456,,,,,,,,,,,,,,,,,,,
vls_mom_contrarian_v1_frozen,2025-11-03,2025-04-09,45282.29436550024,571562.0,616844.2943655002,1.2336885887310005,10,0.9265903976430898,CORPORATE_ACTION_UNKNOWN_FAIL_CLOSED,1.0,616844.2943655002,0.0,458,,,,,,,,,,,,,,,,,,,
vls_mom_contrarian_v1_frozen,2025-11-04,2025-04-09,45282.29436550024,562220.0,607502.2943655002,1.2150045887310004,10,0.9254615253547398,CORPORATE_ACTION_UNKNOWN_FAIL_CLOSED,1.0,607502.2943655002,0.0,460,,,,,,,,,,,,,,,,,,,
vls_mom_contrarian_v1_frozen,2025-11-05,2025-04-09,45282.29436550024,571638.0,616920.2943655002,1.2338405887310004,10,0.9265994411610776,CORPORATE_ACTION_UNKNOWN_FAIL_CLOSED,1.0,616920.2943655002,0.0,462,,,,,,,,,,,,,,,,,,,
vls_mom_contrarian_v1_frozen,2025-11-06,2025-04-09,45282.29436550024,576675.0,621957.2943655002,1.2439145887310004,10,0.9271938848925381,CORPORATE_ACTION_UNKNOWN_FAIL_CLOSED,1.0,621957.2943655002,0.0,464,,,,,,,,,,,,,,,,,,,
vls_mom_contrarian_v1_frozen,2025-11-07,2025-04-09,45282.29436550024,571808.0,617090.2943655002,1.2341805887310004,10,0.9266196620187326,CORPORATE_ACTION_UNKNOWN_FAIL_CLOSED,1.0,617090.2943655002,0.0,466,,,,,,,,,,,,,,,,,,,
vls_mom_contrarian_v1_frozen,2025-11-10,2025-04-09,45282.29436550024,574408.0,619690.2943655002,1.2393805887310005,10,0.9269275398094388,CORPORATE_ACTION_UNKNOWN_FAIL_CLOSED,1.0,619690.2943655002,0.0,468,,,,,,,,,,,,,,,,,,,
vls_mom_contrarian_v1_frozen,2025-11-11,2025-04-09,45282.29436550024,576080.0,621362.2943655002,1.2427245887310003,10,0.9271241676939218,CORPORATE_ACTION_UNKNOWN_FAIL_CLOSED,1.0,621362.2943655002,0.0,470,,,,,,,,,,,,,,,,,,,
vls_mom_contrarian_v1_frozen,2025-11-12,2025-04-09,45282.29436550024,570159.0,615441.2943655002,1.2308825887310004,10,0.9264230483393469,CORPORATE_ACTION_UNKNOWN_FAIL_CLOSED,1.0,615441.2943655002,0.0,472,,,,,,,,,,,,,,,,,,,
vls_mom_contrarian_v1_frozen,2025-11-13,2025-04-09,45282.29436550024,576410.0,621692.2943655002,1.2433845887310004,10,0.9271628508574079,CORPORATE_ACTION_UNKNOWN_FAIL_CLOSED,1.0,621692.2943655002,0.0,474,,,,,,,,,,,,,,,,,,,
vls_mom_contrarian_v1_frozen,2025-11-14,2025-04-09,45282.29436550024,571451.0,616733.2943655002,1.2334665887310003,10,0.9265771853421876,CORPORATE_ACTION_UNKNOWN_FAIL_CLOSED,1.0,616733.2943655002,0.0,476,,,,,,,,,,,,,,,,,,,
vls_mom_contrarian_v1_frozen,2025-11-17,2025-04-09,45282.29436550024,579585.0,624867.2943655002,1.2497345887310005,10,0.9275329421561732,CORPORATE_ACTION_UNKNOWN_FAIL_CLOSED,1.0,624867.2943655002,0.0,478,,,,,,,,,,,,,,,,,,,
vls_mom_contrarian_v1_frozen,2025-11-18,2025-04-09,45282.29436550024,565976.0,611258.2943655002,1.2225165887310003,10,0.9259195420611769,CORPORATE_ACTION_UNKNOWN_FAIL_CLOSED,1.0,611258.2943655002,0.0,480,,,,,,,,,,,,,,,,,,,
vls_mom_contrarian_v1_frozen,2025-11-19,2025-04-09,45282.29436550024,563599.0,608881.2943655002,1.2177625887310004,10,0.9256303407831115,CORPORATE_ACTION_UNKNOWN_FAIL_CLOSED,1.0,608881.2943655002,0.0,482,,,,,,,,,,,,,,,,,,,
vls_mom_contrarian_v1_frozen,2025-11-20,2025-04-09,45282.29436550024,559704.0,604986.2943655002,1.2099725887310004,10,0.9251515368410262,CORPORATE_ACTION_UNKNOWN_FAIL_CLOSED,1.0,604986.2943655002,0.0,484,,,,,,,,,,,,,,,,,,,
vls_mom_contrarian_v1_frozen,2025-11-21,2025-04-09,45282.29436550024,532896.0,578178.2943655002,1.1563565887310003,10,0.9216810890225591,CORPORATE_ACTION_UNKNOWN_FAIL_CLOSED,1.0,578178.2943655002,0.0,486,,,,,,,,,,,,,,,,,,,
vls_mom_contrarian_v1_frozen,2025-11-24,2025-04-09,45282.29436550024,532574.0,577856.2943655002,1.1557125887310005,10,0.9216374472216813,CORPORATE_ACTION_UNKNOWN_FAIL_CLOSED,1.0,577856.2943655002,0.0,488,,,,,,,,,,,,,,,,,,,
vls_mom_contrarian_v1_frozen,2025-11-25,2025-04-09,45282.29436550024,535352.0,580634.2943655002,1.1612685887310004,10,0.922012366811741,CORPORATE_ACTION_UNKNOWN_FAIL_CLOSED,1.0,580634.2943655002,0.0,490,,,,,,,,,,,,,,,,,,,
vls_mom_contrarian_v1_frozen,2025-11-26,2025-04-09,45282.29436550024,535911.0,581193.2943655002,1.1623865887310005,10,0.9220873764296683,CORPORATE_ACTION_UNKNOWN_FAIL_CLOSED,1.0,581193.2943655002,0.0,492,,,,,,,,,,,,,,,,,,,
vls_mom_contrarian_v1_frozen,2025-11-27,2025-04-09,45282.29436550024,538843.0,584125.2943655002,1.1682505887310004,10,0.9224784565874902,CORPORATE_ACTION_UNKNOWN_FAIL_CLOSED,1.0,584125.2943655002,0.0,494,,,,,,,,,,,,,,,,,,,
vls_mom_contrarian_v1_frozen,2025-11-28,2025-04-09,45282.29436550024,551532.0,596814.2943655002,1.1936285887310005,10,0.9241266591752099,CORPORATE_ACTION_UNKNOWN_FAIL_CLOSED,1.0,596814.2943655002,0.0,496,,,,,,,,,,,,,,,,,,,
vls_mom_contrarian_v1_frozen,2025-12-01,2025-04-09,45282.29436550024,556397.0,601679.2943655002,1.2033585887310003,10,0.9247401484652176,CORPORATE_ACTION_UNKNOWN_FAIL_CLOSED,1.0,601679.2943655002,0.0,498,,,,,,,,,,,,,,,,,,,
vls_mom_contrarian_v1_frozen,2025-12-02,2025-04-09,45282.29436550024,555720.0,601002.2943655002,1.2020045887310005,10,0.924655371884551,CORPORATE_ACTION_UNKNOWN_FAIL_CLOSED,1.0,601002.2943655002,0.0,500,,,,,,,,,,,,,,,,,,,
vls_mom_contrarian_v1_frozen,2025-12-03,2025-04-09,45282.29436550024,555515.0,600797.2943655002,1.2015945887310004,10,0.9246296632987958,CORPORATE_ACTION_UNKNOWN_FAIL_CLOSED,1.0,600797.2943655002,0.0,502,,,,,,,,,,,,,,,,,,,
vls_mom_contrarian_v1_frozen,2025-12-04,2025-04-09,45282.29436550024,551058.0,596340.2943655002,1.1926805887310004,10,0.9240663513880442,CORPORATE_ACTION_UNKNOWN_FAIL_CLOSED,1.0,596340.2943655002,0.0,504,,,,,,,,,,,,,,,,,,,
vls_mom_contrarian_v1_frozen,2025-12-05,2025-04-09,45282.29436550024,555891.0,601173.2943655002,1.2023465887310005,10,0.9246768031948379,CORPORATE_ACTION_UNKNOWN_FAIL_CLOSED,1.0,601173.2943655002,0.0,506,,,,,,,,,,,,,,,,,,,
vls_mom_contrarian_v1_frozen,2025-12-08,2025-04-09,45282.29436550024,559475.0,604757.2943655002,1.2095145887310004,10,0.9251231943998137,CORPORATE_ACTION_UNKNOWN_FAIL_CLOSED,1.0,604757.2943655002,0.0,508,,,,,,,,,,,,,,,,,,,
vls_mom_contrarian_v1_frozen,2025-12-09,2025-04-09,45282.29436550024,549286.0,594568.2943655002,1.1891365887310004,10,0.9238400452990456,CORPORATE_ACTION_UNKNOWN_FAIL_CLOSED,1.0,594568.2943655002,0.0,510,,,,,,,,,,,,,,,,,,,
vls_mom_contrarian_v1_frozen,2025-12-10,2025-04-09,45282.29436550024,558463.0,603745.2943655002,1.2074905887310003,10,0.9249976856331623,CORPORATE_ACTION_UNKNOWN_FAIL_CLOSED,1.0,603745.2943655002,0.0,512,,,,,,,,,,,,,,,,,,,
vls_mom_contrarian_v1_frozen,2025-12-11,2025-04-09,45282.29436550024,547689.0,592971.2943655002,1.1859425887310004,10,0.9236349300619117,CORPORATE_ACTION_UNKNOWN_FAIL_CLOSED,1.0,592971.2943655002,0.0,514,,,,,,,,,,,,,,,,,,,
vls_mom_contrarian_v1_frozen,2025-12-12,2025-04-09,45282.29436550024,549370.0,594652.2943655002,1.1893045887310005,10,0.923850803579566,CORPORATE_ACTION_UNKNOWN_FAIL_CLOSED,1.0,594652.2943655002,0.0,516,,,,,,,,,,,,,,,,,,,
vls_mom_contrarian_v1_frozen,2025-12-15,2025-04-09,45282.29436550024,541785.0,587067.2943655002,1.1741345887310004,10,0.9228669442155841,CORPORATE_ACTION_UNKNOWN_FAIL_CLOSED,1.0,587067.2943655002,0.0,518,,,,,,,,,,,,,,,,,,,
vls_mom_contrarian_v1_frozen,2025-12-16,2025-04-09,45282.29436550024,537380.0,582662.2943655002,1.1653245887310004,10,0.9222838086428586,CORPORATE_ACTION_UNKNOWN_FAIL_CLOSED,1.0,582662.2943655002,0.0,520,,,,,,,,,,,,,,,,,,,
vls_mom_contrarian_v1_frozen,2025-12-17,2025-04-09,45282.29436550024,543541.0,588823.2943655002,1.1776465887310004,10,0.9230969718779636,CORPORATE_ACTION_UNKNOWN_FAIL_CLOSED,1.0,588823.2943655002,0.0,522,,,,,,,,,,,,,,,,,,,
vls_mom_contrarian_v1_frozen,2025-12-18,2025-04-09,45282.29436550024,544363.0,589645.2943655002,1.1792905887310003,10,0.9232041791934809,CORPORATE_ACTION_UNKNOWN_FAIL_CLOSED,1.0,589645.2943655002,0.0,524,,,,,,,,,,,,,,,,,,,
vls_mom_contrarian_v1_frozen,2025-12-19,2025-04-09,45282.29436550024,558327.0,603609.2943655002,1.2072185887310005,10,0.9249807867635639,CORPORATE_ACTION_UNKNOWN_FAIL_CLOSED,1.0,603609.2943655002,0.0,526,,,,,,,,,,,,,,,,,,,
vls_mom_contrarian_v1_frozen,2025-12-22,2025-04-09,45282.29436550024,565937.0,611219.2943655002,1.2224385887310005,10,0.9259148152178225,CORPORATE_ACTION_UNKNOWN_FAIL_CLOSED,1.0,611219.2943655002,0.0,528,,,,,,,,,,,,,,,,,,,
vls_mom_contrarian_v1_frozen,2025-12-23,2025-04-09,45282.29436550024,558179.0,603461.2943655002,1.2069225887310004,10,0.9249623881625887,CORPORATE_ACTION_UNKNOWN_FAIL_CLOSED,1.0,603461.2943655002,0.0,530,,,,,,,,,,,,,,,,,,,
vls_mom_contrarian_v1_frozen,2025-12-24,2025-04-09,45282.29436550024,563646.0,608928.2943655002,1.2178565887310004,10,0.925636080989332,CORPORATE_ACTION_UNKNOWN_FAIL_CLOSED,1.0,608928.2943655002,0.0,532,,,,,,,,,,,,,,,,,,,
vls_mom_contrarian_v1_frozen,2025-12-25,2025-04-09,45282.29436550024,568091.0,613373.2943655002,1.2267465887310005,10,0.9261749822147993,CORPORATE_ACTION_UNKNOWN_FAIL_CLOSED,1.0,613373.2943655002,0.0,534,,,,,,,,,,,,,,,,,,,
vls_mom_contrarian_v1_frozen,2025-12-26,2025-04-09,45282.29436550024,568871.0,614153.2943655002,1.2283065887310005,10,0.9262687430305447,CORPORATE_ACTION_UNKNOWN_FAIL_CLOSED,1.0,614153.2943655002,0.0,536,,,,,,,,,,,,,,,,,,,
vls_mom_contrarian_v1_frozen,2025-12-29,2025-04-09,45282.29436550024,571484.0,616766.2943655002,1.2335325887310005,10,0.9265811138202932,CORPORATE_ACTION_UNKNOWN_FAIL_CLOSED,1.0,616766.2943655002,0.0,538,,,,,,,,,,,,,,,,,,,
vls_mom_contrarian_v1_frozen,2025-12-30,2025-04-09,45282.29436550024,571899.0,617181.2943655002,1.2343625887310004,10,0.9266304815474793,CORPORATE_ACTION_UNKNOWN_FAIL_CLOSED,1.0,617181.2943655002,0.0,540,,,,,,,,,,,,,,,,,,,
vls_mom_contrarian_v1_frozen,2025-12-31,2025-04-09,45282.29436550024,569988.0,615270.2943655002,1.2305405887310004,10,0.9264025993450606,CORPORATE_ACTION_UNKNOWN_FAIL_CLOSED,1.0,615270.2943655002,0.0,542,,,,,,,,,,,,,,,,,,,
vls_mom_contrarian_v1_frozen,2026-01-05,2025-04-09,45282.29436550024,569513.0,614795.2943655002,1.2295905887310004,10,0.9263457368972972,CORPORATE_ACTION_UNKNOWN_FAIL_CLOSED,1.0,614795.2943655002,0.0,544,,,,,,,,,,,,,,,,,,,
vls_mom_contrarian_v1_frozen,2026-01-06,2026-01-05,60605.719213000346,557163.0,617768.7192130004,1.2355374384260007,10,0.9018957785848912,NO_ACTION_CONFIRMED,,617768.7192130004,0.0,580,1.0,1.0,0.0,44928.0,10.0,18.0,614795.2943655002,10.0,1.0,1.0,0.09884535914076653,0.0,0.0,0.09884535914076653,49973.397000000055,0.0,0.08954457931064151,0.0,0.0
vls_mom_contrarian_v1_frozen,2026-01-07,2026-01-05,60605.719213000346,567416.0,628021.7192130004,1.2560434384260009,10,0.9034974152025381,CORPORATE_ACTION_UNKNOWN_FAIL_CLOSED,1.0,628021.7192130004,0.0,582,,,,,,,,,,,,,,,,,,,
vls_mom_contrarian_v1_frozen,2026-01-08,2026-01-05,60605.719213000346,573177.0,633782.7192130004,1.2675654384260007,10,0.9043746107684073,CORPORATE_ACTION_UNKNOWN_FAIL_CLOSED,1.0,633782.7192130004,0.0,584,,,,,,,,,,,,,,,,,,,
vls_mom_contrarian_v1_frozen,2026-01-09,2026-01-05,60605.719213000346,581603.0,642208.7192130004,1.2844174384260008,10,0.9056292488721266,CORPORATE_ACTION_UNKNOWN_FAIL_CLOSED,1.0,642208.7192130004,0.0,586,,,,,,,,,,,,,,,,,,,
vls_mom_contrarian_v1_frozen,2026-01-12,2026-01-05,60605.719213000346,523899.0,584504.7192130004,1.1690094384260008,10,0.896312694798081,CORPORATE_ACTION_UNKNOWN_FAIL_CLOSED,1.0,584504.7192130004,0.0,588,,,,,,,,,,,,,,,,,,,
vls_mom_contrarian_v1_frozen,2026-01-13,2026-01-05,60605.719213000346,523706.0,584311.7192130004,1.1686234384260008,10,0.8962784465548129,CORPORATE_ACTION_UNKNOWN_FAIL_CLOSED,1.0,584311.7192130004,0.0,590,,,,,,,,,,,,,,,,,,,
vls_mom_contrarian_v1_frozen,2026-01-14,2026-01-05,60605.719213000346,530721.0,591326.7192130004,1.1826534384260008,10,0.8975089113279697,CORPORATE_ACTION_UNKNOWN_FAIL_CLOSED,1.0,591326.7192130004,0.0,592,,,,,,,,,,,,,,,,,,,
vls_mom_contrarian_v1_frozen,2026-01-15,2026-01-05,60605.719213000346,526903.0,587508.7192130004,1.1750174384260008,10,0.8968428599762995,CORPORATE_ACTION_UNKNOWN_FAIL_CLOSED,1.0,587508.7192130004,0.0,594,,,,,,,,,,,,,,,,,,,
vls_mom_contrarian_v1_frozen,2026-01-16,2026-01-05,60605.719213000346,519969.0,580574.7192130004,1.1611494384260008,10,0.8956108194046847,CORPORATE_ACTION_UNKNOWN_FAIL_CLOSED,1.0,580574.7192130004,0.0,596,,,,,,,,,,,,,,,,,,,
vls_mom_contrarian_v1_frozen,2026-01-19,2026-01-05,60605.719213000346,588250.0,648855.7192130004,1.2977114384260007,10,0.9065960005923824,CORPORATE_ACTION_UNKNOWN_FAIL_CLOSED,1.0,648855.7192130004,0.0,598,,,,,,,,,,,,,,,,,,,
vls_mom_contrarian_v1_frozen,2026-01-20,2026-01-05,60605.719213000346,581355.0,641960.7192130004,1.2839214384260007,10,0.9055927918965216,CORPORATE_ACTION_UNKNOWN_FAIL_CLOSED,1.0,641960.7192130004,0.0,600,,,,,,,,,,,,,,,,,,,
vls_mom_contrarian_v1_frozen,2026-01-21,2026-01-05,60605.719213000346,582278.0,642883.7192130004,1.2857674384260007,10,0.9057283340645301,CORPORATE_ACTION_UNKNOWN_FAIL_CLOSED,1.0,642883.7192130004,0.0,602,,,,,,,,,,,,,,,,,,,
vls_mom_contrarian_v1_frozen,2026-01-22,2026-01-05,60605.719213000346,588540.0,649145.7192130004,1.2982914384260007,10,0.9066377279873671,CORPORATE_ACTION_UNKNOWN_FAIL_CLOSED,1.0,649145.7192130004,0.0,604,,,,,,,,,,,,,,,,,,,
vls_mom_contrarian_v1_frozen,2026-01-23,2026-01-05,60605.719213000346,593896.0,654501.7192130004,1.3090034384260008,10,0.9074017417618472,CORPORATE_ACTION_UNKNOWN_FAIL_CLOSED,1.0,654501.7192130004,0.0,606,,,,,,,,,,,,,,,,,,,
vls_mom_contrarian_v1_frozen,2026-01-26,2026-01-05,60605.719213000346,594190.0,654795.7192130004,1.3095914384260008,10,0.9074433179162466,CORPORATE_ACTION_UNKNOWN_FAIL_CLOSED,1.0,654795.7192130004,0.0,608,,,,,,,,,,,,,,,,,,,
vls_mom_contrarian_v1_frozen,2026-01-27,2026-01-05,60605.719213000346,593607.0,654212.7192130004,1.3084254384260008,10,0.9073608362645297,CORPORATE_ACTION_UNKNOWN_FAIL_CLOSED,1.0,654212.7192130004,0.0,610,,,,,,,,,,,,,,,,,,,
vls_mom_contrarian_v1_frozen,2026-01-28,2026-01-05,60605.719213000346,588782.0,649387.7192130004,1.2987754384260009,10,0.9066725202526942,CORPORATE_ACTION_UNKNOWN_FAIL_CLOSED,1.0,649387.7192130004,0.0,612,,,,,,,,,,,,,,,,,,,
vls_mom_contrarian_v1_frozen,2026-01-29,2026-01-05,60605.719213000346,588456.0,649061.7192130004,1.2981234384260008,10,0.9066256452676242,CORPORATE_ACTION_UNKNOWN_FAIL_CLOSED,1.0,649061.7192130004,0.0,614,,,,,,,,,,,,,,,,,,,
vls_mom_contrarian_v1_frozen,2026-01-30,2026-01-05,60605.719213000346,590710.0,651315.7192130004,1.3026314384260007,10,0.9069487847057773,CORPORATE_ACTION_UNKNOWN_FAIL_CLOSED,1.0,651315.7192130004,0.0,616,,,,,,,,,,,,,,,,,,,
vls_mom_contrarian_v1_frozen,2026-02-02,2026-01-30,10134.961533000358,626450.0,636584.9615330003,1.2731699230660007,10,0.9840791690890817,NO_ACTION_CONFIRMED,,636584.9615330003,0.0,620,9.0,0.0,0.0,549478.0,10.0,2.0,651315.7192130004,10.0,1.0,9.0,0.015645178279785652,0.0,0.0,0.015645178279785652,9308.960000000006,0.0,0.0926818000796496,0.0,0.0
vls_mom_contrarian_v1_frozen,2026-02-03,2026-01-30,10134.961533000358,639258.0,649392.9615330003,1.2987859230660006,10,0.9843931761916929,CORPORATE_ACTION_UNKNOWN_FAIL_CLOSED,1.0,649392.9615330003,0.0,622,,,,,,,,,,,,,,,,,,,
vls_mom_contrarian_v1_frozen,2026-02-04,2026-01-30,10134.961533000358,635997.0,646131.9615330003,1.2922639230660007,10,0.984314409228489,CORPORATE_ACTION_UNKNOWN_FAIL_CLOSED,1.0,646131.9615330003,0.0,624,,,,,,,,,,,,,,,,,,,
vls_mom_contrarian_v1_frozen,2026-02-05,2026-01-30,10134.961533000358,630423.0,640557.9615330003,1.2811159230660008,10,0.9841779165327286,CORPORATE_ACTION_UNKNOWN_FAIL_CLOSED,1.0,640557.9615330003,0.0,626,,,,,,,,,,,,,,,,,,,
vls_mom_contrarian_v1_frozen,2026-02-06,2026-01-30,10134.961533000358,633318.0,643452.9615330003,1.2869059230660007,10,0.9842491026712283,CORPORATE_ACTION_UNKNOWN_FAIL_CLOSED,1.0,643452.9615330003,0.0,628,,,,,,,,,,,,,,,,,,,
vls_mom_contrarian_v1_frozen,2026-02-09,2026-01-30,10134.961533000358,641487.0,651621.9615330003,1.3032439230660007,10,0.9844465623762021,CORPORATE_ACTION_UNKNOWN_FAIL_CLOSED,1.0,651621.9615330003,0.0,630,,,,,,,,,,,,,,,,,,,
vls_mom_contrarian_v1_frozen,2026-02-10,2026-01-30,10134.961533000358,640986.0,651120.9615330003,1.3022419230660007,10,0.9844345949036281,CORPORATE_ACTION_UNKNOWN_FAIL_CLOSED,1.0,651120.9615330003,0.0,632,,,,,,,,,,,,,,,,,,,
vls_mom_contrarian_v1_frozen,2026-02-11,2026-01-30,10134.961533000358,640014.0,650148.9615330003,1.3002979230660008,10,0.9844113239693517,CORPORATE_ACTION_UNKNOWN_FAIL_CLOSED,1.0,650148.9615330003,0.0,634,,,,,,,,,,,,,,,,,,,
vls_mom_contrarian_v1_frozen,2026-02-12,2026-01-30,10134.961533000358,636983.0,647117.9615330003,1.2942359230660008,10,0.9843383090325742,CORPORATE_ACTION_UNKNOWN_FAIL_CLOSED,1.0,647117.9615330003,0.0,636,,,,,,,,,,,,,,,,,,,
vls_mom_contrarian_v1_frozen,2026-02-13,2026-01-30,10134.961533000358,629622.0,639756.9615330003,1.2795139230660006,10,0.9841581066836463,CORPORATE_ACTION_UNKNOWN_FAIL_CLOSED,1.0,639756.9615330003,0.0,638,,,,,,,,,,,,,,,,,,,
vls_mom_contrarian_v1_frozen,2026-02-24,2026-02-13,56149.04416675039,588175.0,644324.0441667504,1.2886480883335008,10,0.9128558918837754,NO_ACTION_CONFIRMED,,644324.0441667504,0.0,674,1.0,0.0,0.0,88960.0,10.0,18.0,639756.9615330003,10.0,1.0,1.0,0.0871451901207335,0.0,0.0,0.0871451901207335,43274.09300000011,0.0,0.07969735366089728,0.0,0.0
vls_mom_contrarian_v1_frozen,2026-02-25,2026-02-24,56149.04416675039,589457.0,645606.0441667504,1.2912120883335008,10,0.9130289366494098,NO_ACTION_CONFIRMED,,645606.0441667504,0.0,674,10.0,0.0,0.0,588175.0,10.0,0.0,644324.0441667504,10.0,1.0,10.0,0.08704117020432121,0.0,0.0,0.08704117020432121,0.0,0.0,0.0,0.0,0.0
vls_mom_contrarian_v1_frozen,2026-02-26,2026-02-25,56149.04416675039,589478.0,645627.0441667504,1.2912540883335009,10,0.9130317655153113,NO_ACTION_CONFIRMED,,645627.0441667504,0.0,674,10.0,0.0,0.0,589457.0,10.0,0.0,645606.0441667504,10.0,1.0,10.0,0.08696284667775192,0.0,0.0,0.08696284667775192,0.0,0.0,0.0,0.0,0.0
vls_mom_contrarian_v1_frozen,2026-02-27,2026-02-25,56149.04416675039,591102.0,647251.0441667504,1.2945020883335008,10,0.9132499751483062,CORPORATE_ACTION_UNKNOWN_FAIL_CLOSED,1.0,647251.0441667504,0.0,676,,,,,,,,,,,,,,,,,,,
vls_mom_contrarian_v1_frozen,2026-03-02,2026-02-27,56149.04416675039,575643.0,631792.0441667504,1.2635840883335008,10,0.91112733266402,NO_ACTION_CONFIRMED,,631792.0441667504,0.0,676,10.0,0.0,0.0,591102.0,10.0,0.0,647251.0441667504,10.0,1.0,10.0,0.08776482733630082,0.0,0.0,0.08776482733630082,0.0,0.0,0.0,0.0,0.0
vls_mom_contrarian_v1_frozen,2026-03-03,2026-03-02,56149.04416675039,557571.0,613720.0441667504,1.2274400883335008,10,0.9085103302386284,NO_ACTION_CONFIRMED,,613720.0441667504,0.0,676,10.0,0.0,0.0,575643.0,10.0,0.0,631792.0441667504,10.0,1.0,9.0,0.08879073373418023,0.0,0.0,0.08879073373418023,0.0,0.0,0.0,0.0,0.0
vls_mom_contrarian_v1_frozen,2026-03-04,2026-03-03,56149.04416675039,554073.0,610222.0441667504,1.2204440883335008,10,0.9079858803799506,NO_ACTION_CONFIRMED,,610222.0441667504,0.0,676,10.0,0.0,0.0,557571.0,10.0,0.0,613720.0441667504,10.0,1.0,10.0,0.09220541401076085,0.0,0.0,0.09220541401076085,0.0,0.0,0.0,0.0,0.0
vls_mom_contrarian_v1_frozen,2026-03-05,2026-03-03,56149.04416675039,562121.0,618270.0441667504,1.2365400883335007,10,0.9091836250251731,CORPORATE_ACTION_UNKNOWN_FAIL_CLOSED,1.0,618270.0441667504,0.0,678,,,,,,,,,,,,,,,,,,,
vls_mom_contrarian_v1_frozen,2026-03-06,2026-03-03,56149.04416675039,572561.0,628710.0441667504,1.2574200883335007,10,0.9106916698918552,CORPORATE_ACTION_UNKNOWN_FAIL_CLOSED,1.0,628710.0441667504,0.0,680,,,,,,,,,,,,,,,,,,,
vls_mom_contrarian_v1_frozen,2026-03-09,2026-03-06,56149.04416675039,569087.0,625236.0441667504,1.2504720883335008,10,0.910195445879036,NO_ACTION_CONFIRMED,,625236.0441667504,0.0,680,10.0,0.0,0.0,572561.0,10.0,0.0,628710.0441667504,10.0,1.0,10.0,0.08990045967081176,0.0,0.0,0.08990045967081176,0.0,0.0,0.0,0.0,0.0
vls_mom_contrarian_v1_frozen,2026-03-10,2026-03-06,56149.04416675039,576449.0,632598.0441667504,1.2651960883335007,10,0.9112405662892791,CORPORATE_ACTION_UNKNOWN_FAIL_CLOSED,1.0,632598.0441667504,0.0,682,,,,,,,,,,,,,,,,,,,
vls_mom_contrarian_v1_frozen,2026-03-11,2026-03-06,56149.04416675039,575028.0,631177.0441667504,1.2623540883335007,10,0.9110407377998424,CORPORATE_ACTION_UNKNOWN_FAIL_CLOSED,1.0,631177.0441667504,0.0,684,,,,,,,,,,,,,,,,,,,
vls_mom_contrarian_v1_frozen,2026-03-12,2026-03-11,13638.358808000427,611337.0,624975.3588080005,1.249950717616001,10,0.9781777655458088,NO_ACTION_CONFIRMED,,624975.3588080005,0.0,688,9.0,0.0,0.0,491428.0,10.0,2.0,631177.0441667504,10.0,1.0,9.0,0.021661723420044854,0.0,0.0,0.021661723420044854,13559.455000000016,0.0,0.09738888888888901,0.0,0.0
vls_mom_contrarian_v1_frozen,2026-03-13,2026-03-12,13638.358808000427,597479.0,611117.3588080005,1.2222347176160009,10,0.9776829137457289,NO_ACTION_CONFIRMED,,611117.3588080005,0.0,688,10.0,0.0,0.0,611337.0,10.0,0.0,624975.3588080005,10.0,1.0,10.0,0.021889060011251713,0.0,0.0,0.021889060011251713,0.0,0.0,0.0,0.0,0.0
vls_mom_contrarian_v1_frozen,2026-03-16,2026-03-12,13638.358808000427,601470.0,615108.3588080005,1.2302167176160008,10,0.9778277134220223,CORPORATE_ACTION_UNKNOWN_FAIL_CLOSED,1.0,615108.3588080005,0.0,690,,,,,,,,,,,,,,,,,,,
vls_mom_contrarian_v1_frozen,2026-03-17,2026-03-12,13638.358808000427,585419.0,599057.3588080005,1.198114717616001,10,0.977233634463421,CORPORATE_ACTION_UNKNOWN_FAIL_CLOSED,1.0,599057.3588080005,0.0,692,,,,,,,,,,,,,,,,,,,
vls_mom_contrarian_v1_frozen,2026-03-18,2026-03-17,13638.358808000427,601486.0,615124.3588080005,1.2302487176160009,10,0.9778282901453795,NO_ACTION_CONFIRMED,,615124.3588080005,0.0,692,10.0,0.0,0.0,585419.0,10.0,0.0,599057.3588080005,10.0,1.0,10.0,0.022645324823168615,0.0,0.0,0.022645324823168615,0.0,0.0,0.0,0.0,0.0
vls_mom_contrarian_v1_frozen,2026-03-19,2026-03-17,13638.358808000427,591653.0,605291.3588080005,1.210582717616001,10,0.9774681091848751,CORPORATE_ACTION_UNKNOWN_FAIL_CLOSED,1.0,605291.3588080005,0.0,694,,,,,,,,,,,,,,,,,,,
vls_mom_contrarian_v1_frozen,2026-03-20,2026-03-19,13638.358808000427,574610.0,588248.3588080005,1.1764967176160008,10,0.9768153049578641,NO_ACTION_CONFIRMED,,588248.3588080005,0.0,694,10.0,0.0,0.0,591653.0,10.0,0.0,605291.3588080005,10.0,1.0,10.0,0.02248067440578007,0.0,0.0,0.02248067440578007,0.0,0.0,0.0,0.0,0.0
vls_mom_contrarian_v1_frozen,2026-03-23,2026-03-20,13638.358808000427,542093.0,555731.3588080005,1.111462717616001,10,0.9754587201318752,NO_ACTION_CONFIRMED,,555731.3588080005,0.0,694,10.0,0.0,0.0,574610.0,10.0,0.0,588248.3588080005,10.0,1.0,10.0,0.02357748725591474,0.0,0.0,0.02357748725591474,0.0,0.0,0.0,0.0,0.0
vls_mom_contrarian_v1_frozen,2026-03-24,2026-03-23,40974.78033300052,533385.0,574359.7803330005,1.148719560666001,10,0.9286600807785597,NO_ACTION_CONFIRMED,,574359.7803330005,0.0,726,2.0,1.0,0.0,144734.0,10.0,16.0,555731.3588080005,10.0,1.0,2.0,0.07258304139441518,0.0,0.0,0.07258304139441518,29549.75000000006,0.0,0.07293083235638936,0.0,0.0
vls_mom_contrarian_v1_frozen,2026-03-25,2026-03-24,40974.78033300052,541340.0,582314.7803330005,1.1646295606660009,10,0.9296346551437887,NO_ACTION_CONFIRMED,,582314.7803330005,0.0,726,10.0,1.0,0.0,533385.0,10.0,0.0,574359.7803330005,10.0,1.0,9.0,0.07106450025412699,0.0,0.0,0.07106450025412699,0.0,0.0,0.0,0.0,0.0
vls_mom_contrarian_v1_frozen,2026-03-26,2026-03-25,11615.30697650052,565810.0,577425.3069765005,1.154850613953001,10,0.9798843125921856,NO_ACTION_CONFIRMED,,577425.3069765005,0.0,730,9.0,0.0,0.0,493868.0,10.0,2.0,582314.7803330005,10.0,1.0,9.0,0.01993516024411536,0.0,0.0,0.01993516024411536,7615.3000000000175,0.0,0.09023722627737245,0.0,0.0
vls_mom_contrarian_v1_frozen,2026-03-27,2026-03-25,11615.30697650052,572257.0,583872.3069765005,1.167744613953001,10,0.9801064259467129,CORPORATE_ACTION_UNKNOWN_FAIL_CLOSED,1.0,583872.3069765005,0.0,732,,,,,,,,,,,,,,,,,,,
vls_mom_contrarian_v1_frozen,2026-03-30,2026-03-27,11615.30697650052,573829.0,585444.3069765005,1.170888613953001,10,0.9801598429806462,NO_ACTION_CONFIRMED,,585444.3069765005,0.0,732,10.0,0.0,0.0,572257.0,10.0,0.0,583872.3069765005,10.0,1.0,10.0,0.019905165211303855,0.0,0.0,0.019905165211303855,0.0,0.0,0.0,0.0,0.0
vls_mom_contrarian_v1_frozen,2026-03-31,2026-03-27,11615.30697650052,563751.0,575366.3069765005,1.1507326139530012,10,0.9798123267983174,CORPORATE_ACTION_UNKNOWN_FAIL_CLOSED,1.0,575366.3069765005,0.0,734,,,,,,,,,,,,,,,,,,,
vls_mom_contrarian_v1_frozen,2026-04-01,2026-03-27,11615.30697650052,566757.0,578372.3069765005,1.156744613953001,10,0.9799172490861108,CORPORATE_ACTION_UNKNOWN_FAIL_CLOSED,1.0,578372.3069765005,0.0,736,,,,,,,,,,,,,,,,,,,
vls_mom_contrarian_v1_frozen,2026-04-02,2026-04-01,11615.30697650052,555332.0,566947.3069765005,1.133894613953001,10,0.9795125458158637,NO_ACTION_CONFIRMED,,566947.3069765005,0.0,736,10.0,0.0,0.0,566757.0,10.0,0.0,578372.3069765005,10.0,1.0,10.0,0.02025127451549908,0.0,0.0,0.02025127451549908,0.0,0.0,0.0,0.0,0.0
vls_mom_contrarian_v1_frozen,2026-04-03,2026-04-01,11615.30697650052,541496.0,553111.3069765005,1.1062226139530011,10,0.9790000550883802,CORPORATE_ACTION_UNKNOWN_FAIL_CLOSED,1.0,553111.3069765005,0.0,738,,,,,,,,,,,,,,,,,,,
vls_mom_contrarian_v1_frozen,2026-04-07,2026-04-01,11615.30697650052,553059.0,564674.3069765005,1.1293486139530011,10,0.979430077067445,CORPORATE_ACTION_UNKNOWN_FAIL_CLOSED,1.0,564674.3069765005,0.0,740,,,,,,,,,,,,,,,,,,,
vls_mom_contrarian_v1_frozen,2026-04-08,2026-04-01,11615.30697650052,563717.0,575332.3069765005,1.150664613953001,10,0.979811133781898,CORPORATE_ACTION_UNKNOWN_FAIL_CLOSED,1.0,575332.3069765005,0.0,742,,,,,,,,,,,,,,,,,,,
vls_mom_contrarian_v1_frozen,2026-04-09,2026-04-08,11615.30697650052,561928.0,573543.3069765005,1.1470866139530012,10,0.9797481605395555,NO_ACTION_CONFIRMED,,573543.3069765005,0.0,742,10.0,0.0,0.0,563717.0,10.0,0.0,575332.3069765005,10.0,1.0,10.0,0.020296286209572478,0.0,0.0,0.020296286209572478,0.0,0.0,0.0,0.0,0.0
vls_mom_contrarian_v1_frozen,2026-04-10,2026-04-08,11615.30697650052,563029.0,574644.3069765005,1.1492886139530012,10,0.9797869624122535,CORPORATE_ACTION_UNKNOWN_FAIL_CLOSED,1.0,574644.3069765005,0.0,744,,,,,,,,,,,,,,,,,,,
vls_mom_contrarian_v1_frozen,2026-04-13,2026-04-08,11615.30697650052,561997.0,573612.3069765005,1.1472246139530011,10,0.9797505966395237,CORPORATE_ACTION_UNKNOWN_FAIL_CLOSED,1.0,573612.3069765005,0.0,746,,,,,,,,,,,,,,,,,,,
vls_mom_contrarian_v1_frozen,2026-04-14,2026-04-13,12695.921817750539,561516.0,574211.9218177506,1.1484238436355012,10,0.9778898324201285,NO_ACTION_CONFIRMED,,574211.9218177506,0.0,750,9.0,0.0,0.0,455135.0,10.0,2.0,573612.3069765005,10.0,1.0,9.0,0.022066857179831492,0.0,0.0,0.022066857179831492,9391.36000000003,0.0,0.08114355231143576,0.0,0.0
vls_mom_contrarian_v1_frozen,2026-04-15,2026-04-13,12695.921817750539,554554.0,567249.9218177506,1.1344998436355012,10,0.9776184688098916,CORPORATE_ACTION_UNKNOWN_FAIL_CLOSED,1.0,567249.9218177506,0.0,752,,,,,,,,,,,,,,,,,,,
vls_mom_contrarian_v1_frozen,2026-04-16,2026-04-13,12695.921817750539,565392.0,578087.9218177506,1.1561758436355012,10,0.9780380780525059,CORPORATE_ACTION_UNKNOWN_FAIL_CLOSED,1.0,578087.9218177506,0.0,754,,,,,,,,,,,,,,,,,,,
vls_mom_contrarian_v1_frozen,2026-04-17,2026-04-13,12695.921817750539,570741.0,583436.9218177506,1.166873843635501,10,0.9782394268463586,CORPORATE_ACTION_UNKNOWN_FAIL_CLOSED,1.0,583436.9218177506,0.0,756,,,,,,,,,,,,,,,,,,,
vls_mom_contrarian_v1_frozen,2026-04-20,2026-04-13,12695.921817750539,522517.0,535212.9218177506,1.0704258436355012,10,0.9762787457099668,CORPORATE_ACTION_UNKNOWN_FAIL_CLOSED,1.0,535212.9218177506,0.0,758,,,,,,,,,,,,,,,,,,,
vls_mom_contrarian_v1_frozen,2026-04-21,2026-04-13,12695.921817750539,522888.0,535583.9218177506,1.0711678436355012,10,0.9762951774678726,CORPORATE_ACTION_UNKNOWN_FAIL_CLOSED,1.0,535583.9218177506,0.0,760,,,,,,,,,,,,,,,,,,,
vls_mom_contrarian_v1_frozen,2026-04-22,2026-04-13,12695.921817750539,524576.0,537271.9218177506,1.074543843635501,10,0.976369653238538,CORPORATE_ACTION_UNKNOWN_FAIL_CLOSED,1.0,537271.9218177506,0.0,762,,,,,,,,,,,,,,,,,,,
vls_mom_contrarian_v1_frozen,2026-04-23,2026-04-13,12695.921817750539,519579.0,532274.9218177506,1.0645498436355012,10,0.9761478114084481,CORPORATE_ACTION_UNKNOWN_FAIL_CLOSED,1.0,532274.9218177506,0.0,764,,,,,,,,,,,,,,,,,,,
vls_mom_contrarian_v1_frozen,2026-04-24,2026-04-13,12695.921817750539,514301.0,526996.9218177506,1.0539938436355012,10,0.9759089260446551,CORPORATE_ACTION_UNKNOWN_FAIL_CLOSED,1.0,526996.9218177506,0.0,766,,,,,,,,,,,,,,,,,,,
vls_mom_contrarian_v1_frozen,2026-04-27,2026-04-13,12695.921817750539,517073.0,529768.9218177506,1.0595378436355012,10,0.9760349818668334,CORPORATE_ACTION_UNKNOWN_FAIL_CLOSED,1.0,529768.9218177506,0.0,768,,,,,,,,,,,,,,,,,,,
vls_mom_contrarian_v1_frozen,2026-04-28,2026-04-13,12695.921817750539,514765.0,527460.9218177506,1.054921843635501,10,0.9759301186256651,CORPORATE_ACTION_UNKNOWN_FAIL_CLOSED,1.0,527460.9218177506,0.0,770,,,,,,,,,,,,,,,,,,,
vls_mom_contrarian_v1_frozen,2026-04-29,2026-04-13,12695.921817750539,472812.0,485507.92181775055,0.9710158436355011,10,0.9738502272625814,CORPORATE_ACTION_UNKNOWN_FAIL_CLOSED,1.0,485507.92181775055,0.0,772,,,,,,,,,,,,,,,,,,,
vls_mom_contrarian_v1_frozen,2026-04-30,2026-04-13,12695.921817750539,499562.0,512257.92181775055,1.024515843635501,10,0.975215762847163,CORPORATE_ACTION_UNKNOWN_FAIL_CLOSED,1.0,512257.92181775055,0.0,774,,,,,,,,,,,,,,,,,,,
vls_mom_contrarian_v1_frozen,2026-05-06,2026-04-13,12695.921817750539,500799.0,513494.92181775055,1.0269898436355012,10,0.9752754676272016,CORPORATE_ACTION_UNKNOWN_FAIL_CLOSED,1.0,513494.92181775055,0.0,776,,,,,,,,,,,,,,,,,,,
vls_mom_contrarian_v1_frozen,2026-05-07,2026-04-13,12695.921817750539,548397.0,561092.9218177506,1.122185843635501,10,0.977372871187503,CORPORATE_ACTION_UNKNOWN_FAIL_CLOSED,1.0,561092.9218177506,0.0,778,,,,,,,,,,,,,,,,,,,
vls_mom_contrarian_v1_frozen,2026-05-08,2026-04-13,12695.921817750539,553857.0,566552.9218177506,1.133105843635501,10,0.9775909339995698,CORPORATE_ACTION_UNKNOWN_FAIL_CLOSED,1.0,566552.9218177506,0.0,780,,,,,,,,,,,,,,,,,,,
vls_mom_contrarian_v1_frozen,2026-05-11,2026-04-13,12695.921817750539,561447.0,574142.9218177506,1.148285843635501,10,0.9778871752393029,CORPORATE_ACTION_UNKNOWN_FAIL_CLOSED,1.0,574142.9218177506,0.0,782,,,,,,,,,,,,,,,,,,,
vls_mom_contrarian_v1_frozen,2026-05-12,2026-04-13,12695.921817750539,563339.0,576034.9218177506,1.152069843635501,10,0.9779598053227624,CORPORATE_ACTION_UNKNOWN_FAIL_CLOSED,1.0,576034.9218177506,0.0,784,,,,,,,,,,,,,,,,,,,
vls_mom_contrarian_v1_frozen,2026-05-13,2026-04-13,12695.921817750539,569223.0,581918.9218177506,1.163837843635501,10,0.9781826619796241,CORPORATE_ACTION_UNKNOWN_FAIL_CLOSED,1.0,581918.9218177506,0.0,786,,,,,,,,,,,,,,,,,,,
vls_mom_contrarian_v1_frozen,2026-05-14,2026-04-13,12695.921817750539,554439.0,567134.9218177506,1.1342698436355012,10,0.9776139304258354,CORPORATE_ACTION_UNKNOWN_FAIL_CLOSED,1.0,567134.9218177506,0.0,788,,,,,,,,,,,,,,,,,,,
vls_mom_contrarian_v1_frozen,2026-05-15,2026-04-13,12695.921817750539,548164.0,560859.9218177506,1.1217198436355011,10,0.9773634711201988,CORPORATE_ACTION_UNKNOWN_FAIL_CLOSED,1.0,560859.9218177506,0.0,790,,,,,,,,,,,,,,,,,,,
vls_mom_contrarian_v1_frozen,2026-05-18,2026-04-13,12695.921817750539,547672.0,560367.9218177506,1.120735843635501,10,0.9773435963704581,CORPORATE_ACTION_UNKNOWN_FAIL_CLOSED,1.0,560367.9218177506,0.0,792,,,,,,,,,,,,,,,,,,,
vls_mom_contrarian_v1_frozen,2026-05-19,2026-04-13,12695.921817750539,547273.0,559968.9218177506,1.1199378436355012,10,0.9773274527869555,CORPORATE_ACTION_UNKNOWN_FAIL_CLOSED,1.0,559968.9218177506,0.0,794,,,,,,,,,,,,,,,,,,,
vls_mom_contrarian_v1_frozen,2026-05-20,2026-04-13,12695.921817750539,540417.0,553112.9218177506,1.106225843635501,10,0.9770464197870723,CORPORATE_ACTION_UNKNOWN_FAIL_CLOSED,1.0,553112.9218177506,0.0,796,,,,,,,,,,,,,,,,,,,
vls_mom_contrarian_v1_frozen,2026-05-21,2026-04-13,12695.921817750539,529783.0,542478.9218177506,1.0849578436355012,10,0.9765964698218895,CORPORATE_ACTION_UNKNOWN_FAIL_CLOSED,1.0,542478.9218177506,0.0,798,,,,,,,,,,,,,,,,,,,
vls_mom_contrarian_v1_frozen,2026-05-22,2026-04-13,12695.921817750539,537126.0,549821.9218177506,1.0996438436355012,10,0.9769090294257876,CORPORATE_ACTION_UNKNOWN_FAIL_CLOSED,1.0,549821.9218177506,0.0,800,,,,,,,,,,,,,,,,,,,
vls_mom_contrarian_v1_frozen,2026-05-25,2026-04-13,12695.921817750539,528979.0,541674.9218177506,1.0833498436355011,10,0.9765617323114284,CORPORATE_ACTION_UNKNOWN_FAIL_CLOSED,1.0,541674.9218177506,0.0,802,,,,,,,,,,,,,,,,,,,
vls_mom_contrarian_v1_frozen,2026-05-26,2026-04-13,12695.921817750539,522366.0,535061.9218177506,1.0701238436355012,10,0.9762720513270332,CORPORATE_ACTION_UNKNOWN_FAIL_CLOSED,1.0,535061.9218177506,0.0,804,,,,,,,,,,,,,,,,,,,
vls_mom_contrarian_v1_frozen,2026-05-27,2026-04-13,12695.921817750539,509981.0,522676.92181775055,1.0453538436355012,10,0.9757098098504196,CORPORATE_ACTION_UNKNOWN_FAIL_CLOSED,1.0,522676.92181775055,0.0,806,,,,,,,,,,,,,,,,,,,
vls_mom_contrarian_v1_frozen,2026-05-28,2026-04-13,12695.921817750539,514221.0,526916.9218177506,1.053833843635501,10,0.975905268379022,CORPORATE_ACTION_UNKNOWN_FAIL_CLOSED,1.0,526916.9218177506,0.0,808,,,,,,,,,,,,,,,,,,,
vls_mom_contrarian_v1_frozen,2026-05-29,2026-04-13,12695.921817750539,512028.0,524723.9218177506,1.049447843635501,10,0.9758045682884644,CORPORATE_ACTION_UNKNOWN_FAIL_CLOSED,1.0,524723.9218177506,0.0,810,,,,,,,,,,,,,,,,,,,
vls_mom_contrarian_v1_frozen,2026-06-01,2026-04-13,12695.921817750539,527268.0,539963.9218177506,1.079927843635501,10,0.9764874627641591,CORPORATE_ACTION_UNKNOWN_FAIL_CLOSED,1.0,539963.9218177506,0.0,812,,,,,,,,,,,,,,,,,,,
vls_mom_contrarian_v1_frozen,2026-06-02,2026-04-13,12695.921817750539,527559.0,540254.9218177506,1.0805098436355012,10,0.9765001274305218,CORPORATE_ACTION_UNKNOWN_FAIL_CLOSED,1.0,540254.9218177506,0.0,814,,,,,,,,,,,,,,,,,,,
vls_mom_contrarian_v1_frozen,2026-06-03,2026-04-13,12695.921817750539,521634.0,534329.9218177506,1.068659843635501,10,0.9762395454580571,CORPORATE_ACTION_UNKNOWN_FAIL_CLOSED,1.0,534329.9218177506,0.0,816,,,,,,,,,,,,,,,,,,,
vls_mom_contrarian_v1_frozen,2026-06-04,2026-04-13,12695.921817750539,516421.0,529116.9218177506,1.0582338436355012,10,0.9760054511692152,CORPORATE_ACTION_UNKNOWN_FAIL_CLOSED,1.0,529116.9218177506,0.0,818,,,,,,,,,,,,,,,,,,,
vls_mom_contrarian_v1_frozen,2026-06-05,2026-04-13,12695.921817750539,516398.0,529093.9218177506,1.058187843635501,10,0.9760044081131521,CORPORATE_ACTION_UNKNOWN_FAIL_CLOSED,1.0,529093.9218177506,0.0,820,,,,,,,,,,,,,,,,,,,
vls_mom_contrarian_v1_frozen,2026-06-08,2026-04-13,12695.921817750539,507690.0,520385.92181775055,1.0407718436355011,10,0.9756028722425798,CORPORATE_ACTION_UNKNOWN_FAIL_CLOSED,1.0,520385.92181775055,0.0,822,,,,,,,,,,,,,,,,,,,
vls_mom_contrarian_v1_frozen,2026-06-09,2026-04-13,12695.921817750539,513721.0,526416.9218177506,1.0528338436355011,10,0.9758823827814829,CORPORATE_ACTION_UNKNOWN_FAIL_CLOSED,1.0,526416.9218177506,0.0,824,,,,,,,,,,,,,,,,,,,
vls_mom_contrarian_v1_frozen,2026-06-10,2026-04-13,12695.921817750539,508724.0,521419.92181775055,1.042839843635501,10,0.9756512528836823,CORPORATE_ACTION_UNKNOWN_FAIL_CLOSED,1.0,521419.92181775055,0.0,826,,,,,,,,,,,,,,,,,,,
vls_mom_contrarian_v1_frozen,2026-06-11,2026-04-13,12695.921817750539,509664.0,522359.92181775055,1.0447198436355012,10,0.975695069075035,CORPORATE_ACTION_UNKNOWN_FAIL_CLOSED,1.0,522359.92181775055,0.0,828,,,,,,,,,,,,,,,,,,,
vls_mom_contrarian_v1_frozen,2026-06-12,2026-04-13,12695.921817750539,513207.0,525902.9218177506,1.0518058436355011,10,0.9758588110256777,CORPORATE_ACTION_UNKNOWN_FAIL_CLOSED,1.0,525902.9218177506,0.0,830,,,,,,,,,,,,,,,,,,,
vls_mom_contrarian_v1_frozen,2026-06-15,2026-04-13,12695.921817750539,521847.0,534542.9218177506,1.069085843635501,10,0.9762490133166909,CORPORATE_ACTION_UNKNOWN_FAIL_CLOSED,1.0,534542.9218177506,0.0,832,,,,,,,,,,,,,,,,,,,
vls_mom_contrarian_v1_frozen,2026-06-16,2026-04-13,12695.921817750539,513530.0,526225.9218177506,1.052451843635501,10,0.9758736290034994,CORPORATE_ACTION_UNKNOWN_FAIL_CLOSED,1.0,526225.9218177506,0.0,834,,,,,,,,,,,,,,,,,,,
vls_mom_contrarian_v1_frozen,2026-06-17,2026-04-13,12695.921817750539,490144.0,502839.92181775055,1.005679843635501,10,0.9747515635356573,CORPORATE_ACTION_UNKNOWN_FAIL_CLOSED,1.0,502839.92181775055,0.0,836,,,,,,,,,,,,,,,,,,,
vls_mom_contrarian_v1_frozen,2026-06-18,2026-04-13,12695.921817750539,481451.0,494146.92181775055,0.9882938436355011,10,0.9743073947095576,CORPORATE_ACTION_UNKNOWN_FAIL_CLOSED,1.0,494146.92181775055,0.0,838,,,,,,,,,,,,,,,,,,,
vls_mom_contrarian_v1_frozen,2026-06-22,2026-04-13,12695.921817750539,485310.0,498005.92181775055,0.9960118436355011,10,0.9745064842373566,CORPORATE_ACTION_UNKNOWN_FAIL_CLOSED,1.0,498005.92181775055,0.0,840,,,,,,,,,,,,,,,,,,,
vls_mom_contrarian_v1_frozen,2026-06-23,2026-04-13,12695.921817750539,483482.0,496177.92181775055,0.9923558436355011,10,0.9744125619873634,CORPORATE_ACTION_UNKNOWN_FAIL_CLOSED,1.0,496177.92181775055,0.0,842,,,,,,,,,,,,,,,,,,,
vls_mom_contrarian_v1_frozen,2026-06-24,2026-04-13,12695.921817750539,478409.0,491104.92181775055,0.9822098436355011,10,0.9741482496840828,CORPORATE_ACTION_UNKNOWN_FAIL_CLOSED,1.0,491104.92181775055,0.0,844,,,,,,,,,,,,,,,,,,,
vls_mom_contrarian_v1_frozen,2026-06-25,2026-04-13,12695.921817750539,466589.0,479284.92181775055,0.9585698436355011,10,0.9735107005461394,CORPORATE_ACTION_UNKNOWN_FAIL_CLOSED,1.0,479284.92181775055,0.0,846,,,,,,,,,,,,,,,,,,,
vls_mom_contrarian_v1_frozen,2026-06-26,2026-04-13,12695.921817750539,451080.0,463775.92181775055,0.9275518436355011,10,0.9726248793426157,CORPORATE_ACTION_UNKNOWN_FAIL_CLOSED,1.0,463775.92181775055,0.0,848,,,,,,,,,,,,,,,,,,,
vls_mom_contrarian_v1_frozen,2026-06-29,2026-04-13,12695.921817750539,443175.0,455870.92181775055,0.9117418436355011,10,0.9721501828475339,CORPORATE_ACTION_UNKNOWN_FAIL_CLOSED,1.0,455870.92181775055,0.0,850,,,,,,,,,,,,,,,,,,,
vls_mom_contrarian_v1_frozen,2026-06-30,2026-04-13,12695.921817750539,441822.0,454517.92181775055,0.9090358436355012,10,0.97206728006021,CORPORATE_ACTION_UNKNOWN_FAIL_CLOSED,1.0,454517.92181775055,0.0,852,,,,,,,,,,,,,,,,,,,
vls_mom_contrarian_v1_frozen,2026-07-01,2026-04-13,12695.921817750539,456547.0,469242.92181775055,0.9384858436355011,10,0.97294381816444,CORPORATE_ACTION_UNKNOWN_FAIL_CLOSED,1.0,469242.92181775055,0.0,854,,,,,,,,,,,,,,,,,,,
vls_mom_contrarian_v1_frozen,2026-07-02,2026-04-13,12695.921817750539,455071.0,467766.92181775055,0.9355338436355011,10,0.9728584446108032,CORPORATE_ACTION_UNKNOWN_FAIL_CLOSED,1.0,467766.92181775055,0.0,856,,,,,,,,,,,,,,,,,,,
vls_mom_contrarian_v1_frozen,2026-07-03,2026-04-13,12695.921817750539,463535.0,476230.92181775055,0.9524618436355011,10,0.973340828501243,CORPORATE_ACTION_UNKNOWN_FAIL_CLOSED,1.0,476230.92181775055,0.0,858,,,,,,,,,,,,,,,,,,,
vls_mom_contrarian_v1_frozen,2026-07-06,2026-04-13,12695.921817750539,460194.0,472889.92181775055,0.9457798436355012,10,0.9731524796110087,CORPORATE_ACTION_UNKNOWN_FAIL_CLOSED,1.0,472889.92181775055,0.0,860,,,,,,,,,,,,,,,,,,,
vls_mom_contrarian_v1_frozen,2026-07-07,2026-04-13,12695.921817750539,452068.0,464763.92181775055,0.9295278436355011,10,0.9726830736600741,CORPORATE_ACTION_UNKNOWN_FAIL_CLOSED,1.0,464763.92181775055,0.0,862,,,,,,,,,,,,,,,,,,,
vls_mom_contrarian_v1_frozen,2026-07-08,2026-04-13,12695.921817750539,448916.0,461611.92181775055,0.9232238436355011,10,0.972496546952782,CORPORATE_ACTION_UNKNOWN_FAIL_CLOSED,1.0,461611.92181775055,0.0,864,,,,,,,,,,,,,,,,,,,
vls_mom_contrarian_v1_frozen,2026-07-09,2026-04-13,12695.921817750539,447874.0,460569.92181775055,0.921139843635501,10,0.9724343227459513,CORPORATE_ACTION_UNKNOWN_FAIL_CLOSED,1.0,460569.92181775055,0.0,866,,,,,,,,,,,,,,,,,,,
vls_mom_contrarian_v1_frozen,2026-07-10,2026-04-13,12695.921817750539,450134.0,462829.92181775055,0.9256598436355011,10,0.9725689260368308,CORPORATE_ACTION_UNKNOWN_FAIL_CLOSED,1.0,462829.92181775055,0.0,868,,,,,,,,,,,,,,,,,,,
vls_mom_contrarian_v1_frozen,2026-07-13,2026-04-13,12695.921817750539,444082.0,456777.92181775055,0.9135558436355011,10,0.972205482771087,CORPORATE_ACTION_UNKNOWN_FAIL_CLOSED,1.0,456777.92181775055,0.0,870,,,,,,,,,,,,,,,,,,,
vls_mom_contrarian_v1_frozen,2026-07-14,2026-04-13,12695.921817750539,451809.0,464504.92181775055,0.9290098436355011,10,0.972667842209147,CORPORATE_ACTION_UNKNOWN_FAIL_CLOSED,1.0,464504.92181775055,0.0,872,,,,,,,,,,,,,,,,,,,
vls_mom_contrarian_v1_frozen,2026-07-15,2026-04-13,12695.921817750539,454614.0,467309.92181775055,0.9346198436355011,10,0.9728319018599783,CORPORATE_ACTION_UNKNOWN_FAIL_CLOSED,1.0,467309.92181775055,0.0,874,,,,,,,,,,,,,,,,,,,
vls_mom_contrarian_v1_frozen,2026-07-16,2026-04-13,12695.921817750539,458548.0,471243.92181775055,0.9424878436355011,10,0.9730587043568053,CORPORATE_ACTION_UNKNOWN_FAIL_CLOSED,1.0,471243.92181775055,0.0,876,,,,,,,,,,,,,,,,,,,
vls_mom_contrarian_v1_frozen,2026-07-17,2026-04-13,12695.921817750539,448248.0,460943.92181775055,0.9218878436355011,10,0.9724566889445386,CORPORATE_ACTION_UNKNOWN_FAIL_CLOSED,1.0,460943.92181775055,0.0,878,,,,,,,,,,,,,,,,,,,
vls_mom_contrarian_v1_frozen,2026-07-20,2026-04-13,12695.921817750539,442950.0,455645.92181775055,0.9112918436355011,10,0.9721364304829032,CORPORATE_ACTION_UNKNOWN_FAIL_CLOSED,1.0,455645.92181775055,0.0,880,,,,,,,,,,,,,,,,,,,
vls_mom_contrarian_v1_frozen,2026-07-21,2026-04-13,12695.921817750539,443856.0,456551.92181775055,0.9131038436355011,10,0.9721917240711592,CORPORATE_ACTION_UNKNOWN_FAIL_CLOSED,1.0,456551.92181775055,0.0,882,,,,,,,,,,,,,,,,,,,
vls_mom_contrarian_v1_frozen,2026-07-22,2026-04-13,12695.921817750539,441022.0,453717.92181775055,0.9074358436355011,10,0.9720180288076646,CORPORATE_ACTION_UNKNOWN_FAIL_CLOSED,1.0,453717.92181775055,0.0,884,,,,,,,,,,,,,,,,,,,
vls_mom_contrarian_v1_frozen,2026-07-23,2026-04-13,12695.921817750539,448443.0,461138.92181775055,0.9222778436355011,10,0.9724683360760249,CORPORATE_ACTION_UNKNOWN_FAIL_CLOSED,1.0,461138.92181775055,0.0,886,,,,,,,,,,,,,,,,,,,
vls_mom_contrarian_v1_frozen,2026-07-24,2026-04-13,12695.921817750539,437715.0,450410.92181775055,0.9008218436355011,10,0.9718125800180136,CORPORATE_ACTION_UNKNOWN_FAIL_CLOSED,1.0,450410.92181775055,0.0,888,,,,,,,,,,,,,,,,,,,
vls_mom_contrarian_v1_frozen,2026-07-27,2026-04-13,12695.921817750539,446368.0,459063.92181775055,0.9181278436355012,10,0.9723438910915093,CORPORATE_ACTION_UNKNOWN_FAIL_CLOSED,1.0,459063.92181775055,0.0,890,,,,,,,,,,,,,,,,,,,
vls_mom_contrarian_v1_frozen,2026-07-28,2026-04-13,12695.921817750539,444911.0,457606.92181775055,0.9152138436355011,10,0.9722558352760081,CORPORATE_ACTION_UNKNOWN_FAIL_CLOSED,1.0,457606.92181775055,0.0,892,,,,,,,,,,,,,,,,,,,
vls_mom_contrarian_v1_frozen,2026-07-29,2026-07-28,6015.739781250573,461244.0,467259.7397812506,0.9345194795625011,11,0.98712549087994,NO_ACTION_CONFIRMED,,467259.7397812506,0.0,929,1.0,1.0,0.0,41160.0,10.0,18.0,457606.92181775055,10.0,1.0,1.0,0.013187040401866202,0.0,0.0,0.013187040401866202,37407.90100000001,0.0,0.09093260618818834,1.0,0.0
vls_mom_contrarian_v1_frozen,2026-07-30,2026-07-29,252.21732600058021,459370.0,459622.21732600057,0.9192444346520011,11,0.9994512507957777,NO_ACTION_CONFIRMED,,459622.21732600057,0.0,937,9.0,0.0,0.0,383439.0,10.0,3.0,467259.7397812506,10.0,1.0,9.0,0.0005437778291410522,0.0,0.0,0.0005437778291410522,35539.97700000002,4200.0,0.42762318840579727,1.0,0.0
vls_mom_contrarian_v1_frozen,2026-07-31,2026-07-30,252.21732600058021,470020.0,470272.21732600057,0.9405444346520011,11,0.9994636780215623,NO_ACTION_CONFIRMED,,470272.21732600057,0.0,940,10.0,0.0,0.0,424340.0,10.0,1.0,459622.21732600057,10.0,1.0,10.0,0.0005435200280136071,0.0,0.0,0.0005435200280136071,0.0,0.0,0.0,1.0,0.0
