trade_date,market_avg_liquidity,market_avg_score,market_bs_ratio,market_hs300_ret_20,market_hs300_pct_chg,amount,market_amount_ratio_20,market_liquidity_bucket,index_bucket
2025-01-02,-0.034947000808881926,-0.013401586268298162,0.0,0.0,0.0,1403117564.017,,normal_liquidity,index_neutral
2025-01-03,-0.03633006647525338,-0.015479888814068274,0.0,0.0,0.0,1276014842.472,,normal_liquidity,index_neutral
2025-01-06,-0.036953839039332616,-0.01554202522321689,0.0,0.0,0.0,1066682411.477,,normal_liquidity,index_neutral
2025-01-07,-0.03870579853264091,-0.015119968746694669,0.0,0.0,0.0,1085039719.463,,normal_liquidity,index_neutral
2025-01-08,-0.0386720510479087,-0.016904398059792273,0.0,0.0,0.0,1253165674.489,,normal_liquidity,index_neutral
2025-01-09,-0.03829973982903051,-0.015606401748534752,0.0,0.0,0.0,1125538046.74,,normal_liquidity,index_neutral
2025-01-10,-0.03802604891130297,-0.014199301585160114,0.0,0.0,0.0,1159262568.985,,normal_liquidity,index_neutral
2025-01-13,-0.0376498241666781,-0.012002380489541444,0.0,0.0,0.0,973485825.435,,normal_liquidity,index_neutral
2025-01-14,-0.03787956492626556,-0.009483466685264194,0.0,0.0,0.0,1367539178.934,,normal_liquidity,index_neutral
2025-01-15,-0.03809352112598941,-0.009281742217323238,0.0,0.0,0.0,1207755774.196,1.0134218394805778,normal_liquidity,index_neutral
2025-01-16,-0.03757706576943724,-0.011719794176826467,0.0,0.0,0.0,1288977169.344,1.0736125611147438,normal_liquidity,index_neutral
2025-01-17,-0.037428862997275505,-0.012479259390880742,0.0,0.0,0.0,1147387200.185,0.9592224494257277,normal_liquidity,index_neutral
2025-01-20,-0.037220713788496285,-0.015203945384108984,0.0,0.0,0.0,1191740324.162,0.9965854182004361,normal_liquidity,index_neutral
2025-01-21,-0.0370543136987353,-0.010799369238747969,0.0,0.0,0.0,1213935208.894,1.0140487143236012,normal_liquidity,index_neutral
2025-01-22,-0.03687054551228369,-0.0100373383710112,0.0,0.0,0.0,1143422066.125,0.9580109527122402,normal_liquidity,index_neutral
2025-01-23,-0.03684722612584402,-0.008911176398120989,0.0,0.0,0.0,1363527308.852,1.132345471663592,normal_liquidity,index_neutral
2025-01-24,-0.03733604316674489,-0.008743115201349787,0.0,0.0,0.0,1227834893.057,1.01848148414923,normal_liquidity,index_neutral
2025-01-27,-0.0393000847683259,-0.010675020011405974,0.0,0.0,0.0,1123387383.831,0.9353847569446991,normal_liquidity,index_neutral
2025-02-05,-0.04063784984302796,-0.007317448622812934,0.0,0.0,0.0,1296129350.579,1.0747368179406132,normal_liquidity,index_neutral
2025-02-06,-0.039882500290080614,-0.001377922941361924,0.0,0.0,0.0,1551054638.51,1.2679785973537625,high_liquidity,index_neutral
2025-02-07,-0.03861308479681844,0.00011881675439976047,0.0,0.0,0.0,1986734864.257,1.5863032011002356,high_liquidity,index_neutral
2025-02-10,-0.037566814438798515,0.003221513006829385,0.0,0.0,0.0,1754399880.5,1.3745445337778108,high_liquidity,index_neutral
2025-02-11,-0.03759238447688218,0.0020635996479314235,0.0,0.0,0.0,1673440094.933,1.2806731798670083,high_liquidity,index_neutral
2025-02-12,-0.03574436676822577,0.0014351190738478466,0.0,0.0,0.0,1707269907.281,1.2761778396402772,high_liquidity,index_neutral
2025-02-13,-0.036473735697386225,0.0004120195786358048,0.0,0.0,0.0,1848966853.338,1.3519897251032713,high_liquidity,index_neutral
2025-02-14,-0.03712548404967075,0.001752164157967713,0.0,0.0,0.0,1738679967.264,1.243471690254429,high_liquidity,index_neutral
2025-02-17,-0.03695234356962489,0.0028591905441570043,0.0,0.0,0.0,1965742065.305,1.3664551500122892,high_liquidity,index_neutral
2025-02-18,-0.03690689832555699,0.0004250872591338214,0.0,0.0,0.0,1821274743.482,1.2297933858977113,high_liquidity,index_neutral
2025-02-19,-0.037193415177418934,0.0013172018144323333,0.0,0.0,0.0,1745224040.5,1.1636035635843445,normal_liquidity,index_neutral
2025-02-20,-0.03600100149776351,0.003757330539960008,0.0,0.0,0.0,1787876300.115,1.1694254184500321,normal_liquidity,index_neutral
2025-02-21,-0.03634161119629983,0.006178152866370329,0.0,0.0,0.0,2225793008.16,1.412582163091882,high_liquidity,index_neutral
2025-02-24,-0.036101768243384416,0.005740592818431458,0.0,0.0,0.0,2110052095.773,1.2994337879257476,high_liquidity,index_neutral
2025-02-25,-0.03434196772933708,0.007166658360564489,0.0,0.0,0.0,1920229913.218,1.1565917078851051,normal_liquidity,index_neutral
2025-02-26,-0.033072757270374446,0.00675038100190297,0.0,0.0,0.0,1965700079.928,1.157767271815077,normal_liquidity,index_neutral
2025-02-27,-0.03356423243962105,0.0054735445422620516,0.0,0.0,0.0,2037395134.162,1.169212900777724,normal_liquidity,index_neutral
2025-02-28,-0.03539264463500147,0.0016590941661948485,0.0,0.0,0.0,1900938419.1759999,1.0743369379344672,normal_liquidity,index_neutral
2025-03-03,-0.03380172206925807,0.0006137951959475659,0.0,0.0,0.0,1659690798.616,0.9266843923304319,normal_liquidity,index_neutral
2025-03-04,-0.032502064245282083,0.004401683050255453,0.0,0.0,0.0,1475995472.249,0.816085090430836,normal_liquidity,index_neutral
2025-03-05,-0.030862428636976923,0.00225716054365257,0.0,0.0,0.0,1541978743.607,0.8468121477834718,normal_liquidity,index_neutral
2025-03-06,-0.030038529530205922,0.0030969763117119453,0.0,0.0,0.0,1946575414.832,1.0575203163875537,normal_liquidity,index_neutral
2025-03-07,-0.030717068016052156,0.001692677484716278,0.0,0.0,0.0,1853045035.8470001,1.0103770438368418,normal_liquidity,index_neutral
2025-03-10,-0.030324498006217435,1.3001330783671847e-06,0.0,0.0,0.0,1539293102.842,0.8442541058820919,normal_liquidity,index_neutral
2025-03-11,-0.029838956977611884,0.0004060338463801122,0.0,0.0,0.0,1515774024.679,0.8349648025310461,normal_liquidity,index_neutral
2025-03-12,-0.029668205559300814,-0.0007012052048141032,0.0,0.0,0.0,1719833022.933,0.9470430976496019,normal_liquidity,index_neutral
2025-03-13,-0.03004113397165412,-0.0019386617328247325,0.0,0.0,0.0,1643585455.085,0.9102036063996809,normal_liquidity,index_neutral
2025-03-14,-0.030433841217558235,-0.003699152080505288,0.0,0.0,0.0,1835141655.645,1.0135785453525816,normal_liquidity,index_neutral
2025-03-17,-0.030921440446562844,-0.00484730501452319,0.0,0.0,0.0,1616023739.491,0.9012603128727616,normal_liquidity,index_neutral
2025-03-18,-0.031209918598859774,-0.0020909826349627125,0.0,0.0,0.0,1560648425.085,0.8767492265820359,normal_liquidity,index_neutral
2025-03-19,-0.029614492289050078,-0.005543793736012766,0.0,0.0,0.0,1503914607.74,0.8506428366631623,normal_liquidity,index_neutral
2025-03-20,-0.0301787246036353,-0.007290965782316606,0.0,0.0,0.0,1473758213.573,0.8410573873435394,normal_liquidity,index_neutral
2025-03-21,-0.03266506589338577,-0.011999892210514968,0.0,0.0,0.0,1574923630.477,0.9157997752755466,normal_liquidity,index_neutral
2025-03-24,-0.03449282158271191,-0.015147180678212396,0.0,0.0,0.0,1468125309.338,0.8699339343362033,normal_liquidity,index_neutral
2025-03-25,-0.037238204140587386,-0.018364357903367403,0.0,0.0,0.0,1283153555.635,0.7749566180702181,low_liquidity,index_neutral
2025-03-26,-0.038842725061854835,-0.018005984966002246,0.0,0.0,0.0,1176004546.436,0.7275950528745604,low_liquidity,index_neutral
2025-03-27,-0.038939056595826374,-0.016975419355544582,0.0,0.0,0.0,1214010045.935,0.7707409825951234,low_liquidity,index_neutral
2025-03-28,-0.03681347827074672,-0.013022785349840946,0.0,0.0,0.0,1143318650.338,0.7437478168022997,low_liquidity,index_neutral
2025-03-31,-0.03545849004388993,-0.011491362515859582,0.0,0.0,0.0,1237957065.257,0.8165119726107225,normal_liquidity,index_neutral
2025-04-01,-0.0341171821067208,-0.012019639082677933,0.0,0.0,0.0,1148595210.161,0.7658409456785525,low_liquidity,index_neutral
2025-04-02,-0.03432012681450205,-0.011480197924724829,0.0,0.0,0.0,988724399.844,0.6716329023465493,low_liquidity,index_neutral
2025-04-03,-0.03486428186892376,-0.0157624404085485,0.0,0.0,0.0,1156994092.478,0.8075951613044757,normal_liquidity,index_neutral
2025-04-07,-0.035103741483686064,-0.027595583497449994,0.0,0.0,0.0,1615823180.917,1.1372788686133288,normal_liquidity,index_neutral
2025-04-08,-0.034478661219371355,-0.01968697873984467,0.0,0.0,0.0,1651126539.587,1.157570961521947,normal_liquidity,index_neutral
2025-04-09,-0.03584045030671423,-0.018753990681614676,0.0,0.0,0.0,1738431931.993,1.2093400290470837,high_liquidity,index_neutral
2025-04-10,-0.03641813307915762,-0.018179314567425744,0.0,0.0,0.0,1656190734.607,1.1546850010872143,normal_liquidity,index_neutral
2025-04-11,-0.03572847339781867,-0.01565382435450716,0.0,0.0,0.0,1388922625.772,0.9770209442619209,normal_liquidity,index_neutral
2025-04-14,-0.03446898516183463,-0.016617849264157814,0.0,0.0,0.0,1310640857.207,0.9392821596825597,normal_liquidity,index_neutral
2025-04-15,-0.033883852015363085,-0.016041037027043722,0.0,0.0,0.0,1108969603.713,0.8094599739807603,normal_liquidity,index_neutral
2025-04-16,-0.03487149857522036,-0.017110521137538387,0.0,0.0,0.0,1139501130.277,0.844729234473902,normal_liquidity,index_neutral
2025-04-17,-0.03464786512217681,-0.017868166266301895,0.0,0.0,0.0,1027442522.239,0.7753518413071125,low_liquidity,index_neutral
2025-04-18,-0.03454155551181013,-0.018767461220761675,0.0,0.0,0.0,946922018.253,0.7290807851799466,low_liquidity,index_neutral
2025-04-21,-0.034747085050627756,-0.01645422966222809,0.0,0.0,0.0,1072098061.445,0.8417540754740277,normal_liquidity,index_neutral
2025-04-22,-0.034237183118338295,-0.014644731982142657,0.0,0.0,0.0,1119553071.619,0.8912085222267896,normal_liquidity,index_neutral
2025-04-23,-0.03449337702386297,-0.011734830223153345,0.0,0.0,0.0,1260827664.058,1.004561352996943,normal_liquidity,index_neutral
2025-04-24,-0.03550153431351822,-0.013061006155684875,0.0,0.0,0.0,1136838379.912,0.9071886604899787,normal_liquidity,index_neutral
2025-04-25,-0.0355408647971501,-0.013731568928308827,0.0,0.0,0.0,1135660300.179,0.9090904929819908,normal_liquidity,index_neutral
2025-04-28,-0.03484299970327376,-0.010971039072695888,0.0,0.0,0.0,1076008041.058,0.863665946828119,normal_liquidity,index_neutral
2025-04-29,-0.03515494100975814,-0.009983179139300665,0.0,0.0,0.0,1040380953.838,0.8417440362775146,normal_liquidity,index_neutral
2025-04-30,-0.03784259876170214,-0.009575584682133287,0.0,0.0,0.0,1191984772.445,0.9627127606435033,normal_liquidity,index_neutral
2025-05-06,-0.04033024103020291,-0.009690003980323386,0.0,0.0,0.0,1363352613.483,1.0847088553248863,normal_liquidity,index_neutral
2025-05-07,-0.03963825578681525,-0.00771180134448878,0.0,0.0,0.0,1503601600.439,1.1800229795493409,normal_liquidity,index_neutral
2025-05-08,-0.04119393059461957,0.010808075527455928,0.0,0.0,0.0,1319992591.349,1.0480937098246963,normal_liquidity,index_neutral
2025-05-09,-0.044079822686457236,0.00032463232435903317,0.0,0.0,0.0,1220099203.537,0.9856433091303201,normal_liquidity,index_neutral
2025-05-12,-0.04434409949930227,0.00029811247413849063,0.0,0.0,0.0,1337437257.585,1.0982213623965844,normal_liquidity,index_neutral
2025-05-13,-0.044713689133517434,-0.0006630297800546231,0.0,0.0,0.0,1323740623.041,1.1020163683346051,normal_liquidity,index_neutral
2025-05-14,-0.04443805371526224,-0.003918975317875237,0.0,0.0,0.0,1348773513.283,1.124735963269897,normal_liquidity,index_neutral
2025-05-15,-0.04745521952147765,-0.005425251254928217,0.0,0.0,0.0,1189376070.484,0.9968553842261093,normal_liquidity,index_neutral
2025-05-16,-0.04798020355866748,-0.005438334068889852,0.0,0.0,0.0,1123054499.616,0.9407138271540346,normal_liquidity,index_neutral
2025-05-19,-0.04730170391929696,-0.004905081205637742,0.0,0.0,0.0,1117972388.416,0.9373019871801251,normal_liquidity,index_neutral
2025-05-20,-0.04843655348971885,-0.0038990662911085154,0.0,0.0,0.0,1210164397.581,1.0068828956185738,normal_liquidity,index_neutral
2025-05-21,-0.049940044188660576,-0.004172918798414408,0.0,0.0,0.0,1213143464.343,0.9983052139538366,normal_liquidity,index_neutral
2025-05-22,-0.04785481492692575,-0.004689125326527075,0.0,0.0,0.0,1138380796.479,0.9342345601948719,normal_liquidity,index_neutral
2025-05-23,-0.04781228328710125,-0.0035830360509475,0.0,0.0,0.0,1181555953.009,0.967206339743651,normal_liquidity,index_neutral
2025-05-26,-0.04782945819612556,-0.0049029263854751945,0.0,0.0,0.0,1033129473.243,0.8536620904212597,normal_liquidity,index_neutral
2025-05-27,-0.04748051571250093,-0.004500663852280422,0.0,0.0,0.0,1023347211.765,0.8495625726213691,normal_liquidity,index_neutral
2025-05-28,-0.04773715042106284,-0.004561709057764207,0.0,0.0,0.0,1033003087.443,0.8612486412248207,normal_liquidity,index_neutral
2025-05-29,-0.051275644118454915,-0.004237991672371413,0.0,0.0,0.0,1212457164.4490001,1.005148017522225,normal_liquidity,index_neutral
2025-05-30,-0.0519002525138535,-0.006284439282137758,0.0,0.0,0.0,1163216746.456,0.9594417154777012,normal_liquidity,index_neutral
2025-06-03,-0.051936989914109555,-0.007514360997555582,0.0,0.0,0.0,1162971259.35,0.9603883792734278,normal_liquidity,index_neutral
2025-06-04,-0.05047005868354221,-0.009074739410658002,0.0,0.0,0.0,1176713383.134,0.9792834422861764,normal_liquidity,index_neutral
2025-06-05,-0.05067160028774565,-0.006821083290627047,0.0,0.0,0.0,1316163509.541,1.1039467205095723,normal_liquidity,index_neutral
2025-06-06,-0.049636011570992275,-0.00939821751565568,0.0,0.0,0.0,1176615041.773,0.9928689944523977,normal_liquidity,index_neutral
2025-06-09,-0.049050033205393216,-0.0053765625200542285,0.0,0.0,0.0,1311963992.017,1.1028067717093684,normal_liquidity,index_neutral
2025-06-10,-0.04866195931782677,-0.007873586055195912,0.0,0.0,0.0,1450200443.594,1.2132551662491426,high_liquidity,index_neutral
2025-06-11,-0.04806454244278986,-0.0071569675180930365,0.0,0.0,0.0,1285889149.924,1.0774964118527413,normal_liquidity,index_neutral
2025-06-12,-0.0478851727514905,-0.004707963360556364,0.0,0.0,0.0,1302810396.294,1.0937816914066198,normal_liquidity,index_neutral
2025-06-13,-0.04652367294698502,-0.003957176024884049,0.0,0.0,0.0,1502915233.152,1.2453894034208288,high_liquidity,index_neutral
2025-06-16,-0.04742730345398834,-0.00308818081979909,0.0,0.0,0.0,1242935042.193,1.0248665874862115,normal_liquidity,index_neutral
2025-06-17,-0.04807874914736557,-0.002949365841396938,0.0,0.0,0.0,1236439784.649,1.0145556714751687,normal_liquidity,index_neutral
2025-06-18,-0.04610641930589133,-0.0013944417035157354,0.0,0.0,0.0,1221073034.848,1.001498324499711,normal_liquidity,index_neutral
2025-06-19,-0.043586761960102936,-2.99040209157022e-05,0.0,0.0,0.0,1280095035.515,1.0470321779709455,normal_liquidity,index_neutral
2025-06-20,-0.044629186824593596,-0.001522337642247613,0.0,0.0,0.0,1091077390.91,0.8941581733215294,normal_liquidity,index_neutral
2025-06-23,-0.04471735389527507,-0.00025682930889048505,0.0,0.0,0.0,1146295937.511,0.940770032870849,normal_liquidity,index_neutral
2025-06-24,-0.04308159726610486,0.0014640043748129097,0.0,0.0,0.0,1447335571.017,1.1679823233732378,normal_liquidity,index_neutral
2025-06-25,-0.04254310497767107,0.0026132533198369523,0.0,0.0,0.0,1638480002.833,1.2902102473906463,high_liquidity,index_neutral
2025-06-26,-0.04227124525604665,0.0026009695106314424,0.0,0.0,0.0,1621853000.333,1.2481792634663609,high_liquidity,index_neutral
2025-06-27,-0.04010797975927335,0.0023440854723065295,0.0,0.0,0.0,1574769749.848,1.195279608034295,normal_liquidity,index_neutral
2025-06-30,-0.0399387314250615,0.005377204492172774,0.0,0.0,0.0,1515934414.441,1.1354237493609352,normal_liquidity,index_neutral
2025-07-01,-0.040076327725609595,0.0047117124962253246,0.0,0.0,0.0,1494997250.352,1.1059898116545253,normal_liquidity,index_neutral
2025-07-02,-0.041154159288513056,0.002693421918135986,0.0,0.0,0.0,1403740008.778,1.0298301150200786,normal_liquidity,index_neutral
2025-07-03,-0.04125061720966792,0.0017625494692149598,0.0,0.0,0.0,1332394990.0,0.9769074004230583,normal_liquidity,index_neutral
2025-07-04,-0.04168048888738382,0.0018506549412918097,0.0,0.0,0.0,1453421825.618,1.0549386685322006,normal_liquidity,index_neutral
2025-07-07,-0.040043552089556934,-3.141413118009526e-06,0.0,0.0,0.0,1225579460.762,0.8923611868662992,normal_liquidity,index_neutral
2025-07-08,-0.039804166385458147,0.0025405927484051134,0.0,0.0,0.0,1473515793.779,1.0719771195750987,normal_liquidity,index_neutral
2025-07-09,-0.04004194101037543,0.0024534156665301705,0.0,0.0,0.0,1526260389.199,1.1007244733729522,normal_liquidity,index_neutral
2025-07-10,-0.03967613945401784,-0.0004937632426098453,0.0,0.0,0.0,1513829372.326,1.083514615278657,normal_liquidity,index_neutral
2025-07-11,-0.03977928238030675,0.0017266111762123035,0.0,0.0,0.0,1733756775.974,1.2307588677779202,high_liquidity,index_neutral
2025-07-14,-0.03867416982056041,0.0008663387926259461,0.0,0.0,0.0,1479161339.334,1.041295853541416,normal_liquidity,index_neutral
2025-07-15,-0.03684727972754512,0.0033563187597401498,0.0,0.0,0.0,1633774926.294,1.1342765911166324,normal_liquidity,index_neutral
2025-07-16,-0.037287080703965754,0.0019181318348081898,0.0,0.0,0.0,1460380007.876,1.0055409796603831,normal_liquidity,index_neutral
2025-07-17,-0.039181984035976274,0.0028775875834108405,0.0,0.0,0.0,1559168791.401,1.063345363254714,normal_liquidity,index_neutral
2025-07-18,-0.03764882916270522,0.004254705948035836,0.0,0.0,0.0,1591329747.138,1.0670762748188884,normal_liquidity,index_neutral
2025-07-21,-0.03512654075580163,0.0014633263167844,0.0,0.0,0.0,1724971415.634,1.1346758745409988,normal_liquidity,index_neutral
2025-07-22,-0.03544615267833542,-0.0015514953106961404,0.0,0.0,0.0,1926967226.309,1.2478625511024382,high_liquidity,index_neutral
2025-07-23,-0.035796162427247494,-0.0019367143364870975,0.0,0.0,0.0,1896659907.784,1.2180537558190037,high_liquidity,index_neutral
2025-07-24,-0.035982799292688744,-0.001476397785780892,0.0,0.0,0.0,1872603095.169,1.1929985548845208,normal_liquidity,index_neutral
2025-07-25,-0.0365688080166043,0.00046072609365793737,0.0,0.0,0.0,1813942682.627,1.1468894483415293,normal_liquidity,index_neutral
2025-07-28,-0.03536719244214779,0.0007062022546949181,0.0,0.0,0.0,1764966317.611,1.107206795880389,normal_liquidity,index_neutral
2025-07-29,-0.03518777378340792,0.0027782520053651963,0.0,0.0,0.0,1828109702.998,1.1349595903978462,normal_liquidity,index_neutral
2025-07-30,-0.03413505486218188,0.003947316044451476,0.0,0.0,0.0,1869451318.674,1.1440864740918715,normal_liquidity,index_neutral
2025-07-31,-0.03040928768906752,0.006126461023646106,0.0,0.0,0.0,1960140025.712,1.1769788681451754,normal_liquidity,index_neutral
2025-08-01,-0.029556169768551792,0.008272392478457409,0.0,0.0,0.0,1618570315.002,0.9670860768586218,normal_liquidity,index_neutral
2025-08-04,-0.030257339240332626,0.010115970226389649,0.0,0.0,0.0,1517089544.521,0.8986259908751197,normal_liquidity,index_neutral
2025-08-05,-0.02795013557651847,0.009886674194213897,0.0,0.0,0.0,1613052820.203,0.9515360925872299,normal_liquidity,index_neutral
2025-08-06,-0.027662590016687385,0.011443836639476927,0.0,0.0,0.0,1753600650.959,1.0275547901399835,normal_liquidity,index_neutral
2025-08-07,-0.02761515294012271,0.01277305265965373,0.0,0.0,0.0,1845831397.918,1.0711795945142806,normal_liquidity,index_neutral
2025-08-08,-0.027415076805947423,0.010618040322636729,0.0,0.0,0.0,1732377240.288,1.00537970905821,normal_liquidity,index_neutral
2025-08-11,-0.028139159616356598,0.012824478943435209,0.0,0.0,0.0,1846644632.757,1.0603871123973616,normal_liquidity,index_neutral
2025-08-12,-0.029555537914177928,0.011442645076398776,0.0,0.0,0.0,1901157719.092,1.0833728982045434,normal_liquidity,index_neutral
2025-08-13,-0.029584880166347697,0.011618790317433616,0.0,0.0,0.0,2174228797.881,1.2142844905192993,high_liquidity,index_neutral
2025-08-14,-0.028188491008408107,0.009323969558720441,0.0,0.0,0.0,2305977288.904,1.2615558772689275,high_liquidity,index_neutral
2025-08-15,-0.029081155821428305,0.010634138728337565,0.0,0.0,0.0,2272611055.547,1.2205558228512419,high_liquidity,index_neutral
2025-08-18,-0.03164344156789004,0.013206053349643407,0.0,0.0,0.0,2808757248.505,1.4658436858339998,high_liquidity,index_neutral
2025-08-19,-0.031974189422180284,0.013450797728272278,0.0,0.0,0.0,2640387014.644,1.3527903858273616,high_liquidity,index_neutral
2025-08-20,-0.03115361095448729,0.012453622844915812,0.0,0.0,0.0,2448157370.307,1.236828649570548,high_liquidity,index_neutral
2025-08-21,-0.031645152376639354,0.011603515903955124,0.0,0.0,0.0,2459545214.603,1.22442802919379,high_liquidity,index_neutral
2025-08-22,-0.03151903592537188,0.012378210286819305,0.0,0.0,0.0,2578306970.678,1.2595858829751183,high_liquidity,index_neutral
2025-08-25,-0.031540064078319954,0.01086623769705378,0.0,0.0,0.0,3176426362.419,1.500068315987849,high_liquidity,index_neutral
2025-08-26,-0.03198891917145471,0.008769318492655458,0.0,0.0,0.0,2709135603.225,1.253317060366289,high_liquidity,index_neutral
2025-08-27,-0.029809471789003495,0.008985319772268597,0.0,0.0,0.0,3196649025.037,1.4348052692821547,high_liquidity,index_neutral
2025-08-28,-0.03326480068156978,0.0067362794908658995,0.0,0.0,0.0,3000253233.246,1.3159363393947545,high_liquidity,index_neutral
2025-08-29,-0.03375259882397476,0.0044151220719382475,0.0,0.0,0.0,2829684151.775,1.2090116677181035,high_liquidity,index_neutral
2025-09-01,-0.03218519739575376,0.0032667499168728175,0.0,0.0,0.0,2777354942.166,1.1555427194330175,normal_liquidity,index_neutral
2025-09-02,-0.03543553162976434,-0.0015541841901741316,0.0,0.0,0.0,2912044450.736,1.1797025505091867,normal_liquidity,index_neutral
2025-09-03,-0.033649821755749765,-0.0023516777208488974,0.0,0.0,0.0,2395387722.232,0.9579459225126029,normal_liquidity,index_neutral
2025-09-04,-0.03513503719728513,-0.006560254176120825,0.0,0.0,0.0,2581590246.408,1.017442100693333,normal_liquidity,index_neutral
2025-09-05,-0.03650217575337429,-0.002941563125533097,0.0,0.0,0.0,2348123054.352,0.9143350169795184,normal_liquidity,index_neutral
2025-09-08,-0.03560749823695188,-0.0038808813030742234,0.0,0.0,0.0,2462879715.095,0.9476503812868737,normal_liquidity,index_neutral
2025-09-09,-0.03747083206960324,-0.006437306415654145,0.0,0.0,0.0,2151870141.892,0.8240077021700579,normal_liquidity,index_neutral
2025-09-10,-0.037501036624428045,-0.006805584358615597,0.0,0.0,0.0,2003770353.07,0.7698087832552615,low_liquidity,index_neutral
2025-09-11,-0.04062011059021785,-0.003953757106311636,0.0,0.0,0.0,2463893766.224,0.9437163755366089,normal_liquidity,index_neutral
2025-09-12,-0.039751855732676526,-0.005648931991094681,0.0,0.0,0.0,2547661562.247,0.9706879052877938,normal_liquidity,index_neutral
2025-09-15,-0.03901341649647988,-0.007483151355934811,0.0,0.0,0.0,2303045380.154,0.8860223959301374,normal_liquidity,index_neutral
2025-09-16,-0.039372468643373314,-0.005551878020256834,0.0,0.0,0.0,2366965860.926,0.9154284326320523,normal_liquidity,index_neutral
2025-09-17,-0.03977818329651064,-0.0039004298759412557,0.0,0.0,0.0,2402872875.419,0.9301300454991807,normal_liquidity,index_neutral
2025-09-18,-0.03762369658992095,-0.002487628496287128,0.0,0.0,0.0,3166497084.823,1.2091771281232357,high_liquidity,index_neutral
2025-09-19,-0.03703095179654666,-0.004885435070276217,0.0,0.0,0.0,2348738680.092,0.900851739268328,normal_liquidity,index_neutral
2025-09-22,-0.03524878272988662,-0.002065531891228638,0.0,0.0,0.0,2142042494.242,0.8382012135487412,normal_liquidity,index_neutral
2025-09-23,-0.03447247940002079,-0.0017503147570315323,0.0,0.0,0.0,2518053138.521,0.9890353116731416,normal_liquidity,index_neutral
2025-09-24,-0.035749155255449305,-0.0001429767182255887,0.0,0.0,0.0,2346514691.331,0.9373078262004713,normal_liquidity,index_neutral
2025-09-25,-0.033957380826314824,0.00038557937255037644,0.0,0.0,0.0,2391370220.627,0.9669845487938862,normal_liquidity,index_neutral
2025-09-26,-0.0348086510327196,-0.0008708029976652801,0.0,0.0,0.0,2165778888.75,0.8876787778116646,normal_liquidity,index_neutral
2025-09-29,-0.03482701995912826,-0.0011041662765606983,0.0,0.0,0.0,2177775174.303,0.9036997322524581,normal_liquidity,index_neutral
2025-09-30,-0.0332077303007978,0.004184890966484521,0.0,0.0,0.0,2197033211.408,0.9254199452993807,normal_liquidity,index_neutral
2025-10-09,-0.03336824513580088,0.0035542761767042067,0.0,0.0,0.0,2671585024.473,1.1187996065848993,normal_liquidity,index_neutral
2025-10-10,-0.033251466105907776,0.0024301523150826922,0.0,0.0,0.0,2533911303.582,1.0622054003140535,normal_liquidity,index_neutral
2025-10-13,-0.03103844983328484,0.0009541876290292814,0.0,0.0,0.0,2373934166.294,0.9946055521512509,normal_liquidity,index_neutral
2025-10-14,-0.033736475108317225,-0.004495842092500292,0.0,0.0,0.0,2596384398.116,1.0847715711621817,normal_liquidity,index_neutral
2025-10-15,-0.03272460087616299,-0.0010653639020914059,0.0,0.0,0.0,2090129969.49,0.8743857910929688,normal_liquidity,index_neutral
2025-10-16,-0.032987195494130296,-0.0020569192044950367,0.0,0.0,0.0,1948440724.463,0.8160559034989621,normal_liquidity,index_neutral
2025-10-17,-0.033940136868945064,-0.0062182270235368745,0.0,0.0,0.0,1954194651.317,0.8272961359405502,normal_liquidity,index_neutral
2025-10-20,-0.034972090501437694,-0.005007043812547593,0.0,0.0,0.0,1751138434.121,0.7540468987325678,low_liquidity,index_neutral
2025-10-21,-0.03509416607977179,-0.0042360083714946374,0.0,0.0,0.0,1892536800.201,0.8222004526690762,normal_liquidity,index_neutral
2025-10-22,-0.03522635358845933,-0.006327405359684691,0.0,0.0,0.0,1690092333.417,0.7452066532751606,low_liquidity,index_neutral
2025-10-23,-0.03540374600831768,-0.007285175833844089,0.0,0.0,0.0,1660538482.488,0.7443575429955437,low_liquidity,index_neutral
2025-10-24,-0.036995535974386644,-0.003861775629755586,0.0,0.0,0.0,1991425089.112,0.9168282335986575,normal_liquidity,index_neutral
2025-10-27,-0.03784460084641764,-0.0018478313548135573,0.0,0.0,0.0,2356476285.441,1.0847002259601586,normal_liquidity,index_neutral
2025-10-28,-0.0387827046402625,-0.003781063505127698,0.0,0.0,0.0,2165165913.462,0.9961087879975156,normal_liquidity,index_neutral
2025-10-29,-0.03883718380480469,-0.0048302848533396765,0.0,0.0,0.0,2290529522.283,1.0593279642467328,normal_liquidity,index_neutral
2025-10-30,-0.039405041560004773,-0.006842069650341116,0.0,0.0,0.0,2464160589.94,1.1365372568515058,normal_liquidity,index_neutral
2025-10-31,-0.04133397295562343,-0.006717334651379221,0.0,0.0,0.0,2349690325.007,1.0847831741177107,normal_liquidity,index_neutral
2025-11-03,-0.0401591922283585,-0.0045234952372746615,0.0,0.0,0.0,2132712790.253,0.9853631144037482,normal_liquidity,index_neutral
2025-11-04,-0.041936980700599424,-0.006506636710550769,0.0,0.0,0.0,1938238323.735,0.900494327555142,normal_liquidity,index_neutral
2025-11-05,-0.04230534656329758,-0.008036917690450462,0.0,0.0,0.0,1894226682.283,0.8862809694387569,normal_liquidity,index_neutral
2025-11-06,-0.04332451661111289,-0.007657145879138872,0.0,0.0,0.0,2075802222.396,0.9849658687160305,normal_liquidity,index_neutral
2025-11-07,-0.04430171585010879,-0.005685524757579273,0.0,0.0,0.0,2020117894.012,0.9703722829839505,normal_liquidity,index_neutral
2025-11-10,-0.044584664831140874,-0.007035426685323161,0.0,0.0,0.0,2194280668.841,1.0585998346537653,normal_liquidity,index_neutral
2025-11-11,-0.043611525373909985,-0.004010152001620903,0.0,0.0,0.0,2013790653.68,0.9853726123971124,normal_liquidity,index_neutral
2025-11-12,-0.04380040822032219,-0.004827657729855813,0.0,0.0,0.0,1964716356.679,0.9643187934037355,normal_liquidity,index_neutral
2025-11-13,-0.044042859519460846,-0.004406614191264472,0.0,0.0,0.0,2065580442.993,1.0109186314167353,normal_liquidity,index_neutral
2025-11-14,-0.04294057974925577,-0.0028006364716514475,0.0,0.0,0.0,1980287873.965,0.9685570359758983,normal_liquidity,index_neutral
2025-11-17,-0.04294258034361146,-0.003232905327626243,0.0,0.0,0.0,1930232552.974,0.939958251512834,normal_liquidity,index_neutral
2025-11-18,-0.04194418133853833,-0.001921247754006518,0.0,0.0,0.0,1945844130.108,0.9463322778054128,normal_liquidity,index_neutral
2025-11-19,-0.041784386247599316,-0.0025903997317656066,0.0,0.0,0.0,1742280989.336,0.8462584280154638,normal_liquidity,index_neutral
2025-11-20,-0.041740978952287316,-0.0025156702044023876,0.0,0.0,0.0,1722095834.616,0.8352055075502993,normal_liquidity,index_neutral
2025-11-21,-0.04035767681218287,-0.005930536032486771,0.0,0.0,0.0,1982779707.698,0.961837172056461,normal_liquidity,index_neutral
2025-11-24,-0.04170644883880991,-0.0043644791330255195,0.0,0.0,0.0,1739822762.21,0.8567947902749813,normal_liquidity,index_neutral
2025-11-25,-0.04170878780234227,-0.003850615358853574,0.0,0.0,0.0,1825671526.134,0.90665100134812,normal_liquidity,index_neutral
2025-11-26,-0.04214106999995186,-0.003113491475331358,0.0,0.0,0.0,1797190474.216,0.9035756829980814,normal_liquidity,index_neutral
2025-11-27,-0.041914271161205226,-0.0014250773435306961,0.0,0.0,0.0,1723172379.591,0.8828058725341157,normal_liquidity,index_neutral
2025-11-28,-0.040657312617822565,-0.0020616086116411808,0.0,0.0,0.0,1597730794.393,0.8346167249927339,normal_liquidity,index_neutral
2025-12-01,-0.04056973273212442,-0.002036732666428506,0.0,0.0,0.0,1889449234.179,0.9933148085588713,normal_liquidity,index_neutral
2025-12-02,-0.04061036367737399,-0.002397319122290528,0.0,0.0,0.0,1607266719.958,0.8523823895354918,normal_liquidity,index_neutral
2025-12-03,-0.04146270975299778,-0.003500882746099435,0.0,0.0,0.0,1683556162.338,0.8978566502010844,normal_liquidity,index_neutral
2025-12-04,-0.04028741752781031,-0.0030737065149175173,0.0,0.0,0.0,1561665471.312,0.8444280330706578,normal_liquidity,index_neutral
2025-12-05,-0.03969248099562843,-0.00022005016981786627,0.0,0.0,0.0,1738952859.111,0.9474938399404684,normal_liquidity,index_neutral
2025-12-08,-0.039891168851308494,0.003031034420997999,0.0,0.0,0.0,2051611871.628,1.1222124342571462,normal_liquidity,index_neutral
2025-12-09,-0.038626818022063567,0.004170831571059385,0.0,0.0,0.0,1917598533.954,1.0516751534004716,normal_liquidity,index_neutral
2025-12-10,-0.03815211016729258,0.0031101698116691454,0.0,0.0,0.0,1791609915.373,0.9872651999862105,normal_liquidity,index_neutral
2025-12-11,-0.03742097505894416,0.002413557390141993,0.0,0.0,0.0,1885176177.805,1.0440141707520225,normal_liquidity,index_neutral
2025-12-12,-0.03652284440226217,0.003830758070924921,0.0,0.0,0.0,2118946563.0,1.1689883584397667,normal_liquidity,index_neutral
2025-12-15,-0.03671810797164488,0.0008058731653513516,0.0,0.0,0.0,1794376110.272,0.9936518179044285,normal_liquidity,index_neutral
2025-12-16,-0.03769049699087556,-0.0026515520731626658,0.0,0.0,0.0,1748053157.106,0.9733304404657819,normal_liquidity,index_neutral
2025-12-17,-0.0381594820741734,-0.0010524698659381583,0.0,0.0,0.0,1834334927.143,1.018761939766441,normal_liquidity,index_neutral
2025-12-18,-0.03798375476968479,-0.0005900124389707466,0.0,0.0,0.0,1676780544.118,0.9324319585500187,normal_liquidity,index_neutral
2025-12-19,-0.03769955437326429,-0.0007202099630047661,0.0,0.0,0.0,1748718068.348,0.9788052844113385,normal_liquidity,index_neutral
2025-12-22,-0.03616072228737571,-0.0023724347075679093,0.0,0.0,0.0,1882167567.473,1.0493204231165238,normal_liquidity,index_neutral
2025-12-23,-0.03582216244818767,-0.0023663004618094717,0.0,0.0,0.0,1921350467.735,1.0683158549886391,normal_liquidity,index_neutral
2025-12-24,-0.036290981917645446,-0.00016431923012351712,0.0,0.0,0.0,1897207031.77,1.051966465001731,normal_liquidity,index_neutral
2025-12-25,-0.03640853567452746,-0.0005961161984421548,0.0,0.0,0.0,1943870749.363,1.0712858063442559,normal_liquidity,index_neutral
2025-12-26,-0.03695955024198664,-0.0019974278288622214,0.0,0.0,0.0,2181038972.756,1.18297709909563,normal_liquidity,index_neutral
2025-12-29,-0.036587620306777126,-8.381320921074396e-05,0.0,0.0,0.0,2157655492.054,1.1618432668112024,normal_liquidity,index_neutral
2025-12-30,-0.035055557620638715,0.0022421530519272396,0.0,0.0,0.0,2161235295.435,1.146668446692478,normal_liquidity,index_neutral
2025-12-31,-0.03389007975351167,0.004584318264169288,0.0,0.0,0.0,2065670352.715,1.0849673096162342,normal_liquidity,index_neutral
2026-01-05,-0.035727110562743344,0.008278610476828442,0.0,0.0,0.0,2567163722.269,1.313680972806303,high_liquidity,index_neutral
2026-01-06,-0.034175468510816466,0.006553625163436376,0.0,0.0,0.0,2832210208.287,1.409874315160934,high_liquidity,index_neutral
2026-01-07,-0.03381313576529769,0.005854865019286374,0.0,0.0,0.0,2881487258.232,1.4053755573145803,high_liquidity,index_neutral
2026-01-08,-0.03443545616607642,0.0068053759982225565,0.0,0.0,0.0,2826183201.114,1.3485231078207882,high_liquidity,index_neutral
2026-01-09,-0.03454869712116903,0.009161002795355578,0.0,0.0,0.0,3152296163.046,1.4568360488577272,high_liquidity,index_neutral
2026-01-12,-0.035443990334036814,0.011730014548512073,0.0,0.0,0.0,3644540156.475,1.61852648421953,high_liquidity,index_neutral
2026-01-13,-0.03573477306309222,0.010016981407950364,0.0,0.0,0.0,3698731211.163,1.5869250690999752,high_liquidity,index_neutral
2026-01-14,-0.034782405549661666,0.013324717924393293,0.0,0.0,0.0,3986766332.963,1.6336708614285662,high_liquidity,index_neutral
2026-01-15,-0.03382242843659802,0.014618738229114431,0.0,0.0,0.0,2938426795.007,1.175421625102785,normal_liquidity,index_neutral
2026-01-16,-0.03245759214708413,0.01624944311352599,0.0,0.0,0.0,3056433809.383,1.1934548159332607,normal_liquidity,index_neutral
2026-01-19,-0.03030626719340589,0.01493063064973908,0.0,0.0,0.0,2732137410.999,1.0452882794398604,normal_liquidity,index_neutral
2026-01-20,-0.031478551278431785,0.013173624607924898,0.0,0.0,0.0,2804093990.062,1.0515878350970709,normal_liquidity,index_neutral
2026-01-21,-0.030978309439093566,0.013952552306162956,0.0,0.0,0.0,2623644356.25,0.9704236643116596,normal_liquidity,index_neutral
2026-01-22,-0.031045016985558338,0.012241523434438847,0.0,0.0,0.0,2716404578.145,0.9901743563876905,normal_liquidity,index_neutral
2026-01-23,-0.030411982005867987,0.012285484452093539,0.0,0.0,0.0,3118107722.921,1.1118607499320552,normal_liquidity,index_neutral
2026-01-26,-0.03091683184445848,0.009802790670246806,0.0,0.0,0.0,3280644397.75,1.142586588781119,normal_liquidity,index_neutral
2026-01-27,-0.029221531601221453,0.01257524848441418,0.0,0.0,0.0,2921453671.61,1.0045351329614218,normal_liquidity,index_neutral
2026-01-28,-0.03043099356982903,0.009034329720776424,0.0,0.0,0.0,2992289486.153,1.0143367923441402,normal_liquidity,index_neutral
2026-01-29,-0.03171559799849273,0.005992904959649859,0.0,0.0,0.0,3259417550.198,1.0846989909511242,normal_liquidity,index_neutral
2026-01-30,-0.03180349932410087,0.0063831423433719356,0.0,0.0,0.0,2862425410.436,0.9401205721224148,normal_liquidity,index_neutral
2026-02-02,-0.02820954623475308,0.004394641370980226,0.0,0.0,0.0,2606637984.538,0.855556436590361,normal_liquidity,index_neutral
2026-02-03,-0.03092127726980116,0.006347735141818985,0.0,0.0,0.0,2565612992.446,0.8457915939942312,normal_liquidity,index_neutral
2026-02-04,-0.030264638993152806,0.002481691700977481,0.0,0.0,0.0,2503262865.556,0.8304140677130376,normal_liquidity,index_neutral
2026-02-05,-0.030501610529491515,0.0009088993229120616,0.0,0.0,0.0,2194279690.357,0.7356244463416621,low_liquidity,index_neutral
2026-02-06,-0.029625198576811482,0.0001573919816032054,0.0,0.0,0.0,2163475055.528,0.737521678102659,low_liquidity,index_neutral
2026-02-09,-0.030030064134009708,-7.00952257956592e-05,0.0,0.0,0.0,2270179145.333,0.7924607557738169,low_liquidity,index_neutral
2026-02-10,-0.02872873414366935,0.0015594527557826567,0.0,0.0,0.0,2116652018.923,0.7598502661741403,low_liquidity,index_neutral
2026-02-11,-0.028867567515452015,-0.0005128905625676476,0.0,0.0,0.0,1994706670.814,0.7426269791553567,low_liquidity,index_neutral
2026-02-12,-0.027463336582948316,0.0015396733367714574,0.0,0.0,0.0,2156044126.76,0.8145559258142269,normal_liquidity,index_neutral
2026-02-13,-0.02716063069499714,0.001081775289440167,0.0,0.0,0.0,1995456568.647,0.7693040950188266,low_liquidity,index_neutral
2026-02-24,-0.027148025919517857,0.0009420910543585326,0.0,0.0,0.0,2215617537.878,0.8627725978761911,normal_liquidity,index_neutral
2026-02-25,-0.027072250822739,0.00364842594425206,0.0,0.0,0.0,2477417406.069,0.9708941294873055,normal_liquidity,index_neutral
2026-02-26,-0.026880856467889284,0.0038389227392643488,0.0,0.0,0.0,2551244061.971,1.0012470690758337,normal_liquidity,index_neutral
2026-02-27,-0.0272237713536617,0.004696942604451748,0.0,0.0,0.0,2500799213.548,0.985619688615486,normal_liquidity,index_neutral
2026-03-02,-0.02678217672402483,0.0016887193810638922,0.0,0.0,0.0,3041664250.928,1.2005950132302188,high_liquidity,index_neutral
2026-03-03,-0.028236588735794137,-0.0013938999456999542,0.0,0.0,0.0,3153786509.561,1.2479760055838285,high_liquidity,index_neutral
2026-03-04,-0.028210838982333623,-0.0020117728665407456,0.0,0.0,0.0,2385308727.87,0.9540037203022856,normal_liquidity,index_neutral
2026-03-05,-0.02757017764141982,0.0017253510589012315,0.0,0.0,0.0,2409341166.138,0.9749813366092277,normal_liquidity,index_neutral
2026-03-06,-0.02604548581161493,0.004785866599687588,0.0,0.0,0.0,2214644821.583,0.9155481247883437,normal_liquidity,index_neutral
2026-03-09,-0.02538943646850244,0.004575153857350297,0.0,0.0,0.0,2666612358.78,1.1068744463937714,normal_liquidity,index_neutral
2026-03-10,-0.027343802844498673,0.007315114153262635,0.0,0.0,0.0,2412008915.982,1.0052526384849838,normal_liquidity,index_neutral
2026-03-11,-0.026116531452363766,0.004662662275878432,0.0,0.0,0.0,2523762507.418,1.052746269214602,normal_liquidity,index_neutral
2026-03-12,-0.02725481401276995,0.005019278284330213,0.0,0.0,0.0,2456896688.239,1.0258463251188301,normal_liquidity,index_neutral
2026-03-13,-0.02763293462455641,0.00419381766606068,0.0,0.0,0.0,2414263299.649,1.003436935789255,normal_liquidity,index_neutral
2026-03-16,-0.02747717532564837,0.0057448607682570735,0.0,0.0,0.0,2337570844.105,0.968058957679126,normal_liquidity,index_neutral
2026-03-17,-0.028464833426772564,0.0013280253369539316,0.0,0.0,0.0,2220775463.049,0.9206322359947328,normal_liquidity,index_neutral
2026-03-18,-0.029792364372886175,0.00406051334195144,0.0,0.0,0.0,2055366347.502,0.8531449200423517,normal_liquidity,index_neutral
2026-03-19,-0.029057341617452905,0.004734667304283395,0.0,0.0,0.0,2122899770.208,0.8788386298507441,normal_liquidity,index_neutral
2026-03-20,-0.0300464152509511,0.0014429544721413414,0.0,0.0,0.0,2297855192.029,0.9484825958049321,normal_liquidity,index_neutral
2026-03-23,-0.029892311200011117,-0.0003148393931399983,0.0,0.0,0.0,2444175409.038,0.9996216451921093,normal_liquidity,index_neutral
2026-03-24,-0.02949748739610524,0.0015871300603466053,0.0,0.0,0.0,2092130247.168,0.8578079490246587,normal_liquidity,index_neutral
2026-03-25,-0.02784301455317321,0.0015667651706315214,0.0,0.0,0.0,2185418352.53,0.9014539156863348,normal_liquidity,index_neutral
2026-03-26,-0.028921652355365278,-0.001519940464633441,0.0,0.0,0.0,1951665783.209,0.8151139095681686,normal_liquidity,index_neutral
2026-03-27,-0.02910516063285986,-0.0006283274201609551,0.0,0.0,0.0,1859433165.09,0.7871352927284314,low_liquidity,index_neutral
2026-03-30,-0.02870784727671492,0.0009962949996380854,0.0,0.0,0.0,1923277536.431,0.8339018296772898,normal_liquidity,index_neutral
2026-03-31,-0.02841264051873863,0.0036404762086974956,0.0,0.0,0.0,1997007817.656,0.8881429462872713,normal_liquidity,index_neutral
2026-04-01,-0.030039682680698065,0.004933231195302939,0.0,0.0,0.0,2016629660.578,0.9042830485928994,normal_liquidity,index_neutral
2026-04-02,-0.03082037935407191,0.0014734784274986856,0.0,0.0,0.0,1851181021.347,0.8406134210830953,normal_liquidity,index_neutral
2026-04-03,-0.029440545137056618,0.003124782008606217,0.0,0.0,0.0,1663748881.997,0.7650707706344702,low_liquidity,index_neutral
2026-04-07,-0.028541711491399776,0.0028814176103894302,0.0,0.0,0.0,1619380582.752,0.7630408812568208,low_liquidity,index_neutral
2026-04-08,-0.02895864427677421,0.0033974614678716876,0.0,0.0,0.0,2439678610.082,1.148810717018146,normal_liquidity,index_neutral
2026-04-09,-0.02793800684351941,0.004867993144403469,0.0,0.0,0.0,2139453129.708,1.0166375535054624,normal_liquidity,index_neutral
2026-04-10,-0.027333921817401647,0.007638468182648721,0.0,0.0,0.0,2325890302.378,1.1086807334299482,normal_liquidity,index_neutral
2026-04-13,-0.026632373795998095,0.009357686446176136,0.0,0.0,0.0,2150465361.414,1.0315465928018757,normal_liquidity,index_neutral
2026-04-14,-0.026570945163566614,0.009832281680052185,0.0,0.0,0.0,2384793134.884,1.1426560149808827,normal_liquidity,index_neutral
2026-04-15,-0.024819597997071705,0.012841298103908955,0.0,0.0,0.0,2415969159.557,1.1522057392339915,normal_liquidity,index_neutral
2026-04-16,-0.02391501319318015,0.011180791488583846,0.0,0.0,0.0,2336734167.908,1.1069903555484943,normal_liquidity,index_neutral
2026-04-17,-0.023303435304643988,0.011338503896721825,0.0,0.0,0.0,2433632350.071,1.1444707493930444,normal_liquidity,index_neutral
2026-04-20,-0.022728945059124823,0.013296939009702123,0.0,0.0,0.0,2588604490.107,1.2090839197643728,high_liquidity,index_neutral
2026-04-21,-0.022988665122159458,0.01363838787642567,0.0,0.0,0.0,2399704315.803,1.122017834818694,normal_liquidity,index_neutral
2026-04-22,-0.023074775432520962,0.01405564738028704,0.0,0.0,0.0,2557739964.964,1.1830323050960008,normal_liquidity,index_neutral
2026-04-23,-0.02464023704963861,0.011516839287944315,0.0,0.0,0.0,2804312400.369,1.2787765800903383,high_liquidity,index_neutral
2026-04-24,-0.022867538844466146,0.012963685515793645,0.0,0.0,0.0,2628459528.325,1.1803726815340798,normal_liquidity,index_neutral
2026-04-27,-0.02213424487953288,0.01341303217844543,0.0,0.0,0.0,2581869017.364,1.1409424634763101,normal_liquidity,index_neutral
2026-04-28,-0.022245727627551552,0.011815042131736517,0.0,0.0,0.0,2530697568.096,1.1035190537831947,normal_liquidity,index_neutral
2026-04-29,-0.021143610648250107,0.012670100379661448,0.0,0.0,0.0,2585164391.727,1.1129971065347637,normal_liquidity,index_neutral
2026-04-30,-0.01756403969426821,0.01420421274882929,0.0,0.0,0.0,2731778615.222,1.1582877447338817,normal_liquidity,index_neutral
2026-05-06,-0.015793015459720502,0.016800980995785305,0.0,0.0,0.0,3214048335.128,1.324503462795151,high_liquidity,index_neutral
2026-05-07,-0.017573762545754525,0.01716827264792291,0.0,0.0,0.0,3134215627.269,1.253621286920464,high_liquidity,index_neutral
2026-05-08,-0.01782817765499036,0.017087122514216745,0.0,0.0,0.0,3039303925.081,1.1820907479193636,normal_liquidity,index_neutral
2026-05-11,-0.015440596877668543,0.017920001204265287,0.0,0.0,0.0,3522937247.511,1.341923771050652,high_liquidity,index_neutral
2026-05-12,-0.015560085749172559,0.017585714827571465,0.0,0.0,0.0,3227871482.849,1.2045601955627474,high_liquidity,index_neutral
2026-05-13,-0.01574815339314625,0.017841344650567522,0.0,0.0,0.0,3226112420.772,1.1840158332964803,normal_liquidity,index_neutral
2026-05-14,-0.015270993806656313,0.017467000461392723,0.0,0.0,0.0,3349814401.86,1.2029405982981967,high_liquidity,index_neutral
2026-05-15,-0.013469088876320486,0.017717302730534394,0.0,0.0,0.0,3326112473.52,1.174576733326433,normal_liquidity,index_neutral
2026-05-18,-0.013249550424771078,0.018690083294043692,0.0,0.0,0.0,2866477550.817,1.0042735958479674,normal_liquidity,index_neutral
2026-05-19,-0.012020619628594959,0.018668323861693075,0.0,0.0,0.0,2866631150.268,0.9950904823472092,normal_liquidity,index_neutral
2026-05-20,-0.010735013256768565,0.020036170532253542,0.0,0.0,0.0,2934248473.685,1.0097884417548812,normal_liquidity,index_neutral
2026-05-21,-0.010490156193775612,0.018509793977722944,0.0,0.0,0.0,3463736326.848,1.1743223596110628,normal_liquidity,index_neutral
2026-05-22,-0.010711757921997982,0.020155661730117843,0.0,0.0,0.0,2875476744.606,0.9670830460176448,normal_liquidity,index_neutral
2026-05-25,-0.010027638028388216,0.019569667875885058,0.0,0.0,0.0,3180180922.596,1.0584823114482393,normal_liquidity,index_neutral
2026-05-26,-0.009069192560377857,0.019205314877670465,0.0,0.0,0.0,3221229218.949,1.064757136362886,normal_liquidity,index_neutral
2026-05-27,-0.008290903846405986,0.0187975911341675,0.0,0.0,0.0,3212124194.696,1.0516034089436577,normal_liquidity,index_neutral
2026-05-28,-0.007150716875022952,0.018393133576226222,0.0,0.0,0.0,2948166946.4440002,0.9594347861405567,normal_liquidity,index_neutral
2026-05-29,-0.008208210834348579,0.014557385821108031,0.0,0.0,0.0,3297718153.1034,1.059961646920102,normal_liquidity,index_neutral
2026-06-01,-0.007606550707614519,0.012691519157367354,0.0,0.0,0.0,2860650244.0001,0.9154251495840393,normal_liquidity,index_neutral
2026-06-02,-0.007183023387818324,0.011472163939501807,0.0,0.0,0.0,2779301790.7515,0.8887173917174418,normal_liquidity,index_neutral
2026-06-03,-0.006518027156261573,0.010840248577349679,0.0,0.0,0.0,3115326079.5464,0.997740286187033,normal_liquidity,index_neutral
2026-06-04,-0.005234664927477334,0.010522346725746666,0.0,0.0,0.0,2744685553.075,0.8845534486634503,normal_liquidity,index_neutral
2026-06-05,-0.005186972953699516,0.010000489640901616,0.0,0.0,0.0,3062100804.891,0.9864872117913903,normal_liquidity,index_neutral
2026-06-08,-0.006007179391862639,0.005870862187717146,0.0,0.0,0.0,2793306657.3456,0.9105945434951775,normal_liquidity,index_neutral
2026-06-09,-0.0064799303118485765,0.008550028194280256,0.0,0.0,0.0,2633411755.9058,0.8668696316108199,normal_liquidity,index_neutral
2026-06-10,-0.006638360113895438,0.007181407211620842,0.0,0.0,0.0,2611685120.1755,0.8685006885405768,normal_liquidity,index_neutral
2026-06-11,-0.0066605932837486255,0.007333317252870635,0.0,0.0,0.0,2545483487.8115,0.8579598862029427,normal_liquidity,index_neutral
2026-06-12,-0.006740553242635362,0.005502331595266362,0.0,0.0,0.0,3206357667.3696,1.0828942168286795,normal_liquidity,index_neutral
2026-06-15,-0.007665761434938295,0.006037455787825362,0.0,0.0,0.0,3023085530.6218,1.018304092551965,normal_liquidity,index_neutral
2026-06-16,-0.007909763989289397,0.008191092366643964,0.0,0.0,0.0,3054024408.3206,1.025489077547579,normal_liquidity,index_neutral
2026-06-17,-0.007613938377067532,0.008571053589561816,0.0,0.0,0.0,3077026289.7192,1.030741906086804,normal_liquidity,index_neutral
2026-06-18,-0.006235854300320084,0.012461863768663562,0.0,0.0,0.0,3298437382.6644,1.1079777052214883,normal_liquidity,index_neutral
2026-06-22,-0.005754691125527404,0.010213614548475847,0.0,0.0,0.0,3726320993.2397,1.2340727072225495,high_liquidity,index_neutral
2026-06-23,-0.005301428000995416,0.009981295509304027,0.0,0.0,0.0,3437095120.6606,1.1334656832086965,normal_liquidity,index_neutral
2026-06-24,-0.003167036885989134,0.013183097046697416,0.0,0.0,0.0,3266586237.8284,1.076431193187734,normal_liquidity,index_neutral
2026-06-25,-0.003185940484595723,0.013281740363091035,0.0,0.0,0.0,3574987448.5927,1.171056616083324,normal_liquidity,index_neutral
2026-06-26,-0.0032864276235686826,0.01291416337195781,0.0,0.0,0.0,3522267964.3747,1.143039441999033,normal_liquidity,index_neutral
2026-06-29,-0.0022344721201397397,0.017100555574185747,0.0,0.0,0.0,3498540649.7125,1.1316519833102967,normal_liquidity,index_neutral
2026-06-30,-0.002092697362045961,0.02112598594973668,0.0,0.0,0.0,3249517407.916,1.0445326248944755,normal_liquidity,index_neutral
2026-07-01,-0.0010271153861950563,0.021968698061700303,0.0,0.0,0.0,3633582741.9285,1.1521681122444851,normal_liquidity,index_neutral
2026-07-02,-0.0013469856324267821,0.02068827697164697,0.0,0.0,0.0,3412433257.2916,1.0769710680852802,normal_liquidity,index_neutral
2026-07-03,-0.0013838398765249663,0.02070051010076132,0.0,0.0,0.0,3162544445.0314,0.9915673831486985,normal_liquidity,index_neutral
2026-07-06,-0.0017397162590971787,0.018486888874847816,0.0,0.0,0.0,3069117096.7828,0.962168837346644,normal_liquidity,index_neutral
2026-07-07,-0.0001260140686077812,0.01949816613561324,0.0,0.0,0.0,2564574030.4981,0.8068874862183718,normal_liquidity,index_neutral
2026-07-08,0.00018752912197651043,0.017020162798684835,0.0,0.0,0.0,2547724026.5645,0.8026679863518958,normal_liquidity,index_neutral
2026-07-09,0.0005053992364168279,0.019847347340231945,0.0,0.0,0.0,2891659047.3982,0.90702544927361,normal_liquidity,index_neutral
2026-07-10,0.0010403518481653968,0.01978766661051913,0.0,0.0,0.0,3361333746.5882,1.0410277745553065,normal_liquidity,index_neutral
2026-07-13,-0.0008987698766730183,0.01551472479276343,0.0,0.0,0.0,2801128225.9019,0.8730065557416223,normal_liquidity,index_neutral
2026-07-14,0.0008482403601153968,0.013322306427157852,0.0,0.0,0.0,2690085122.687,0.8427718879184387,normal_liquidity,index_neutral
2026-07-15,0.0006520631102086302,0.009964590393255344,0.0,0.0,0.0,2560797312.0267,0.8085142149210305,normal_liquidity,index_neutral
2026-07-16,-0.0007207102659497918,0.007450586189703005,0.0,0.0,0.0,2394275542.8846,0.7641751096610226,low_liquidity,index_neutral
2026-07-17,-0.004446979145180524,0.0009328512241466202,0.0,0.0,0.0,2643256100.4297,0.8525556365527504,normal_liquidity,index_neutral
2026-07-20,-0.006228481336404083,-0.0005034210015329182,0.0,0.0,0.0,2690460426.815,0.8825237581930331,normal_liquidity,index_neutral
2026-07-21,-0.007516044009703829,0.0010115693839411594,0.0,0.0,0.0,2943004081.96,0.973249832664688,normal_liquidity,index_neutral
2026-07-22,-0.009931295944147538,-0.0010468267421736733,0.0,0.0,0.0,2636059825.5519,0.8809278578183535,normal_liquidity,index_neutral
2026-07-23,-0.00977693113034535,-0.0017182446293125576,0.0,0.0,0.0,2182948029.5249,0.7468775937759986,low_liquidity,index_neutral
2026-07-24,-0.009588498523232208,-0.0013094401222683311,0.0,0.0,0.0,1920948355.5857,0.6757479548538221,low_liquidity,index_neutral
2026-07-27,-0.017111458996469063,-0.005497756707988958,0.0,0.0,0.0,1947083987.5924,0.7041572559608169,low_liquidity,index_neutral
2026-07-28,-0.018531447888460065,-0.008455432991365943,0.0,0.0,0.0,1994699864.7897,0.7381255081384991,low_liquidity,index_neutral
2026-07-29,-0.01881223800091317,-0.009621795167006056,0.0,0.0,0.0,2265408392.623,0.8600714254995566,normal_liquidity,index_neutral
2026-07-30,-0.020834527964195437,-0.011299126370223254,0.0,0.0,0.0,2311245227.9439,0.8962074585475049,normal_liquidity,index_neutral
2026-07-31,-0.022886254679500288,-0.010442648197561164,0.0,0.0,0.0,2559313986.7459,1.004142359919001,normal_liquidity,index_neutral
